order_id,order_date,origin_warehouse,destination_city,carrier,route_type,package_weight_lbs,promised_delivery_date,actual_delivery_date,weather_conditions,delay_reason
FTL-00001,2025-10-02,Atlanta,Boston,LogiPro,Express,2.9,2025-10-08,2025-10-08,Clear,None
FTL-00002,2025-04-24,Denver,Miami,FastShip,Economy,42.7,2025-04-30,2025-04-29,Rain,None
FTL-00003,2025-08-21,Atlanta,San Francisco,FastShip,Express,9.2,2025-08-27,2025-08-27,Clear,None
FTL-00004,2025-03-23,Atlanta,Dallas,QuickMove,Economy,44.2,2025-03-27,2025-03-26,Rain,None
FTL-00005,2025-02-27,Chicago,Los Angeles,FastShip,Economy,8.2,2025-03-02,2025-03-05,Snow,Warehouse processing
FTL-00006,2025-08-04,Atlanta,Dallas,LogiPro,Economy,43.7,2025-08-09,2025-08-09,Clear,None
FTL-00007,2025-02-13,Atlanta,Boston,LogiPro,Express,15.0,2025-02-18,2025-02-20,Clear,Carrier delay
FTL-00008,2025-08-29,Atlanta,New York,LogiPro,Express,41.7,2025-09-05,2025-09-04,Clear,None
FTL-00009,2025-04-27,Denver,Nashville,FastShip,Express,20.1,2025-05-04,2025-05-04,Clear,None
FTL-00010,2025-08-26,Phoenix,Nashville,QuickMove,Express,1.1,2025-09-02,2025-09-01,Fog,None
FTL-00011,2025-08-01,Denver,Miami,QuickMove,Express,4.4,2025-08-07,2025-08-06,Rain,None
FTL-00012,2025-08-20,Phoenix,San Francisco,FastShip,Economy,44.1,2025-08-27,2025-08-30,Rain,Carrier delay
FTL-00013,2025-12-18,Phoenix,Seattle,QuickMove,Economy,10.9,2025-12-24,2025-12-24,Clear,None
FTL-00014,2025-09-16,Denver,San Francisco,QuickMove,Express,12.9,2025-09-23,2025-09-23,Rain,None
FTL-00015,2025-01-31,Phoenix,Houston,LogiPro,Economy,1.2,2025-02-05,2025-02-05,Snow,None
FTL-00016,2025-12-22,Phoenix,Minneapolis,QuickMove,Economy,27.9,2025-12-28,2026-01-01,Snow,Vehicle breakdown
FTL-00017,2025-02-22,Chicago,Minneapolis,FastShip,Express,8.3,2025-02-26,2025-02-27,Snow,Address issue
FTL-00018,2025-11-06,Phoenix,New York,QuickMove,Economy,24.0,2025-11-11,2025-11-13,Clear,Sorting error
FTL-00019,2025-03-25,Phoenix,Boston,QuickMove,Express,1.0,2025-04-01,2025-04-02,Clear,Carrier delay
FTL-00020,2025-06-17,Phoenix,New York,FastShip,Economy,41.7,2025-06-21,2025-06-20,Rain,None
FTL-00021,2025-05-12,Denver,New York,FastShip,Economy,2.1,2025-05-15,2025-05-16,Clear,Address issue
FTL-00022,2025-06-07,Phoenix,New York,QuickMove,Express,12.0,2025-06-13,2025-06-13,Clear,None
FTL-00023,2025-12-23,Phoenix,Minneapolis,FastShip,Economy,12.9,2025-12-27,2026-01-01,Rain,Warehouse processing
FTL-00024,2025-09-11,Atlanta,Los Angeles,LogiPro,Economy,30.5,2025-09-16,2025-09-16,Clear,None
FTL-00025,2025-06-30,Chicago,Nashville,QuickMove,Express,21.5,2025-07-07,2025-07-12,Clear,Carrier delay
FTL-00026,2025-04-05,Chicago,Dallas,LogiPro,Express,13.9,2025-04-12,2025-04-12,Clear,None
FTL-00027,2025-11-04,Denver,New York,QuickMove,Express,35.5,2025-11-07,2025-11-07,Clear,None
FTL-00028,2025-05-20,Chicago,Houston,QuickMove,Express,6.8,2025-05-23,2025-05-23,Clear,None
FTL-00029,2025-05-22,Denver,San Francisco,QuickMove,Economy,38.3,2025-05-26,2025-05-25,Rain,None
FTL-00030,2025-04-19,Chicago,Boston,QuickMove,Economy,33.1,2025-04-23,2025-04-23,Clear,None
FTL-00031,2025-04-19,Chicago,Minneapolis,FastShip,Express,29.6,2025-04-24,2025-04-24,Rain,None
FTL-00032,2025-05-30,Chicago,Los Angeles,QuickMove,Express,8.4,2025-06-02,2025-06-02,Fog,None
FTL-00033,2025-03-28,Chicago,Boston,FastShip,Express,3.3,2025-04-03,2025-04-03,Fog,None
FTL-00034,2025-04-28,Atlanta,Nashville,FastShip,Express,23.1,2025-05-02,2025-05-05,Clear,Weather disruption
FTL-00035,2025-02-07,Denver,Boston,FastShip,Economy,4.5,2025-02-14,2025-02-14,Clear,None
FTL-00036,2025-07-16,Chicago,Dallas,FastShip,Express,15.0,2025-07-23,2025-07-23,Fog,None
FTL-00037,2025-04-22,Phoenix,Dallas,QuickMove,Express,26.2,2025-04-29,2025-05-02,Fog,Carrier delay
FTL-00038,2025-09-03,Phoenix,Los Angeles,LogiPro,Economy,25.9,2025-09-07,2025-09-07,Rain,None
FTL-00039,2025-09-26,Chicago,Miami,LogiPro,Express,29.3,2025-10-01,2025-10-01,Clear,None
FTL-00040,2025-07-15,Denver,Seattle,QuickMove,Economy,19.8,2025-07-22,2025-07-26,Rain,Carrier delay
FTL-00041,2025-03-18,Chicago,San Francisco,QuickMove,Express,2.3,2025-03-22,2025-03-21,Snow,None
FTL-00042,2025-10-11,Atlanta,Houston,FastShip,Express,26.9,2025-10-14,2025-10-14,Fog,None
FTL-00043,2025-06-22,Chicago,Miami,QuickMove,Express,9.0,2025-06-28,2025-07-01,Clear,Vehicle breakdown
FTL-00044,2025-09-02,Phoenix,Miami,FastShip,Economy,15.4,2025-09-09,2025-09-08,Clear,None
FTL-00045,2025-12-13,Phoenix,New York,QuickMove,Express,22.7,2025-12-18,2025-12-17,Clear,None
FTL-00046,2025-07-09,Phoenix,Houston,QuickMove,Economy,11.7,2025-07-13,2025-07-17,Clear,Carrier delay
FTL-00047,2025-01-06,Denver,Houston,FastShip,Economy,32.2,2025-01-12,2025-01-12,Snow,None
FTL-00048,2025-04-21,Atlanta,Dallas,FastShip,Express,11.8,2025-04-25,2025-04-25,Clear,None
FTL-00049,2025-08-17,Atlanta,Seattle,QuickMove,Economy,1.3,2025-08-20,2025-08-20,Snow,None
FTL-00050,2025-05-02,Chicago,Miami,FastShip,Economy,2.6,2025-05-08,2025-05-12,Rain,Warehouse processing
FTL-00051,2025-03-10,Phoenix,New York,QuickMove,Express,28.4,2025-03-13,2025-03-17,Clear,Sorting error
FTL-00052,2025-08-30,Atlanta,Houston,FastShip,Express,38.3,2025-09-06,2025-09-06,Clear,None
FTL-00053,2025-01-02,Chicago,Los Angeles,FastShip,Express,27.7,2025-01-06,2025-01-06,Snow,None
FTL-00054,2025-04-12,Chicago,San Francisco,LogiPro,Express,31.2,2025-04-15,2025-04-14,Clear,None
FTL-00055,2025-12-10,Phoenix,Houston,FastShip,Express,39.3,2025-12-15,2025-12-14,Clear,None
FTL-00056,2025-01-01,Atlanta,Miami,QuickMove,Express,8.0,2025-01-08,2025-01-08,Clear,None
FTL-00057,2025-06-16,Chicago,Dallas,LogiPro,Economy,3.8,2025-06-23,2025-06-23,Clear,None
FTL-00058,2025-09-18,Atlanta,San Francisco,LogiPro,Economy,47.9,2025-09-25,2025-09-25,Rain,None
FTL-00059,2025-08-09,Chicago,Los Angeles,LogiPro,Economy,27.1,2025-08-15,2025-08-15,Clear,None
FTL-00060,2025-08-09,Atlanta,Miami,LogiPro,Economy,40.6,2025-08-14,2025-08-14,Rain,None
FTL-00061,2025-07-17,Denver,New York,FastShip,Express,42.6,2025-07-20,2025-07-19,Fog,None
FTL-00062,2025-11-09,Chicago,Nashville,QuickMove,Express,20.7,2025-11-14,2025-11-14,Snow,None
FTL-00063,2025-09-30,Atlanta,Nashville,QuickMove,Economy,11.6,2025-10-04,2025-10-03,Snow,None
FTL-00064,2025-05-05,Atlanta,Miami,QuickMove,Economy,45.3,2025-05-10,2025-05-10,Clear,None
FTL-00065,2025-12-13,Chicago,Los Angeles,QuickMove,Economy,10.6,2025-12-18,2025-12-17,Clear,None
FTL-00066,2025-09-08,Denver,Miami,FastShip,Express,33.0,2025-09-12,2025-09-12,Clear,None
FTL-00067,2025-11-23,Denver,Miami,FastShip,Express,23.0,2025-11-29,2025-11-29,Rain,None
FTL-00068,2025-06-29,Atlanta,San Francisco,LogiPro,Express,48.5,2025-07-02,2025-07-01,Rain,None
FTL-00069,2025-04-26,Phoenix,Seattle,LogiPro,Express,4.4,2025-05-01,2025-04-30,Clear,None
FTL-00070,2025-06-19,Denver,Boston,FastShip,Economy,12.6,2025-06-22,2025-06-22,Clear,None
FTL-00071,2025-11-03,Atlanta,Dallas,QuickMove,Economy,5.0,2025-11-10,2025-11-09,Clear,None
FTL-00072,2025-08-27,Denver,San Francisco,FastShip,Economy,23.3,2025-08-31,2025-08-31,Rain,None
FTL-00073,2025-08-15,Phoenix,Dallas,LogiPro,Express,1.6,2025-08-22,2025-08-21,Rain,None
FTL-00074,2025-09-11,Denver,San Francisco,QuickMove,Economy,43.7,2025-09-18,2025-09-17,Snow,None
FTL-00075,2025-01-15,Atlanta,Miami,QuickMove,Express,31.4,2025-01-19,2025-01-19,Fog,None
FTL-00076,2025-10-13,Denver,San Francisco,LogiPro,Economy,30.0,2025-10-20,2025-10-19,Clear,None
FTL-00077,2025-01-22,Atlanta,Miami,QuickMove,Express,44.8,2025-01-28,2025-01-27,Fog,None
FTL-00078,2025-11-18,Phoenix,Los Angeles,QuickMove,Economy,15.9,2025-11-23,2025-11-23,Rain,None
FTL-00079,2025-12-26,Denver,New York,LogiPro,Economy,18.7,2025-12-31,2025-12-31,Clear,None
FTL-00080,2025-11-25,Chicago,New York,FastShip,Economy,4.9,2025-12-01,2025-12-01,Snow,None
FTL-00081,2025-04-25,Atlanta,Nashville,LogiPro,Economy,40.4,2025-04-28,2025-04-27,Clear,None
FTL-00082,2025-09-23,Chicago,Miami,QuickMove,Economy,26.9,2025-09-30,2025-09-29,Rain,None
FTL-00083,2025-08-01,Atlanta,Dallas,FastShip,Economy,24.8,2025-08-06,2025-08-06,Clear,None
FTL-00084,2025-07-06,Phoenix,Los Angeles,FastShip,Express,23.6,2025-07-11,2025-07-10,Fog,None
FTL-00085,2025-02-16,Chicago,Nashville,FastShip,Economy,13.9,2025-02-22,2025-02-21,Clear,None
FTL-00086,2025-12-19,Atlanta,Seattle,QuickMove,Economy,24.3,2025-12-25,2025-12-24,Snow,None
FTL-00087,2025-07-14,Denver,Miami,FastShip,Express,29.2,2025-07-17,2025-07-16,Clear,None
FTL-00088,2025-10-26,Denver,San Francisco,FastShip,Express,25.6,2025-11-02,2025-11-02,Clear,None
FTL-00089,2025-12-20,Denver,Boston,FastShip,Economy,2.7,2025-12-25,2025-12-25,Rain,None
FTL-00090,2025-02-21,Denver,Minneapolis,FastShip,Economy,49.3,2025-02-28,2025-02-27,Snow,None
FTL-00091,2025-01-08,Denver,Houston,QuickMove,Express,39.0,2025-01-15,2025-01-15,Snow,None
FTL-00092,2025-02-08,Denver,Minneapolis,LogiPro,Economy,34.3,2025-02-11,2025-02-10,Rain,None
FTL-00093,2025-07-11,Denver,Los Angeles,LogiPro,Express,41.1,2025-07-16,2025-07-15,Clear,None
FTL-00094,2025-04-24,Denver,Miami,LogiPro,Economy,3.5,2025-04-29,2025-04-28,Clear,None
FTL-00095,2025-08-08,Atlanta,Seattle,FastShip,Express,1.6,2025-08-15,2025-08-15,Clear,None
FTL-00096,2025-04-29,Denver,Nashville,FastShip,Economy,49.9,2025-05-04,2025-05-04,Clear,None
FTL-00097,2025-12-08,Denver,Dallas,LogiPro,Economy,1.8,2025-12-12,2025-12-12,Snow,None
FTL-00098,2025-02-25,Atlanta,Miami,QuickMove,Economy,29.9,2025-03-01,2025-03-06,Clear,Vehicle breakdown
FTL-00099,2025-12-23,Denver,Houston,LogiPro,Express,32.6,2025-12-28,2025-12-28,Rain,None
FTL-00100,2025-10-25,Chicago,Miami,FastShip,Express,15.2,2025-10-28,2025-10-30,Clear,Weather disruption
FTL-00101,2025-12-22,Phoenix,Dallas,QuickMove,Economy,33.3,2025-12-26,2025-12-28,Clear,Vehicle breakdown
FTL-00102,2025-01-14,Denver,San Francisco,QuickMove,Express,6.5,2025-01-19,2025-01-18,Rain,None
FTL-00103,2025-04-08,Chicago,Los Angeles,FastShip,Economy,28.5,2025-04-14,2025-04-13,Clear,None
FTL-00104,2025-12-11,Atlanta,Dallas,QuickMove,Economy,30.8,2025-12-16,2025-12-15,Snow,None
FTL-00105,2025-09-09,Denver,Miami,QuickMove,Economy,19.4,2025-09-16,2025-09-18,Rain,Sorting error
FTL-00106,2025-06-28,Denver,Miami,QuickMove,Economy,5.5,2025-07-04,2025-07-03,Clear,None
FTL-00107,2025-02-24,Phoenix,Houston,QuickMove,Economy,30.7,2025-03-01,2025-03-03,Snow,Vehicle breakdown
FTL-00108,2025-10-25,Phoenix,Nashville,QuickMove,Economy,13.5,2025-11-01,2025-11-03,Clear,Address issue
FTL-00109,2025-05-31,Chicago,Nashville,QuickMove,Express,18.3,2025-06-06,2025-06-05,Fog,None
FTL-00110,2025-09-27,Denver,Nashville,FastShip,Express,26.8,2025-10-03,2025-10-03,Rain,None
FTL-00111,2025-05-23,Phoenix,Boston,FastShip,Express,2.8,2025-05-26,2025-05-30,Clear,Warehouse processing
FTL-00112,2025-12-26,Atlanta,San Francisco,QuickMove,Economy,47.1,2025-12-31,2025-12-30,Snow,None
FTL-00113,2025-04-21,Phoenix,Los Angeles,QuickMove,Express,45.7,2025-04-25,2025-04-25,Clear,None
FTL-00114,2025-07-10,Atlanta,Seattle,QuickMove,Economy,1.9,2025-07-14,2025-07-14,Clear,None
FTL-00115,2025-09-21,Denver,Dallas,FastShip,Economy,38.2,2025-09-25,2025-09-25,Clear,None
FTL-00116,2025-08-27,Chicago,Houston,FastShip,Economy,42.5,2025-09-03,2025-09-02,Fog,None
FTL-00117,2025-12-27,Atlanta,Nashville,QuickMove,Express,31.4,2026-01-01,2026-01-06,Clear,Vehicle breakdown
FTL-00118,2025-12-12,Denver,Boston,QuickMove,Economy,29.1,2025-12-15,2025-12-16,Clear,Sorting error
FTL-00119,2025-07-24,Atlanta,Miami,FastShip,Economy,22.8,2025-07-31,2025-08-02,Fog,Weather disruption
FTL-00120,2025-05-29,Denver,Boston,LogiPro,Express,25.4,2025-06-03,2025-06-02,Rain,None
FTL-00121,2025-11-19,Denver,San Francisco,LogiPro,Economy,35.2,2025-11-26,2025-11-25,Fog,None
FTL-00122,2025-09-24,Atlanta,Boston,FastShip,Express,23.0,2025-09-30,2025-10-04,Fog,Customs hold
FTL-00123,2025-10-04,Phoenix,Minneapolis,LogiPro,Express,31.0,2025-10-11,2025-10-11,Clear,None
FTL-00124,2025-07-31,Denver,Nashville,FastShip,Economy,26.7,2025-08-07,2025-08-06,Clear,None
FTL-00125,2025-02-16,Phoenix,Seattle,LogiPro,Economy,46.9,2025-02-21,2025-02-21,Fog,None
FTL-00126,2025-02-15,Phoenix,San Francisco,QuickMove,Express,22.1,2025-02-20,2025-02-19,Clear,None
FTL-00127,2025-04-27,Phoenix,Los Angeles,QuickMove,Economy,36.7,2025-05-04,2025-05-08,Clear,Weather disruption
FTL-00128,2025-10-28,Atlanta,Nashville,QuickMove,Express,43.2,2025-11-02,2025-11-06,Rain,Carrier delay
FTL-00129,2025-04-04,Chicago,Los Angeles,QuickMove,Economy,44.5,2025-04-11,2025-04-14,Rain,Carrier delay
FTL-00130,2025-05-13,Phoenix,San Francisco,FastShip,Economy,32.6,2025-05-20,2025-05-19,Clear,None
FTL-00131,2025-03-09,Denver,Seattle,QuickMove,Economy,12.2,2025-03-16,2025-03-16,Snow,None
FTL-00132,2025-10-16,Chicago,Los Angeles,FastShip,Express,22.7,2025-10-21,2025-10-21,Clear,None
FTL-00133,2025-11-16,Chicago,Boston,LogiPro,Economy,16.5,2025-11-20,2025-11-20,Snow,None
FTL-00134,2025-08-05,Phoenix,Los Angeles,QuickMove,Economy,45.8,2025-08-12,2025-08-14,Clear,Carrier delay
FTL-00135,2025-05-19,Atlanta,Los Angeles,FastShip,Economy,48.3,2025-05-26,2025-05-25,Clear,None
FTL-00136,2025-02-12,Denver,Boston,FastShip,Economy,47.1,2025-02-17,2025-02-17,Clear,None
FTL-00137,2025-06-12,Phoenix,Nashville,LogiPro,Economy,8.1,2025-06-17,2025-06-17,Clear,None
FTL-00138,2025-05-01,Phoenix,Dallas,FastShip,Express,16.9,2025-05-05,2025-05-05,Clear,None
FTL-00139,2025-07-30,Chicago,San Francisco,FastShip,Economy,34.2,2025-08-04,2025-08-03,Clear,None
FTL-00140,2025-06-13,Phoenix,Houston,FastShip,Express,11.6,2025-06-16,2025-06-16,Clear,None
FTL-00141,2025-09-08,Phoenix,Miami,QuickMove,Economy,18.3,2025-09-13,2025-09-12,Fog,None
FTL-00142,2025-01-24,Phoenix,Dallas,LogiPro,Express,18.0,2025-01-27,2025-01-30,Snow,Sorting error
FTL-00143,2025-09-04,Denver,Los Angeles,LogiPro,Express,15.7,2025-09-11,2025-09-12,Fog,Weather disruption
FTL-00144,2025-04-05,Denver,Boston,QuickMove,Express,27.4,2025-04-08,2025-04-07,Clear,None
FTL-00145,2025-06-24,Denver,Seattle,FastShip,Economy,1.2,2025-07-01,2025-07-04,Rain,Vehicle breakdown
FTL-00146,2025-11-02,Phoenix,New York,LogiPro,Express,10.4,2025-11-07,2025-11-07,Clear,None
FTL-00147,2025-02-01,Denver,Nashville,FastShip,Economy,22.2,2025-02-08,2025-02-07,Rain,None
FTL-00148,2025-09-19,Phoenix,Minneapolis,FastShip,Economy,4.9,2025-09-26,2025-10-01,Rain,Weather disruption
FTL-00149,2025-03-18,Denver,Boston,FastShip,Economy,12.0,2025-03-24,2025-03-24,Snow,None
FTL-00150,2025-04-28,Chicago,Minneapolis,QuickMove,Express,44.3,2025-05-05,2025-05-05,Clear,None
FTL-00151,2025-08-02,Phoenix,Miami,QuickMove,Express,34.8,2025-08-05,2025-08-10,Rain,Weather disruption
FTL-00152,2025-09-10,Denver,Dallas,QuickMove,Express,34.4,2025-09-14,2025-09-18,Fog,Carrier delay
FTL-00153,2025-01-31,Phoenix,Houston,FastShip,Economy,2.8,2025-02-06,2025-02-05,Clear,None
FTL-00154,2025-02-21,Chicago,Minneapolis,QuickMove,Express,26.1,2025-02-26,2025-03-02,Rain,Carrier delay
FTL-00155,2025-02-14,Denver,Houston,QuickMove,Economy,28.9,2025-02-18,2025-02-18,Snow,None
FTL-00156,2025-04-06,Atlanta,New York,LogiPro,Economy,44.9,2025-04-09,2025-04-09,Clear,None
FTL-00157,2025-08-08,Atlanta,Dallas,QuickMove,Economy,45.1,2025-08-13,2025-08-12,Clear,None
FTL-00158,2025-06-07,Atlanta,Miami,FastShip,Express,42.5,2025-06-11,2025-06-10,Clear,None
FTL-00159,2025-10-20,Atlanta,San Francisco,LogiPro,Express,38.2,2025-10-26,2025-10-31,Fog,Carrier delay
FTL-00160,2025-07-04,Denver,San Francisco,LogiPro,Economy,8.6,2025-07-09,2025-07-08,Clear,None
FTL-00161,2025-12-18,Denver,Boston,LogiPro,Economy,31.5,2025-12-24,2025-12-24,Clear,None
FTL-00162,2025-10-17,Phoenix,New York,QuickMove,Express,6.2,2025-10-24,2025-10-26,Rain,Sorting error
FTL-00163,2025-02-04,Atlanta,New York,FastShip,Economy,16.8,2025-02-11,2025-02-11,Clear,None
FTL-00164,2025-09-29,Phoenix,Nashville,QuickMove,Express,15.2,2025-10-04,2025-10-07,Rain,Carrier delay
FTL-00165,2025-09-12,Phoenix,Los Angeles,QuickMove,Economy,3.1,2025-09-16,2025-09-16,Snow,None
FTL-00166,2025-09-15,Phoenix,Nashville,QuickMove,Economy,14.3,2025-09-19,2025-09-18,Clear,None
FTL-00167,2025-04-12,Denver,Minneapolis,FastShip,Express,47.3,2025-04-18,2025-04-17,Clear,None
FTL-00168,2025-07-28,Atlanta,Houston,FastShip,Express,13.3,2025-08-02,2025-08-01,Fog,None
FTL-00169,2025-02-10,Chicago,Boston,QuickMove,Economy,27.3,2025-02-17,2025-02-17,Fog,None
FTL-00170,2025-09-14,Phoenix,Seattle,LogiPro,Express,29.1,2025-09-21,2025-09-20,Clear,None
FTL-00171,2025-10-04,Chicago,San Francisco,QuickMove,Economy,19.0,2025-10-11,2025-10-10,Clear,None
FTL-00172,2025-09-27,Atlanta,Los Angeles,FastShip,Economy,38.8,2025-10-01,2025-09-30,Fog,None
FTL-00173,2025-07-28,Chicago,Nashville,QuickMove,Express,48.3,2025-08-02,2025-08-01,Clear,None
FTL-00174,2025-12-16,Atlanta,Miami,QuickMove,Express,5.8,2025-12-23,2025-12-25,Rain,Sorting error
FTL-00175,2025-12-18,Chicago,Dallas,QuickMove,Economy,1.5,2025-12-24,2025-12-23,Snow,None
FTL-00176,2025-06-25,Chicago,Los Angeles,QuickMove,Economy,26.5,2025-06-28,2025-06-27,Clear,None
FTL-00177,2025-08-08,Phoenix,Los Angeles,LogiPro,Express,8.4,2025-08-15,2025-08-15,Fog,None
FTL-00178,2025-06-16,Phoenix,Dallas,FastShip,Express,37.2,2025-06-22,2025-06-22,Rain,None
FTL-00179,2025-12-09,Denver,Dallas,QuickMove,Economy,20.1,2025-12-16,2025-12-17,Rain,Sorting error
FTL-00180,2025-08-28,Denver,Los Angeles,FastShip,Economy,6.6,2025-09-02,2025-09-01,Rain,None
FTL-00181,2025-10-09,Atlanta,Houston,QuickMove,Express,10.5,2025-10-14,2025-10-17,Clear,Weather disruption
FTL-00182,2025-08-17,Denver,Boston,FastShip,Economy,32.5,2025-08-24,2025-08-24,Clear,None
FTL-00183,2025-02-02,Chicago,San Francisco,FastShip,Express,43.4,2025-02-07,2025-02-07,Snow,None
FTL-00184,2025-03-01,Phoenix,Miami,FastShip,Economy,47.1,2025-03-05,2025-03-04,Snow,None
FTL-00185,2025-09-05,Chicago,Houston,LogiPro,Express,29.5,2025-09-10,2025-09-09,Clear,None
FTL-00186,2025-02-12,Phoenix,Houston,LogiPro,Economy,14.0,2025-02-18,2025-02-17,Rain,None
FTL-00187,2025-08-31,Denver,San Francisco,QuickMove,Economy,17.7,2025-09-07,2025-09-07,Rain,None
FTL-00188,2025-07-10,Denver,New York,QuickMove,Economy,33.8,2025-07-15,2025-07-15,Clear,None
FTL-00189,2025-09-16,Phoenix,Houston,FastShip,Economy,11.4,2025-09-20,2025-09-20,Clear,None
FTL-00190,2025-10-06,Atlanta,Minneapolis,QuickMove,Express,36.6,2025-10-12,2025-10-11,Clear,None
FTL-00191,2025-10-17,Denver,Nashville,QuickMove,Express,13.3,2025-10-24,2025-10-23,Clear,None
FTL-00192,2025-07-06,Atlanta,San Francisco,LogiPro,Economy,17.0,2025-07-12,2025-07-11,Fog,None
FTL-00193,2025-02-01,Denver,Miami,QuickMove,Express,29.5,2025-02-07,2025-02-06,Snow,None
FTL-00194,2025-03-31,Atlanta,Nashville,LogiPro,Economy,39.0,2025-04-03,2025-04-02,Snow,None
FTL-00195,2025-10-05,Atlanta,Dallas,LogiPro,Economy,48.0,2025-10-11,2025-10-10,Clear,None
FTL-00196,2025-07-27,Atlanta,Nashville,FastShip,Economy,39.9,2025-07-31,2025-07-31,Clear,None
FTL-00197,2025-05-13,Phoenix,Seattle,QuickMove,Express,20.1,2025-05-16,2025-05-15,Clear,None
FTL-00198,2025-03-07,Phoenix,Dallas,LogiPro,Economy,15.0,2025-03-13,2025-03-13,Snow,None
FTL-00199,2025-01-23,Chicago,Miami,FastShip,Economy,43.9,2025-01-28,2025-01-28,Snow,None
FTL-00200,2025-08-25,Chicago,San Francisco,FastShip,Express,27.0,2025-08-28,2025-08-28,Rain,None
FTL-00201,2025-01-06,Atlanta,Houston,QuickMove,Economy,12.4,2025-01-12,2025-01-15,Clear,Vehicle breakdown
FTL-00202,2025-06-05,Denver,Seattle,FastShip,Economy,38.9,2025-06-08,2025-06-08,Clear,None
FTL-00203,2025-04-04,Chicago,Seattle,QuickMove,Economy,6.1,2025-04-11,2025-04-10,Clear,None
FTL-00204,2025-06-06,Phoenix,Nashville,FastShip,Economy,37.8,2025-06-09,2025-06-08,Fog,None
FTL-00205,2025-12-09,Denver,Boston,FastShip,Express,26.6,2025-12-14,2025-12-13,Snow,None
FTL-00206,2025-08-20,Phoenix,Los Angeles,LogiPro,Economy,31.1,2025-08-26,2025-08-26,Rain,None
FTL-00207,2025-05-11,Chicago,Nashville,QuickMove,Express,49.6,2025-05-16,2025-05-16,Clear,None
FTL-00208,2025-06-06,Atlanta,San Francisco,QuickMove,Economy,12.8,2025-06-12,2025-06-11,Clear,None
FTL-00209,2025-03-26,Atlanta,Los Angeles,FastShip,Express,3.3,2025-03-31,2025-03-30,Rain,None
FTL-00210,2025-02-05,Atlanta,Houston,QuickMove,Economy,40.9,2025-02-08,2025-02-11,Clear,Carrier delay
FTL-00211,2025-06-19,Atlanta,Los Angeles,QuickMove,Economy,1.9,2025-06-22,2025-06-22,Fog,None
FTL-00212,2025-07-22,Atlanta,Dallas,QuickMove,Express,34.3,2025-07-26,2025-07-25,Fog,None
FTL-00213,2025-07-28,Denver,New York,LogiPro,Express,20.7,2025-08-01,2025-07-31,Rain,None
FTL-00214,2025-05-18,Chicago,Minneapolis,LogiPro,Express,35.7,2025-05-24,2025-05-23,Clear,None
FTL-00215,2025-08-31,Phoenix,San Francisco,FastShip,Economy,49.1,2025-09-07,2025-09-10,Clear,Sorting error
FTL-00216,2025-07-01,Denver,San Francisco,LogiPro,Economy,26.0,2025-07-07,2025-07-07,Clear,None
FTL-00217,2025-08-17,Denver,Dallas,QuickMove,Express,10.9,2025-08-24,2025-08-24,Fog,None
FTL-00218,2025-12-08,Phoenix,New York,LogiPro,Economy,5.8,2025-12-11,2025-12-11,Rain,None
FTL-00219,2025-09-20,Denver,Seattle,QuickMove,Economy,6.7,2025-09-26,2025-09-30,Clear,Weather disruption
FTL-00220,2025-01-23,Chicago,Minneapolis,LogiPro,Express,28.8,2025-01-30,2025-02-04,Snow,Vehicle breakdown
FTL-00221,2025-08-02,Denver,San Francisco,FastShip,Economy,21.7,2025-08-08,2025-08-08,Clear,None
FTL-00222,2025-11-16,Denver,Seattle,FastShip,Express,14.7,2025-11-23,2025-11-23,Clear,None
FTL-00223,2025-09-29,Atlanta,Seattle,FastShip,Economy,40.3,2025-10-03,2025-10-03,Rain,None
FTL-00224,2025-12-27,Chicago,Houston,FastShip,Economy,27.2,2025-12-31,2025-12-30,Clear,None
FTL-00225,2025-07-11,Denver,Boston,FastShip,Economy,3.3,2025-07-15,2025-07-14,Rain,None
FTL-00226,2025-02-18,Denver,Miami,QuickMove,Express,10.8,2025-02-23,2025-02-23,Snow,None
FTL-00227,2025-03-23,Phoenix,Dallas,LogiPro,Economy,12.2,2025-03-26,2025-03-27,Fog,Warehouse processing
FTL-00228,2025-02-22,Chicago,Boston,QuickMove,Economy,10.6,2025-02-25,2025-02-24,Snow,None
FTL-00229,2025-09-06,Atlanta,Dallas,LogiPro,Economy,19.7,2025-09-12,2025-09-16,Rain,Weather disruption
FTL-00230,2025-01-13,Denver,Minneapolis,FastShip,Express,18.3,2025-01-16,2025-01-16,Fog,None
FTL-00231,2025-03-29,Denver,Minneapolis,QuickMove,Economy,38.3,2025-04-01,2025-04-01,Rain,None
FTL-00232,2025-03-10,Chicago,Seattle,QuickMove,Express,11.7,2025-03-13,2025-03-13,Snow,None
FTL-00233,2025-09-04,Atlanta,Boston,QuickMove,Economy,19.4,2025-09-11,2025-09-10,Rain,None
FTL-00234,2025-01-25,Atlanta,Boston,QuickMove,Express,11.3,2025-02-01,2025-02-01,Snow,None
FTL-00235,2025-08-01,Atlanta,Nashville,FastShip,Economy,31.0,2025-08-04,2025-08-03,Clear,None
FTL-00236,2025-08-01,Denver,Miami,LogiPro,Economy,4.2,2025-08-06,2025-08-10,Rain,Carrier delay
FTL-00237,2025-09-16,Atlanta,Seattle,FastShip,Economy,30.6,2025-09-21,2025-09-21,Clear,None
FTL-00238,2025-07-18,Atlanta,Miami,QuickMove,Express,24.0,2025-07-25,2025-07-24,Clear,None
FTL-00239,2025-09-26,Chicago,New York,LogiPro,Express,31.7,2025-10-02,2025-10-02,Snow,None
FTL-00240,2025-12-21,Phoenix,New York,QuickMove,Express,49.5,2025-12-24,2025-12-23,Clear,None
FTL-00241,2025-04-18,Chicago,Miami,QuickMove,Economy,1.3,2025-04-22,2025-04-22,Rain,None
FTL-00242,2025-05-29,Atlanta,Los Angeles,QuickMove,Express,19.7,2025-06-02,2025-06-06,Clear,Sorting error
FTL-00243,2025-05-05,Atlanta,Houston,QuickMove,Express,2.8,2025-05-09,2025-05-09,Clear,None
FTL-00244,2025-09-02,Denver,Minneapolis,FastShip,Express,47.1,2025-09-06,2025-09-06,Fog,None
FTL-00245,2025-07-25,Phoenix,Minneapolis,FastShip,Express,24.8,2025-07-31,2025-07-31,Clear,None
FTL-00246,2025-05-20,Chicago,Miami,LogiPro,Economy,45.7,2025-05-27,2025-05-27,Clear,None
FTL-00247,2025-01-26,Denver,Los Angeles,QuickMove,Economy,18.1,2025-01-29,2025-02-03,Snow,Carrier delay
FTL-00248,2025-09-10,Chicago,Los Angeles,LogiPro,Economy,49.6,2025-09-16,2025-09-16,Fog,None
FTL-00249,2025-04-07,Phoenix,Minneapolis,FastShip,Economy,20.0,2025-04-13,2025-04-12,Clear,None
FTL-00250,2025-02-18,Atlanta,Miami,QuickMove,Express,49.0,2025-02-22,2025-02-24,Fog,Carrier delay
FTL-00251,2025-07-19,Denver,San Francisco,LogiPro,Express,12.3,2025-07-26,2025-07-26,Clear,None
FTL-00252,2025-07-31,Phoenix,Nashville,FastShip,Economy,34.2,2025-08-05,2025-08-05,Clear,None
FTL-00253,2025-11-03,Denver,Boston,LogiPro,Express,14.4,2025-11-06,2025-11-05,Snow,None
FTL-00254,2025-06-06,Phoenix,Houston,FastShip,Economy,37.9,2025-06-12,2025-06-12,Clear,None
FTL-00255,2025-10-22,Chicago,San Francisco,QuickMove,Express,23.6,2025-10-26,2025-10-26,Rain,None
FTL-00256,2025-08-18,Phoenix,Boston,QuickMove,Economy,41.0,2025-08-24,2025-08-23,Clear,None
FTL-00257,2025-04-26,Phoenix,Nashville,FastShip,Express,43.0,2025-04-30,2025-04-30,Clear,None
FTL-00258,2025-04-01,Chicago,Dallas,LogiPro,Express,34.7,2025-04-06,2025-04-06,Rain,None
FTL-00259,2025-05-12,Phoenix,Seattle,LogiPro,Economy,19.6,2025-05-16,2025-05-16,Rain,None
FTL-00260,2025-02-17,Chicago,Dallas,FastShip,Economy,5.9,2025-02-21,2025-02-20,Fog,None
FTL-00261,2025-08-12,Chicago,Miami,LogiPro,Economy,16.6,2025-08-18,2025-08-17,Rain,None
FTL-00262,2025-12-22,Denver,Seattle,QuickMove,Economy,37.1,2025-12-26,2025-12-29,Rain,Carrier delay
FTL-00263,2025-05-08,Chicago,Los Angeles,QuickMove,Express,22.6,2025-05-12,2025-05-12,Clear,None
FTL-00264,2025-08-30,Denver,Miami,QuickMove,Economy,11.9,2025-09-04,2025-09-04,Clear,None
FTL-00265,2025-10-23,Denver,Nashville,QuickMove,Economy,4.0,2025-10-26,2025-10-25,Rain,None
FTL-00266,2025-12-18,Atlanta,Seattle,QuickMove,Economy,29.2,2025-12-25,2025-12-24,Snow,None
FTL-00267,2025-05-29,Phoenix,Seattle,QuickMove,Express,34.3,2025-06-04,2025-06-03,Rain,None
FTL-00268,2025-03-16,Atlanta,Los Angeles,QuickMove,Economy,40.5,2025-03-22,2025-03-22,Clear,None
FTL-00269,2025-08-08,Chicago,Boston,FastShip,Economy,46.4,2025-08-15,2025-08-14,Clear,None
FTL-00270,2025-11-22,Phoenix,Nashville,FastShip,Express,27.3,2025-11-28,2025-11-27,Clear,None
FTL-00271,2025-10-12,Chicago,Boston,FastShip,Express,20.7,2025-10-16,2025-10-15,Clear,None
FTL-00272,2025-01-08,Atlanta,Nashville,QuickMove,Economy,23.9,2025-01-13,2025-01-12,Clear,None
FTL-00273,2025-01-10,Chicago,Houston,LogiPro,Express,16.7,2025-01-16,2025-01-16,Clear,None
FTL-00274,2025-05-15,Chicago,Miami,QuickMove,Economy,44.0,2025-05-18,2025-05-17,Clear,None
FTL-00275,2025-12-09,Denver,Dallas,FastShip,Economy,34.9,2025-12-15,2025-12-14,Clear,None
FTL-00276,2025-11-27,Chicago,New York,FastShip,Economy,22.7,2025-11-30,2025-12-03,Snow,Address issue
FTL-00277,2025-05-09,Chicago,Minneapolis,FastShip,Express,2.9,2025-05-16,2025-05-15,Clear,None
FTL-00278,2025-03-26,Chicago,Houston,QuickMove,Economy,45.6,2025-03-29,2025-03-29,Clear,None
FTL-00279,2025-07-20,Phoenix,Miami,FastShip,Express,26.9,2025-07-25,2025-07-25,Fog,None
FTL-00280,2025-11-30,Chicago,Dallas,QuickMove,Express,7.3,2025-12-05,2025-12-04,Clear,None
FTL-00281,2025-08-25,Denver,Boston,LogiPro,Economy,3.0,2025-08-29,2025-08-28,Clear,None
FTL-00282,2025-03-26,Phoenix,Minneapolis,FastShip,Economy,31.0,2025-03-30,2025-04-04,Rain,Warehouse processing
FTL-00283,2025-01-07,Chicago,San Francisco,QuickMove,Economy,17.4,2025-01-11,2025-01-11,Snow,None
FTL-00284,2025-04-08,Phoenix,Miami,QuickMove,Economy,6.0,2025-04-15,2025-04-14,Clear,None
FTL-00285,2025-07-08,Phoenix,Minneapolis,FastShip,Express,21.0,2025-07-14,2025-07-14,Rain,None
FTL-00286,2025-10-31,Phoenix,Seattle,LogiPro,Economy,41.6,2025-11-04,2025-11-04,Fog,None
FTL-00287,2025-05-16,Phoenix,Seattle,QuickMove,Express,23.6,2025-05-19,2025-05-18,Clear,None
FTL-00288,2025-12-27,Atlanta,San Francisco,QuickMove,Economy,28.3,2025-12-31,2026-01-04,Fog,Weather disruption
FTL-00289,2025-10-18,Phoenix,Nashville,QuickMove,Express,34.5,2025-10-21,2025-10-23,Clear,Vehicle breakdown
FTL-00290,2025-03-02,Atlanta,Nashville,QuickMove,Economy,15.8,2025-03-08,2025-03-07,Fog,None
FTL-00291,2025-12-05,Chicago,Dallas,QuickMove,Express,20.3,2025-12-08,2025-12-07,Fog,None
FTL-00292,2025-11-22,Chicago,Minneapolis,FastShip,Express,23.1,2025-11-28,2025-11-27,Clear,None
FTL-00293,2025-06-15,Denver,Los Angeles,QuickMove,Express,28.0,2025-06-22,2025-06-22,Clear,None
FTL-00294,2025-02-15,Denver,Miami,QuickMove,Express,33.4,2025-02-21,2025-02-20,Clear,None
FTL-00295,2025-03-26,Chicago,Los Angeles,FastShip,Economy,25.6,2025-04-02,2025-04-01,Snow,None
FTL-00296,2025-02-28,Denver,Dallas,QuickMove,Economy,7.3,2025-03-04,2025-03-07,Snow,Weather disruption
FTL-00297,2025-05-19,Atlanta,San Francisco,QuickMove,Economy,30.8,2025-05-26,2025-05-25,Clear,None
FTL-00298,2025-05-20,Chicago,Los Angeles,LogiPro,Economy,36.1,2025-05-24,2025-05-23,Clear,None
FTL-00299,2025-12-03,Atlanta,Nashville,FastShip,Express,33.2,2025-12-09,2025-12-09,Clear,None
FTL-00300,2025-07-15,Atlanta,Dallas,LogiPro,Economy,31.2,2025-07-18,2025-07-17,Rain,None
FTL-00301,2025-02-24,Denver,Los Angeles,QuickMove,Economy,25.0,2025-03-01,2025-02-28,Clear,None
FTL-00302,2025-02-08,Atlanta,Nashville,QuickMove,Economy,9.8,2025-02-14,2025-02-13,Snow,None
FTL-00303,2025-05-06,Chicago,Nashville,FastShip,Express,8.9,2025-05-10,2025-05-09,Rain,None
FTL-00304,2025-02-15,Denver,San Francisco,FastShip,Express,47.1,2025-02-19,2025-02-19,Fog,None
FTL-00305,2025-06-27,Chicago,Houston,QuickMove,Express,31.3,2025-07-03,2025-07-03,Clear,None
FTL-00306,2025-03-16,Atlanta,Los Angeles,FastShip,Express,3.4,2025-03-22,2025-03-21,Fog,None
FTL-00307,2025-08-17,Chicago,Houston,LogiPro,Economy,4.7,2025-08-24,2025-08-23,Rain,None
FTL-00308,2025-08-20,Denver,Seattle,LogiPro,Express,41.1,2025-08-24,2025-08-24,Rain,None
FTL-00309,2025-10-31,Denver,Minneapolis,FastShip,Express,34.1,2025-11-04,2025-11-04,Clear,None
FTL-00310,2025-03-21,Phoenix,Seattle,LogiPro,Economy,2.0,2025-03-27,2025-03-27,Clear,None
FTL-00311,2025-04-04,Chicago,Minneapolis,QuickMove,Express,8.1,2025-04-10,2025-04-10,Clear,None
FTL-00312,2025-03-24,Atlanta,Los Angeles,FastShip,Economy,26.6,2025-03-28,2025-03-27,Snow,None
FTL-00313,2025-06-29,Chicago,Houston,FastShip,Economy,20.9,2025-07-04,2025-07-04,Rain,None
FTL-00314,2025-02-19,Phoenix,Los Angeles,LogiPro,Express,1.5,2025-02-24,2025-02-24,Snow,None
FTL-00315,2025-09-12,Phoenix,Houston,QuickMove,Economy,34.1,2025-09-18,2025-09-19,Rain,Weather disruption
FTL-00316,2025-11-26,Atlanta,Houston,FastShip,Express,41.6,2025-11-29,2025-12-02,Snow,Warehouse processing
FTL-00317,2025-12-27,Chicago,Dallas,QuickMove,Economy,34.8,2026-01-02,2026-01-01,Snow,None
FTL-00318,2025-06-29,Denver,Miami,QuickMove,Economy,22.2,2025-07-05,2025-07-07,Clear,Carrier delay
FTL-00319,2025-03-15,Atlanta,Minneapolis,FastShip,Express,28.8,2025-03-22,2025-03-21,Snow,None
FTL-00320,2025-05-15,Atlanta,Dallas,QuickMove,Express,49.1,2025-05-21,2025-05-20,Clear,None
FTL-00321,2025-03-14,Atlanta,Seattle,LogiPro,Express,37.1,2025-03-18,2025-03-17,Snow,None
FTL-00322,2025-08-15,Denver,Dallas,FastShip,Economy,2.1,2025-08-21,2025-08-20,Clear,None
FTL-00323,2025-09-03,Phoenix,Miami,LogiPro,Express,30.9,2025-09-10,2025-09-14,Rain,Address issue
FTL-00324,2025-05-13,Phoenix,Nashville,FastShip,Economy,18.0,2025-05-16,2025-05-15,Clear,None
FTL-00325,2025-11-01,Denver,Dallas,LogiPro,Economy,31.3,2025-11-06,2025-11-05,Snow,None
FTL-00326,2025-06-05,Chicago,Dallas,LogiPro,Express,8.5,2025-06-10,2025-06-10,Clear,None
FTL-00327,2025-09-12,Phoenix,New York,LogiPro,Economy,13.7,2025-09-19,2025-09-20,Clear,Carrier delay
FTL-00328,2025-08-02,Chicago,Houston,QuickMove,Economy,1.1,2025-08-09,2025-08-14,Clear,Sorting error
FTL-00329,2025-08-28,Denver,Minneapolis,LogiPro,Express,25.3,2025-09-01,2025-09-01,Rain,None
FTL-00330,2025-11-21,Chicago,Nashville,FastShip,Express,2.7,2025-11-28,2025-11-28,Snow,None
FTL-00331,2025-04-04,Denver,Houston,FastShip,Economy,34.2,2025-04-09,2025-04-09,Rain,None
FTL-00332,2025-01-24,Atlanta,Dallas,QuickMove,Express,25.6,2025-01-28,2025-01-27,Snow,None
FTL-00333,2025-04-08,Denver,Seattle,LogiPro,Economy,42.0,2025-04-12,2025-04-12,Clear,None
FTL-00334,2025-09-18,Denver,Seattle,QuickMove,Economy,34.0,2025-09-24,2025-09-23,Rain,None
FTL-00335,2025-05-11,Chicago,Miami,FastShip,Express,36.7,2025-05-14,2025-05-13,Clear,None
FTL-00336,2025-07-26,Denver,New York,LogiPro,Express,39.7,2025-07-30,2025-08-02,Clear,Address issue
FTL-00337,2025-10-15,Chicago,Nashville,QuickMove,Express,16.7,2025-10-21,2025-10-21,Rain,None
FTL-00338,2025-09-11,Atlanta,San Francisco,FastShip,Express,17.3,2025-09-14,2025-09-13,Fog,None
FTL-00339,2025-06-21,Chicago,Los Angeles,QuickMove,Economy,30.0,2025-06-24,2025-06-23,Rain,None
FTL-00340,2025-09-04,Phoenix,Los Angeles,LogiPro,Express,43.6,2025-09-09,2025-09-08,Clear,None
FTL-00341,2025-11-20,Phoenix,Nashville,FastShip,Economy,50.0,2025-11-23,2025-11-22,Clear,None
FTL-00342,2025-01-15,Atlanta,Boston,QuickMove,Economy,5.6,2025-01-21,2025-01-21,Rain,None
FTL-00343,2025-06-27,Atlanta,Boston,LogiPro,Economy,9.4,2025-06-30,2025-06-29,Clear,None
FTL-00344,2025-04-01,Phoenix,New York,QuickMove,Economy,8.8,2025-04-05,2025-04-06,Clear,Carrier delay
FTL-00345,2025-02-12,Atlanta,New York,QuickMove,Express,44.6,2025-02-17,2025-02-16,Clear,None
FTL-00346,2025-12-13,Phoenix,Houston,QuickMove,Express,26.9,2025-12-17,2025-12-16,Clear,None
FTL-00347,2025-11-24,Denver,Los Angeles,QuickMove,Economy,33.6,2025-11-28,2025-11-28,Snow,None
FTL-00348,2025-07-05,Chicago,Boston,LogiPro,Economy,29.7,2025-07-09,2025-07-08,Clear,None
FTL-00349,2025-01-29,Atlanta,Seattle,QuickMove,Express,21.5,2025-02-02,2025-02-01,Rain,None
FTL-00350,2025-06-12,Atlanta,San Francisco,FastShip,Economy,34.7,2025-06-17,2025-06-17,Clear,None
FTL-00351,2025-10-21,Denver,Nashville,FastShip,Economy,5.7,2025-10-28,2025-10-27,Rain,None
FTL-00352,2025-11-02,Chicago,New York,QuickMove,Express,40.5,2025-11-07,2025-11-12,Snow,Carrier delay
FTL-00353,2025-05-24,Atlanta,Miami,LogiPro,Economy,49.0,2025-05-31,2025-06-02,Clear,Carrier delay
FTL-00354,2025-12-01,Chicago,Seattle,FastShip,Economy,18.3,2025-12-07,2025-12-07,Rain,None
FTL-00355,2025-01-19,Chicago,Los Angeles,QuickMove,Express,40.3,2025-01-24,2025-01-24,Clear,None
FTL-00356,2025-05-01,Atlanta,New York,LogiPro,Economy,24.2,2025-05-07,2025-05-06,Rain,None
FTL-00357,2025-10-21,Denver,Miami,LogiPro,Express,32.5,2025-10-25,2025-10-24,Clear,None
FTL-00358,2025-08-31,Chicago,San Francisco,LogiPro,Economy,27.1,2025-09-07,2025-09-07,Rain,None
FTL-00359,2025-07-04,Phoenix,Nashville,QuickMove,Economy,17.8,2025-07-07,2025-07-07,Clear,None
FTL-00360,2025-02-13,Atlanta,Los Angeles,LogiPro,Economy,16.6,2025-02-18,2025-02-18,Clear,None
FTL-00361,2025-08-11,Phoenix,San Francisco,FastShip,Express,48.2,2025-08-18,2025-08-21,Clear,Warehouse processing
FTL-00362,2025-01-24,Phoenix,Miami,QuickMove,Economy,13.5,2025-01-28,2025-01-27,Clear,None
FTL-00363,2025-09-20,Chicago,Houston,QuickMove,Economy,24.3,2025-09-27,2025-09-27,Clear,None
FTL-00364,2025-04-20,Atlanta,San Francisco,FastShip,Economy,33.9,2025-04-24,2025-04-23,Fog,None
FTL-00365,2025-08-30,Denver,Seattle,FastShip,Economy,17.0,2025-09-04,2025-09-04,Rain,None
FTL-00366,2025-08-12,Atlanta,Boston,FastShip,Economy,41.3,2025-08-17,2025-08-16,Rain,None
FTL-00367,2025-01-07,Atlanta,Minneapolis,FastShip,Express,5.0,2025-01-11,2025-01-11,Clear,None
FTL-00368,2025-03-27,Atlanta,Nashville,LogiPro,Economy,36.5,2025-04-03,2025-04-02,Snow,None
FTL-00369,2025-12-28,Chicago,San Francisco,QuickMove,Economy,27.1,2026-01-03,2026-01-06,Snow,Carrier delay
FTL-00370,2025-06-05,Chicago,Nashville,FastShip,Economy,17.4,2025-06-10,2025-06-09,Clear,None
FTL-00371,2025-12-09,Chicago,Boston,LogiPro,Economy,24.9,2025-12-13,2025-12-12,Snow,None
FTL-00372,2025-06-28,Atlanta,Houston,FastShip,Economy,13.4,2025-07-03,2025-07-03,Clear,None
FTL-00373,2025-02-04,Phoenix,Miami,FastShip,Express,20.5,2025-02-08,2025-02-07,Snow,None
FTL-00374,2025-08-09,Atlanta,Houston,FastShip,Economy,35.2,2025-08-13,2025-08-12,Clear,None
FTL-00375,2025-06-12,Phoenix,New York,LogiPro,Express,33.9,2025-06-18,2025-06-17,Clear,None
FTL-00376,2025-09-01,Phoenix,Nashville,FastShip,Economy,21.1,2025-09-06,2025-09-06,Rain,None
FTL-00377,2025-07-08,Atlanta,Boston,LogiPro,Economy,17.1,2025-07-11,2025-07-13,Clear,Address issue
FTL-00378,2025-02-19,Denver,Minneapolis,LogiPro,Economy,45.1,2025-02-22,2025-02-21,Rain,None
FTL-00379,2025-02-28,Chicago,Boston,LogiPro,Economy,14.0,2025-03-05,2025-03-05,Fog,None
FTL-00380,2025-07-14,Atlanta,Los Angeles,QuickMove,Economy,16.6,2025-07-18,2025-07-17,Snow,None
FTL-00381,2025-01-03,Atlanta,Dallas,FastShip,Express,31.1,2025-01-06,2025-01-06,Clear,None
FTL-00382,2025-05-20,Chicago,Houston,FastShip,Express,8.0,2025-05-23,2025-05-22,Clear,None
FTL-00383,2025-12-23,Denver,San Francisco,FastShip,Economy,27.8,2025-12-26,2025-12-26,Fog,None
FTL-00384,2025-03-08,Chicago,Minneapolis,FastShip,Economy,2.2,2025-03-15,2025-03-15,Rain,None
FTL-00385,2025-01-06,Atlanta,Los Angeles,QuickMove,Express,1.7,2025-01-13,2025-01-13,Rain,None
FTL-00386,2025-01-25,Chicago,Nashville,FastShip,Economy,35.6,2025-02-01,2025-01-31,Clear,None
FTL-00387,2025-07-22,Chicago,Boston,LogiPro,Express,9.2,2025-07-27,2025-07-26,Clear,None
FTL-00388,2025-01-08,Denver,Dallas,FastShip,Economy,40.1,2025-01-14,2025-01-13,Clear,None
FTL-00389,2025-12-04,Atlanta,Miami,QuickMove,Express,45.7,2025-12-07,2025-12-06,Snow,None
FTL-00390,2025-01-20,Phoenix,Minneapolis,QuickMove,Express,4.5,2025-01-24,2025-01-27,Clear,Weather disruption
FTL-00391,2025-06-14,Phoenix,New York,FastShip,Express,28.9,2025-06-19,2025-06-22,Clear,Warehouse processing
FTL-00392,2025-07-19,Denver,Los Angeles,LogiPro,Economy,18.3,2025-07-24,2025-07-23,Rain,None
FTL-00393,2025-01-03,Atlanta,New York,QuickMove,Express,20.6,2025-01-10,2025-01-09,Clear,None
FTL-00394,2025-10-06,Denver,New York,LogiPro,Economy,9.3,2025-10-09,2025-10-08,Clear,None
FTL-00395,2025-02-18,Phoenix,San Francisco,FastShip,Express,38.6,2025-02-25,2025-02-24,Snow,None
FTL-00396,2025-08-04,Phoenix,Los Angeles,QuickMove,Express,30.2,2025-08-09,2025-08-09,Clear,None
FTL-00397,2025-09-30,Chicago,Houston,QuickMove,Express,47.1,2025-10-04,2025-10-04,Fog,None
FTL-00398,2025-03-05,Chicago,Boston,LogiPro,Economy,38.0,2025-03-11,2025-03-10,Clear,None
FTL-00399,2025-05-19,Atlanta,Dallas,QuickMove,Express,4.6,2025-05-25,2025-05-25,Fog,None
FTL-00400,2025-10-07,Phoenix,Nashville,QuickMove,Express,21.0,2025-10-11,2025-10-16,Clear,Carrier delay
FTL-00401,2025-09-30,Chicago,Miami,FastShip,Economy,49.3,2025-10-04,2025-10-06,Clear,Address issue
FTL-00402,2025-02-27,Atlanta,Dallas,FastShip,Express,23.1,2025-03-06,2025-03-09,Clear,Carrier delay
FTL-00403,2025-12-29,Chicago,Boston,LogiPro,Economy,20.2,2026-01-05,2026-01-05,Fog,None
FTL-00404,2025-09-28,Atlanta,San Francisco,LogiPro,Express,43.2,2025-10-04,2025-10-03,Clear,None
FTL-00405,2025-10-16,Chicago,Boston,FastShip,Express,18.3,2025-10-19,2025-10-18,Clear,None
FTL-00406,2025-09-11,Phoenix,Houston,FastShip,Economy,1.8,2025-09-17,2025-09-21,Fog,Sorting error
FTL-00407,2025-07-26,Denver,Dallas,FastShip,Economy,13.5,2025-07-31,2025-07-30,Clear,None
FTL-00408,2025-09-19,Phoenix,San Francisco,QuickMove,Economy,43.4,2025-09-26,2025-09-26,Clear,None
FTL-00409,2025-08-22,Phoenix,Seattle,QuickMove,Economy,7.7,2025-08-27,2025-08-31,Clear,Vehicle breakdown
FTL-00410,2025-03-22,Denver,Miami,LogiPro,Economy,17.7,2025-03-29,2025-03-28,Clear,None
FTL-00411,2025-08-29,Phoenix,Boston,FastShip,Economy,10.8,2025-09-04,2025-09-09,Fog,Sorting error
FTL-00412,2025-12-15,Denver,San Francisco,QuickMove,Express,17.7,2025-12-19,2025-12-18,Snow,None
FTL-00413,2025-02-07,Chicago,Houston,QuickMove,Express,8.0,2025-02-13,2025-02-18,Clear,Carrier delay
FTL-00414,2025-06-27,Chicago,Houston,QuickMove,Economy,4.9,2025-07-04,2025-07-03,Rain,None
FTL-00415,2025-01-08,Chicago,Nashville,QuickMove,Economy,38.3,2025-01-13,2025-01-13,Snow,None
FTL-00416,2025-08-26,Phoenix,San Francisco,QuickMove,Express,30.3,2025-08-29,2025-09-01,Clear,Vehicle breakdown
FTL-00417,2025-10-27,Chicago,Minneapolis,LogiPro,Express,15.9,2025-10-30,2025-10-30,Clear,None
FTL-00418,2025-04-25,Phoenix,Dallas,QuickMove,Economy,34.3,2025-04-28,2025-04-29,Clear,Carrier delay
FTL-00419,2025-04-01,Atlanta,Houston,LogiPro,Express,15.8,2025-04-06,2025-04-05,Clear,None
FTL-00420,2025-02-11,Denver,Miami,QuickMove,Economy,26.7,2025-02-17,2025-02-20,Rain,Carrier delay
FTL-00421,2025-11-09,Atlanta,Houston,QuickMove,Express,22.6,2025-11-12,2025-11-12,Rain,None
FTL-00422,2025-09-20,Atlanta,Nashville,LogiPro,Economy,9.4,2025-09-27,2025-09-27,Rain,None
FTL-00423,2025-04-17,Phoenix,Los Angeles,QuickMove,Economy,9.6,2025-04-21,2025-04-22,Rain,Carrier delay
FTL-00424,2025-09-19,Atlanta,Boston,FastShip,Economy,35.3,2025-09-22,2025-09-21,Clear,None
FTL-00425,2025-10-31,Denver,Minneapolis,FastShip,Economy,20.8,2025-11-06,2025-11-05,Rain,None
FTL-00426,2025-10-23,Phoenix,Nashville,LogiPro,Express,46.2,2025-10-29,2025-10-28,Rain,None
FTL-00427,2025-05-04,Denver,Miami,LogiPro,Express,43.7,2025-05-07,2025-05-06,Fog,None
FTL-00428,2025-01-07,Denver,San Francisco,LogiPro,Express,45.7,2025-01-10,2025-01-10,Snow,None
FTL-00429,2025-04-06,Phoenix,Los Angeles,QuickMove,Express,18.8,2025-04-11,2025-04-12,Clear,Sorting error
FTL-00430,2025-04-25,Atlanta,Nashville,QuickMove,Express,19.2,2025-04-29,2025-04-28,Clear,None
FTL-00431,2025-11-12,Atlanta,New York,QuickMove,Express,1.1,2025-11-19,2025-11-19,Snow,None
FTL-00432,2025-09-11,Denver,New York,LogiPro,Express,15.1,2025-09-17,2025-09-19,Clear,Carrier delay
FTL-00433,2025-06-22,Phoenix,Seattle,QuickMove,Economy,10.8,2025-06-28,2025-06-27,Clear,None
FTL-00434,2025-04-28,Atlanta,Houston,QuickMove,Economy,37.2,2025-05-05,2025-05-08,Clear,Carrier delay
FTL-00435,2025-02-21,Denver,Minneapolis,QuickMove,Economy,42.2,2025-02-25,2025-02-24,Clear,None
FTL-00436,2025-07-23,Phoenix,Los Angeles,QuickMove,Economy,34.4,2025-07-28,2025-07-27,Rain,None
FTL-00437,2025-12-18,Phoenix,Minneapolis,QuickMove,Express,31.9,2025-12-24,2025-12-29,Clear,Carrier delay
FTL-00438,2025-03-31,Phoenix,New York,LogiPro,Express,2.4,2025-04-07,2025-04-07,Clear,None
FTL-00439,2025-12-23,Phoenix,San Francisco,FastShip,Economy,25.2,2025-12-28,2025-12-28,Snow,None
FTL-00440,2025-07-16,Denver,Dallas,QuickMove,Express,10.0,2025-07-19,2025-07-19,Clear,None
FTL-00441,2025-12-20,Atlanta,Dallas,FastShip,Economy,22.8,2025-12-24,2025-12-28,Fog,Address issue
FTL-00442,2025-04-15,Denver,Nashville,LogiPro,Economy,48.2,2025-04-21,2025-04-21,Clear,None
FTL-00443,2025-02-21,Denver,Nashville,LogiPro,Express,8.0,2025-02-28,2025-02-27,Clear,None
FTL-00444,2025-07-13,Atlanta,Minneapolis,FastShip,Economy,43.2,2025-07-18,2025-07-17,Clear,None
FTL-00445,2025-07-08,Phoenix,Boston,QuickMove,Express,18.6,2025-07-12,2025-07-12,Rain,None
FTL-00446,2025-06-29,Phoenix,Houston,FastShip,Economy,16.7,2025-07-05,2025-07-05,Rain,None
FTL-00447,2025-06-05,Chicago,Minneapolis,LogiPro,Economy,11.2,2025-06-09,2025-06-08,Clear,None
FTL-00448,2025-10-23,Atlanta,Seattle,QuickMove,Express,35.1,2025-10-27,2025-10-27,Clear,None
FTL-00449,2025-04-27,Phoenix,San Francisco,LogiPro,Express,10.3,2025-04-30,2025-04-30,Rain,None
FTL-00450,2025-10-09,Denver,Miami,FastShip,Express,31.2,2025-10-13,2025-10-12,Clear,None
FTL-00451,2025-02-22,Chicago,Minneapolis,FastShip,Economy,1.5,2025-02-26,2025-02-25,Clear,None
FTL-00452,2025-11-18,Atlanta,Dallas,QuickMove,Economy,16.6,2025-11-22,2025-11-22,Clear,None
FTL-00453,2025-07-27,Atlanta,Dallas,FastShip,Economy,33.7,2025-07-31,2025-08-02,Rain,Vehicle breakdown
FTL-00454,2025-06-24,Chicago,Minneapolis,QuickMove,Economy,3.7,2025-06-28,2025-06-27,Fog,None
FTL-00455,2025-09-11,Atlanta,Miami,QuickMove,Economy,33.0,2025-09-15,2025-09-14,Fog,None
FTL-00456,2025-03-06,Denver,San Francisco,LogiPro,Economy,6.5,2025-03-11,2025-03-10,Rain,None
FTL-00457,2025-11-15,Atlanta,San Francisco,LogiPro,Economy,34.0,2025-11-22,2025-11-22,Snow,None
FTL-00458,2025-06-12,Phoenix,Nashville,LogiPro,Economy,24.1,2025-06-18,2025-06-17,Fog,None
FTL-00459,2025-09-17,Denver,Boston,FastShip,Economy,6.4,2025-09-23,2025-09-23,Rain,None
FTL-00460,2025-11-24,Chicago,New York,QuickMove,Economy,38.4,2025-11-27,2025-11-26,Clear,None
FTL-00461,2025-07-06,Denver,Seattle,FastShip,Economy,46.6,2025-07-09,2025-07-13,Fog,Carrier delay
FTL-00462,2025-05-18,Denver,New York,QuickMove,Express,3.1,2025-05-21,2025-05-20,Rain,None
FTL-00463,2025-12-18,Denver,New York,FastShip,Economy,22.4,2025-12-23,2025-12-23,Snow,None
FTL-00464,2025-02-01,Denver,Dallas,QuickMove,Express,7.6,2025-02-08,2025-02-13,Snow,Carrier delay
FTL-00465,2025-01-30,Denver,Boston,FastShip,Express,23.5,2025-02-06,2025-02-06,Clear,None
FTL-00466,2025-10-14,Atlanta,New York,LogiPro,Express,15.0,2025-10-21,2025-10-21,Snow,None
FTL-00467,2025-09-22,Atlanta,Minneapolis,QuickMove,Express,17.3,2025-09-29,2025-09-29,Rain,None
FTL-00468,2025-11-18,Atlanta,Minneapolis,FastShip,Economy,9.9,2025-11-22,2025-11-22,Clear,None
FTL-00469,2025-11-26,Chicago,Miami,LogiPro,Express,4.1,2025-11-30,2025-11-30,Snow,None
FTL-00470,2025-07-12,Atlanta,Seattle,QuickMove,Express,3.7,2025-07-15,2025-07-16,Fog,Carrier delay
FTL-00471,2025-11-07,Denver,Seattle,LogiPro,Express,39.5,2025-11-14,2025-11-13,Snow,None
FTL-00472,2025-05-19,Denver,Dallas,QuickMove,Economy,3.5,2025-05-22,2025-05-21,Clear,None
FTL-00473,2025-06-19,Chicago,Miami,QuickMove,Economy,12.6,2025-06-24,2025-06-24,Clear,None
FTL-00474,2025-10-13,Atlanta,Minneapolis,LogiPro,Economy,42.6,2025-10-20,2025-10-20,Clear,None
FTL-00475,2025-05-23,Phoenix,Houston,FastShip,Economy,43.7,2025-05-26,2025-05-26,Rain,None
FTL-00476,2025-04-15,Phoenix,Minneapolis,QuickMove,Express,22.2,2025-04-19,2025-04-22,Fog,Vehicle breakdown
FTL-00477,2025-11-02,Atlanta,New York,QuickMove,Express,27.8,2025-11-09,2025-11-13,Fog,Address issue
FTL-00478,2025-01-15,Chicago,Miami,QuickMove,Express,47.8,2025-01-20,2025-01-20,Snow,None
FTL-00479,2025-11-04,Atlanta,Los Angeles,FastShip,Economy,25.4,2025-11-09,2025-11-09,Clear,None
FTL-00480,2025-11-08,Atlanta,Houston,FastShip,Economy,35.0,2025-11-15,2025-11-15,Clear,None
FTL-00481,2025-10-23,Denver,Los Angeles,QuickMove,Economy,12.8,2025-10-26,2025-10-27,Clear,Carrier delay
FTL-00482,2025-10-03,Denver,New York,QuickMove,Economy,7.1,2025-10-10,2025-10-10,Clear,None
FTL-00483,2025-01-02,Denver,Houston,LogiPro,Economy,44.5,2025-01-07,2025-01-07,Snow,None
FTL-00484,2025-04-06,Chicago,Minneapolis,QuickMove,Express,4.6,2025-04-13,2025-04-13,Clear,None
FTL-00485,2025-04-12,Chicago,Nashville,QuickMove,Economy,38.5,2025-04-16,2025-04-16,Fog,None
FTL-00486,2025-12-10,Denver,New York,QuickMove,Economy,40.6,2025-12-16,2025-12-16,Snow,None
FTL-00487,2025-02-24,Atlanta,Minneapolis,QuickMove,Economy,43.9,2025-03-01,2025-02-28,Snow,None
FTL-00488,2025-06-28,Atlanta,New York,FastShip,Economy,32.7,2025-07-04,2025-07-04,Fog,None
FTL-00489,2025-12-30,Atlanta,Seattle,FastShip,Express,19.7,2026-01-05,2026-01-04,Clear,None
FTL-00490,2025-07-11,Chicago,Los Angeles,LogiPro,Express,15.6,2025-07-17,2025-07-17,Clear,None
FTL-00491,2025-08-16,Denver,Houston,FastShip,Economy,48.7,2025-08-20,2025-08-20,Clear,None
FTL-00492,2025-06-15,Chicago,Dallas,LogiPro,Economy,8.3,2025-06-19,2025-06-18,Clear,None
FTL-00493,2025-02-04,Atlanta,Dallas,LogiPro,Economy,2.3,2025-02-09,2025-02-09,Clear,None
FTL-00494,2025-01-29,Atlanta,Minneapolis,LogiPro,Express,19.3,2025-02-02,2025-02-02,Clear,None
FTL-00495,2025-12-25,Chicago,Miami,QuickMove,Economy,42.8,2025-12-30,2025-12-29,Clear,None
FTL-00496,2025-11-24,Chicago,Boston,FastShip,Express,36.7,2025-12-01,2025-11-30,Snow,None
FTL-00497,2025-09-14,Chicago,Boston,QuickMove,Economy,21.1,2025-09-21,2025-09-21,Clear,None
FTL-00498,2025-09-30,Denver,Minneapolis,FastShip,Express,49.2,2025-10-07,2025-10-06,Fog,None
FTL-00499,2025-11-25,Denver,Nashville,LogiPro,Express,27.9,2025-11-30,2025-11-29,Clear,None
FTL-00500,2025-01-05,Chicago,New York,FastShip,Economy,30.5,2025-01-08,2025-01-11,Snow,Carrier delay
FTL-00501,2025-07-14,Denver,Dallas,QuickMove,Economy,25.3,2025-07-19,2025-07-18,Fog,None
FTL-00502,2025-09-16,Chicago,San Francisco,LogiPro,Express,45.4,2025-09-23,2025-09-22,Clear,None
FTL-00503,2025-10-08,Denver,Houston,QuickMove,Economy,47.4,2025-10-11,2025-10-16,Rain,Carrier delay
FTL-00504,2025-06-02,Atlanta,San Francisco,QuickMove,Express,38.7,2025-06-06,2025-06-09,Fog,Carrier delay
FTL-00505,2025-01-05,Denver,Nashville,LogiPro,Economy,13.8,2025-01-12,2025-01-11,Clear,None
FTL-00506,2025-10-09,Phoenix,Minneapolis,FastShip,Express,1.8,2025-10-15,2025-10-14,Clear,None
FTL-00507,2025-05-20,Phoenix,Los Angeles,QuickMove,Express,24.2,2025-05-27,2025-05-26,Clear,None
FTL-00508,2025-11-14,Denver,Dallas,QuickMove,Economy,9.5,2025-11-17,2025-11-18,Clear,Carrier delay
FTL-00509,2025-07-24,Phoenix,Nashville,LogiPro,Express,37.7,2025-07-31,2025-07-31,Clear,None
FTL-00510,2025-07-16,Denver,Miami,QuickMove,Express,14.6,2025-07-23,2025-07-23,Fog,None
FTL-00511,2025-11-11,Chicago,New York,LogiPro,Express,4.9,2025-11-17,2025-11-16,Snow,None
FTL-00512,2025-05-21,Atlanta,Boston,QuickMove,Express,8.3,2025-05-25,2025-05-28,Rain,Sorting error
FTL-00513,2025-04-22,Denver,San Francisco,QuickMove,Economy,6.4,2025-04-26,2025-04-26,Clear,None
FTL-00514,2025-01-02,Atlanta,New York,QuickMove,Express,18.5,2025-01-06,2025-01-05,Snow,None
FTL-00515,2025-04-16,Atlanta,Minneapolis,FastShip,Express,36.4,2025-04-22,2025-04-21,Clear,None
FTL-00516,2025-06-29,Denver,Seattle,QuickMove,Economy,24.5,2025-07-02,2025-07-01,Clear,None
FTL-00517,2025-09-29,Phoenix,Houston,FastShip,Express,4.8,2025-10-02,2025-10-04,Clear,Weather disruption
FTL-00518,2025-03-02,Phoenix,San Francisco,QuickMove,Express,3.7,2025-03-07,2025-03-10,Snow,Carrier delay
FTL-00519,2025-08-19,Chicago,Houston,QuickMove,Express,34.3,2025-08-24,2025-08-24,Fog,None
FTL-00520,2025-03-07,Chicago,Boston,FastShip,Express,37.8,2025-03-12,2025-03-11,Snow,None
FTL-00521,2025-08-24,Denver,Boston,LogiPro,Express,44.4,2025-08-31,2025-08-30,Clear,None
FTL-00522,2025-05-04,Phoenix,Houston,FastShip,Economy,34.6,2025-05-08,2025-05-07,Rain,None
FTL-00523,2025-09-11,Atlanta,New York,FastShip,Express,5.1,2025-09-15,2025-09-14,Rain,None
FTL-00524,2025-05-04,Chicago,Nashville,FastShip,Express,23.1,2025-05-10,2025-05-10,Clear,None
FTL-00525,2025-01-02,Phoenix,Miami,QuickMove,Express,9.0,2025-01-08,2025-01-12,Clear,Vehicle breakdown
FTL-00526,2025-04-25,Atlanta,Seattle,FastShip,Economy,31.7,2025-04-29,2025-04-29,Clear,None
FTL-00527,2025-03-05,Atlanta,Houston,FastShip,Economy,25.8,2025-03-10,2025-03-09,Clear,None
FTL-00528,2025-12-04,Phoenix,Seattle,FastShip,Economy,32.7,2025-12-11,2025-12-14,Snow,Weather disruption
FTL-00529,2025-07-15,Chicago,Miami,FastShip,Express,36.6,2025-07-19,2025-07-19,Rain,None
FTL-00530,2025-12-25,Atlanta,Houston,FastShip,Express,45.5,2026-01-01,2026-01-01,Rain,None
FTL-00531,2025-05-06,Chicago,Seattle,QuickMove,Economy,7.7,2025-05-12,2025-05-12,Fog,None
FTL-00532,2025-11-03,Phoenix,Miami,LogiPro,Economy,38.4,2025-11-09,2025-11-09,Rain,None
FTL-00533,2025-05-28,Chicago,Miami,QuickMove,Economy,6.7,2025-06-02,2025-06-03,Clear,Sorting error
FTL-00534,2025-07-27,Denver,Miami,LogiPro,Express,22.1,2025-08-03,2025-08-02,Clear,None
FTL-00535,2025-03-11,Denver,Boston,LogiPro,Express,15.4,2025-03-17,2025-03-17,Snow,None
FTL-00536,2025-05-21,Atlanta,Houston,FastShip,Economy,38.2,2025-05-28,2025-05-27,Clear,None
FTL-00537,2025-10-29,Chicago,Miami,QuickMove,Express,21.4,2025-11-02,2025-11-07,Snow,Vehicle breakdown
FTL-00538,2025-03-13,Denver,Minneapolis,LogiPro,Economy,1.5,2025-03-18,2025-03-18,Clear,None
FTL-00539,2025-08-02,Denver,Miami,FastShip,Express,10.4,2025-08-05,2025-08-05,Clear,None
FTL-00540,2025-12-13,Denver,San Francisco,FastShip,Economy,9.4,2025-12-17,2025-12-17,Rain,None
FTL-00541,2025-09-11,Denver,Los Angeles,FastShip,Economy,33.4,2025-09-17,2025-09-16,Clear,None
FTL-00542,2025-11-23,Denver,Minneapolis,FastShip,Economy,20.3,2025-11-30,2025-11-30,Clear,None
FTL-00543,2025-07-27,Phoenix,Nashville,LogiPro,Express,10.4,2025-08-01,2025-08-01,Clear,None
FTL-00544,2025-11-20,Atlanta,Nashville,FastShip,Express,40.2,2025-11-26,2025-11-26,Snow,None
FTL-00545,2025-09-13,Atlanta,New York,QuickMove,Express,22.7,2025-09-18,2025-09-22,Clear,Carrier delay
FTL-00546,2025-06-07,Denver,San Francisco,QuickMove,Express,38.8,2025-06-10,2025-06-09,Rain,None
FTL-00547,2025-08-29,Phoenix,Dallas,QuickMove,Economy,29.2,2025-09-03,2025-09-04,Clear,Weather disruption
FTL-00548,2025-07-19,Denver,Dallas,QuickMove,Economy,4.8,2025-07-26,2025-07-26,Clear,None
FTL-00549,2025-10-22,Chicago,Seattle,LogiPro,Economy,16.3,2025-10-29,2025-11-02,Rain,Address issue
FTL-00550,2025-01-19,Phoenix,Nashville,FastShip,Economy,5.5,2025-01-24,2025-01-24,Clear,None
FTL-00551,2025-06-02,Atlanta,Dallas,QuickMove,Express,28.9,2025-06-09,2025-06-09,Clear,None
FTL-00552,2025-10-25,Phoenix,Minneapolis,QuickMove,Economy,23.7,2025-10-30,2025-10-29,Clear,None
FTL-00553,2025-05-06,Chicago,Miami,LogiPro,Economy,18.0,2025-05-12,2025-05-11,Rain,None
FTL-00554,2025-11-27,Atlanta,Los Angeles,QuickMove,Express,24.6,2025-12-02,2025-12-01,Clear,None
FTL-00555,2025-07-07,Atlanta,Minneapolis,QuickMove,Express,36.4,2025-07-14,2025-07-13,Clear,None
FTL-00556,2025-09-12,Denver,San Francisco,FastShip,Economy,31.7,2025-09-17,2025-09-17,Clear,None
FTL-00557,2025-08-14,Chicago,Miami,FastShip,Express,28.0,2025-08-21,2025-08-20,Rain,None
FTL-00558,2025-02-02,Chicago,Dallas,QuickMove,Express,39.8,2025-02-05,2025-02-05,Snow,None
FTL-00559,2025-12-17,Phoenix,San Francisco,LogiPro,Economy,39.4,2025-12-24,2025-12-25,Snow,Sorting error
FTL-00560,2025-01-13,Chicago,Seattle,LogiPro,Economy,6.0,2025-01-17,2025-01-17,Snow,None
FTL-00561,2025-02-02,Atlanta,Seattle,LogiPro,Express,15.5,2025-02-06,2025-02-06,Snow,None
FTL-00562,2025-07-08,Phoenix,New York,QuickMove,Express,46.7,2025-07-15,2025-07-19,Clear,Sorting error
FTL-00563,2025-04-25,Phoenix,Boston,LogiPro,Express,49.3,2025-05-01,2025-04-30,Fog,None
FTL-00564,2025-05-15,Denver,Miami,FastShip,Economy,44.8,2025-05-19,2025-05-24,Rain,Weather disruption
FTL-00565,2025-03-20,Denver,San Francisco,QuickMove,Economy,23.1,2025-03-23,2025-03-22,Rain,None
FTL-00566,2025-11-11,Denver,Miami,FastShip,Economy,14.9,2025-11-16,2025-11-16,Snow,None
FTL-00567,2025-04-17,Phoenix,Dallas,LogiPro,Economy,30.2,2025-04-22,2025-04-21,Clear,None
FTL-00568,2025-02-24,Phoenix,Seattle,QuickMove,Express,27.2,2025-02-28,2025-02-28,Clear,None
FTL-00569,2025-12-08,Denver,Boston,LogiPro,Economy,5.0,2025-12-14,2025-12-13,Rain,None
FTL-00570,2025-12-05,Chicago,Minneapolis,LogiPro,Economy,9.4,2025-12-12,2025-12-12,Fog,None
FTL-00571,2025-12-29,Atlanta,Dallas,QuickMove,Express,2.5,2026-01-01,2025-12-31,Snow,None
FTL-00572,2025-08-18,Atlanta,Houston,FastShip,Express,17.7,2025-08-24,2025-08-24,Rain,None
FTL-00573,2025-10-03,Phoenix,Houston,FastShip,Express,49.2,2025-10-10,2025-10-10,Clear,None
FTL-00574,2025-02-11,Chicago,Boston,FastShip,Economy,43.1,2025-02-14,2025-02-18,Snow,Carrier delay
FTL-00575,2025-04-25,Atlanta,Los Angeles,LogiPro,Express,12.7,2025-05-01,2025-05-01,Clear,None
FTL-00576,2025-02-14,Phoenix,Minneapolis,FastShip,Economy,7.2,2025-02-17,2025-02-16,Rain,None
FTL-00577,2025-11-21,Atlanta,San Francisco,LogiPro,Express,50.0,2025-11-27,2025-11-26,Snow,None
FTL-00578,2025-05-31,Denver,Minneapolis,QuickMove,Economy,11.1,2025-06-05,2025-06-04,Clear,None
FTL-00579,2025-11-06,Phoenix,San Francisco,LogiPro,Economy,38.6,2025-11-13,2025-11-12,Clear,None
FTL-00580,2025-01-21,Atlanta,New York,QuickMove,Express,32.5,2025-01-26,2025-01-26,Clear,None
FTL-00581,2025-08-15,Phoenix,Boston,FastShip,Express,25.3,2025-08-20,2025-08-20,Clear,None
FTL-00582,2025-09-18,Phoenix,Miami,FastShip,Economy,41.8,2025-09-23,2025-09-26,Rain,Warehouse processing
FTL-00583,2025-07-29,Atlanta,Miami,LogiPro,Economy,2.9,2025-08-02,2025-08-01,Rain,None
FTL-00584,2025-09-18,Phoenix,Los Angeles,QuickMove,Economy,3.9,2025-09-25,2025-09-24,Clear,None
FTL-00585,2025-04-19,Atlanta,Dallas,FastShip,Express,34.6,2025-04-22,2025-04-22,Fog,None
FTL-00586,2025-06-06,Chicago,Miami,QuickMove,Economy,42.3,2025-06-09,2025-06-08,Rain,None
FTL-00587,2025-09-26,Phoenix,Miami,QuickMove,Economy,39.4,2025-09-29,2025-10-01,Clear,Sorting error
FTL-00588,2025-07-19,Atlanta,Miami,QuickMove,Economy,15.3,2025-07-25,2025-07-30,Rain,Vehicle breakdown
FTL-00589,2025-11-20,Denver,New York,FastShip,Economy,15.6,2025-11-25,2025-11-25,Snow,None
FTL-00590,2025-09-16,Denver,Los Angeles,LogiPro,Economy,32.8,2025-09-23,2025-09-22,Clear,None
FTL-00591,2025-02-13,Chicago,Miami,QuickMove,Express,8.5,2025-02-17,2025-02-20,Clear,Carrier delay
FTL-00592,2025-08-29,Denver,Miami,LogiPro,Express,26.4,2025-09-03,2025-09-03,Clear,None
FTL-00593,2025-08-22,Phoenix,Seattle,QuickMove,Express,26.3,2025-08-27,2025-08-26,Clear,None
FTL-00594,2025-12-29,Phoenix,San Francisco,LogiPro,Economy,3.4,2026-01-02,2026-01-07,Clear,Warehouse processing
FTL-00595,2025-12-21,Denver,Nashville,QuickMove,Economy,15.5,2025-12-27,2025-12-28,Clear,Carrier delay
FTL-00596,2025-11-01,Phoenix,San Francisco,QuickMove,Economy,18.6,2025-11-06,2025-11-05,Snow,None
FTL-00597,2025-04-28,Phoenix,Seattle,FastShip,Economy,6.6,2025-05-03,2025-05-02,Clear,None
FTL-00598,2025-02-16,Chicago,Houston,LogiPro,Express,6.7,2025-02-22,2025-02-24,Snow,Customs hold
FTL-00599,2025-06-10,Phoenix,Seattle,FastShip,Economy,11.4,2025-06-13,2025-06-16,Clear,Sorting error
FTL-00600,2025-05-03,Atlanta,San Francisco,QuickMove,Express,38.3,2025-05-06,2025-05-06,Clear,None
FTL-00601,2025-06-28,Denver,Nashville,LogiPro,Express,48.6,2025-07-01,2025-06-30,Clear,None
FTL-00602,2025-04-22,Chicago,Minneapolis,QuickMove,Express,8.6,2025-04-26,2025-05-01,Rain,Carrier delay
FTL-00603,2025-07-06,Phoenix,New York,FastShip,Economy,47.8,2025-07-10,2025-07-10,Clear,None
FTL-00604,2025-04-11,Denver,San Francisco,QuickMove,Economy,49.9,2025-04-17,2025-04-16,Rain,None
FTL-00605,2025-12-01,Phoenix,San Francisco,QuickMove,Economy,1.2,2025-12-06,2025-12-05,Fog,None
FTL-00606,2025-12-21,Phoenix,Boston,LogiPro,Express,42.8,2025-12-27,2025-12-27,Rain,None
FTL-00607,2025-06-20,Denver,San Francisco,LogiPro,Express,36.4,2025-06-25,2025-06-25,Rain,None
FTL-00608,2025-01-16,Denver,Dallas,LogiPro,Express,41.8,2025-01-19,2025-01-18,Rain,None
FTL-00609,2025-06-02,Phoenix,Los Angeles,FastShip,Economy,49.9,2025-06-09,2025-06-09,Rain,None
FTL-00610,2025-05-05,Atlanta,Minneapolis,FastShip,Economy,33.8,2025-05-08,2025-05-07,Clear,None
FTL-00611,2025-01-20,Chicago,Los Angeles,QuickMove,Express,3.0,2025-01-27,2025-02-01,Snow,Carrier delay
FTL-00612,2025-09-18,Atlanta,Dallas,LogiPro,Express,15.7,2025-09-25,2025-09-24,Clear,None
FTL-00613,2025-08-22,Denver,Los Angeles,QuickMove,Economy,21.8,2025-08-29,2025-08-28,Rain,None
FTL-00614,2025-02-02,Chicago,Minneapolis,LogiPro,Economy,21.8,2025-02-06,2025-02-05,Rain,None
FTL-00615,2025-06-11,Phoenix,Seattle,QuickMove,Express,22.3,2025-06-18,2025-06-19,Fog,Weather disruption
FTL-00616,2025-12-14,Atlanta,Miami,FastShip,Economy,6.5,2025-12-21,2025-12-20,Fog,None
FTL-00617,2025-09-29,Chicago,Nashville,QuickMove,Economy,24.8,2025-10-02,2025-10-06,Clear,Carrier delay
FTL-00618,2025-06-08,Chicago,New York,LogiPro,Express,45.4,2025-06-15,2025-06-15,Clear,None
FTL-00619,2025-02-05,Denver,Miami,LogiPro,Express,41.1,2025-02-09,2025-02-08,Clear,None
FTL-00620,2025-06-14,Chicago,Dallas,FastShip,Express,30.3,2025-06-21,2025-06-20,Clear,None
FTL-00621,2025-06-27,Phoenix,Boston,FastShip,Express,30.7,2025-07-02,2025-07-01,Fog,None
FTL-00622,2025-11-30,Phoenix,Houston,FastShip,Express,7.9,2025-12-03,2025-12-02,Snow,None
FTL-00623,2025-08-15,Phoenix,Nashville,FastShip,Economy,32.2,2025-08-20,2025-08-19,Clear,None
FTL-00624,2025-01-03,Denver,Seattle,LogiPro,Economy,41.3,2025-01-06,2025-01-06,Snow,None
FTL-00625,2025-03-31,Chicago,Los Angeles,LogiPro,Express,23.3,2025-04-04,2025-04-03,Snow,None
FTL-00626,2025-02-18,Atlanta,Miami,QuickMove,Economy,38.4,2025-02-21,2025-02-20,Snow,None
FTL-00627,2025-09-22,Chicago,Dallas,FastShip,Express,21.2,2025-09-29,2025-09-28,Clear,None
FTL-00628,2025-09-08,Phoenix,Dallas,LogiPro,Express,8.2,2025-09-13,2025-09-12,Rain,None
FTL-00629,2025-02-28,Atlanta,Miami,FastShip,Economy,37.0,2025-03-06,2025-03-06,Fog,None
FTL-00630,2025-04-14,Atlanta,Dallas,QuickMove,Express,15.1,2025-04-19,2025-04-20,Clear,Carrier delay
FTL-00631,2025-12-14,Denver,Miami,QuickMove,Economy,35.8,2025-12-20,2025-12-25,Snow,Carrier delay
FTL-00632,2025-05-30,Denver,Boston,FastShip,Economy,36.1,2025-06-04,2025-06-03,Clear,None
FTL-00633,2025-06-07,Atlanta,Houston,LogiPro,Economy,40.7,2025-06-11,2025-06-11,Clear,None
FTL-00634,2025-06-25,Chicago,New York,QuickMove,Economy,46.9,2025-06-30,2025-06-29,Clear,None
FTL-00635,2025-02-18,Chicago,Nashville,FastShip,Express,11.7,2025-02-24,2025-03-01,Snow,Address issue
FTL-00636,2025-04-29,Atlanta,San Francisco,QuickMove,Economy,45.3,2025-05-03,2025-05-03,Clear,None
FTL-00637,2025-10-10,Atlanta,Nashville,LogiPro,Express,24.6,2025-10-13,2025-10-13,Clear,None
FTL-00638,2025-09-08,Denver,Nashville,QuickMove,Economy,5.4,2025-09-13,2025-09-12,Clear,None
FTL-00639,2025-07-16,Denver,New York,FastShip,Economy,38.3,2025-07-23,2025-07-28,Clear,Carrier delay
FTL-00640,2025-11-18,Atlanta,San Francisco,QuickMove,Express,4.8,2025-11-24,2025-11-23,Snow,None
FTL-00641,2025-10-13,Phoenix,Los Angeles,FastShip,Economy,15.1,2025-10-16,2025-10-21,Clear,Address issue
FTL-00642,2025-05-03,Chicago,Nashville,LogiPro,Economy,19.9,2025-05-06,2025-05-05,Rain,None
FTL-00643,2025-08-25,Atlanta,Minneapolis,FastShip,Express,26.8,2025-08-30,2025-08-29,Clear,None
FTL-00644,2025-04-30,Atlanta,San Francisco,QuickMove,Economy,30.9,2025-05-07,2025-05-07,Clear,None
FTL-00645,2025-08-12,Denver,New York,FastShip,Express,3.6,2025-08-15,2025-08-14,Clear,None
FTL-00646,2025-01-13,Atlanta,Houston,QuickMove,Economy,15.5,2025-01-17,2025-01-16,Rain,None
FTL-00647,2025-10-20,Atlanta,San Francisco,LogiPro,Economy,21.7,2025-10-26,2025-10-26,Clear,None
FTL-00648,2025-11-12,Chicago,Houston,LogiPro,Economy,22.0,2025-11-15,2025-11-16,Snow,Carrier delay
FTL-00649,2025-01-12,Chicago,Seattle,FastShip,Economy,38.3,2025-01-19,2025-01-22,Snow,Warehouse processing
FTL-00650,2025-04-18,Denver,Minneapolis,LogiPro,Economy,27.3,2025-04-24,2025-04-24,Clear,None
FTL-00651,2025-11-03,Denver,Nashville,LogiPro,Economy,3.9,2025-11-09,2025-11-09,Snow,None
FTL-00652,2025-07-19,Denver,Houston,LogiPro,Express,35.7,2025-07-25,2025-07-25,Fog,None
FTL-00653,2025-03-06,Chicago,San Francisco,QuickMove,Economy,8.1,2025-03-11,2025-03-10,Clear,None
FTL-00654,2025-03-17,Denver,Houston,QuickMove,Economy,2.2,2025-03-22,2025-03-22,Snow,None
FTL-00655,2025-05-16,Chicago,Minneapolis,QuickMove,Express,28.5,2025-05-22,2025-05-21,Clear,None
FTL-00656,2025-01-09,Denver,Los Angeles,QuickMove,Economy,43.3,2025-01-16,2025-01-15,Rain,None
FTL-00657,2025-12-13,Denver,Nashville,FastShip,Express,9.5,2025-12-18,2025-12-17,Snow,None
FTL-00658,2025-09-22,Phoenix,Seattle,QuickMove,Economy,10.1,2025-09-25,2025-09-27,Clear,Carrier delay
FTL-00659,2025-07-24,Atlanta,Nashville,LogiPro,Economy,10.6,2025-07-27,2025-07-27,Clear,None
FTL-00660,2025-10-02,Phoenix,Miami,LogiPro,Economy,34.2,2025-10-09,2025-10-09,Rain,None
FTL-00661,2025-12-12,Phoenix,Los Angeles,FastShip,Economy,11.7,2025-12-17,2025-12-17,Snow,None
FTL-00662,2025-12-05,Phoenix,Miami,FastShip,Economy,9.9,2025-12-12,2025-12-16,Snow,Weather disruption
FTL-00663,2025-08-12,Atlanta,Dallas,QuickMove,Economy,17.9,2025-08-16,2025-08-16,Clear,None
FTL-00664,2025-03-13,Phoenix,Minneapolis,FastShip,Express,20.2,2025-03-19,2025-03-18,Snow,None
FTL-00665,2025-11-23,Denver,San Francisco,QuickMove,Economy,30.3,2025-11-26,2025-11-26,Fog,None
FTL-00666,2025-07-29,Phoenix,Los Angeles,FastShip,Economy,39.8,2025-08-05,2025-08-05,Rain,None
FTL-00667,2025-07-10,Denver,Los Angeles,LogiPro,Express,7.3,2025-07-13,2025-07-18,Clear,Address issue
FTL-00668,2025-11-25,Atlanta,Minneapolis,FastShip,Express,28.5,2025-11-28,2025-11-27,Clear,None
FTL-00669,2025-07-21,Phoenix,New York,LogiPro,Economy,41.1,2025-07-27,2025-07-27,Clear,None
FTL-00670,2025-07-23,Denver,Minneapolis,QuickMove,Economy,20.1,2025-07-28,2025-07-31,Clear,Carrier delay
FTL-00671,2025-08-15,Phoenix,Dallas,QuickMove,Express,30.3,2025-08-19,2025-08-18,Clear,None
FTL-00672,2025-08-23,Chicago,Seattle,LogiPro,Economy,32.6,2025-08-28,2025-08-28,Clear,None
FTL-00673,2025-12-06,Denver,Houston,QuickMove,Express,2.9,2025-12-11,2025-12-15,Snow,Carrier delay
FTL-00674,2025-01-21,Atlanta,Dallas,FastShip,Economy,44.6,2025-01-25,2025-01-25,Clear,None
FTL-00675,2025-02-23,Denver,Houston,LogiPro,Express,44.6,2025-02-26,2025-02-26,Clear,None
FTL-00676,2025-05-26,Phoenix,Nashville,FastShip,Economy,11.6,2025-05-31,2025-05-31,Clear,None
FTL-00677,2025-10-31,Atlanta,Minneapolis,FastShip,Express,35.1,2025-11-03,2025-11-03,Clear,None
FTL-00678,2025-02-04,Denver,New York,LogiPro,Economy,48.6,2025-02-07,2025-02-06,Clear,None
FTL-00679,2025-04-27,Denver,Minneapolis,LogiPro,Economy,20.3,2025-05-03,2025-05-02,Clear,None
FTL-00680,2025-03-02,Phoenix,Nashville,LogiPro,Express,4.5,2025-03-09,2025-03-08,Snow,None
FTL-00681,2025-05-02,Denver,New York,LogiPro,Economy,17.4,2025-05-07,2025-05-06,Fog,None
FTL-00682,2025-04-02,Phoenix,Nashville,QuickMove,Economy,38.5,2025-04-09,2025-04-08,Rain,None
FTL-00683,2025-12-15,Phoenix,Houston,FastShip,Express,37.1,2025-12-22,2025-12-21,Rain,None
FTL-00684,2025-11-05,Phoenix,Nashville,QuickMove,Express,13.5,2025-11-10,2025-11-15,Snow,Weather disruption
FTL-00685,2025-09-09,Denver,Houston,QuickMove,Express,4.2,2025-09-16,2025-09-16,Fog,None
FTL-00686,2025-08-26,Phoenix,Nashville,FastShip,Economy,37.3,2025-08-30,2025-08-29,Clear,None
FTL-00687,2025-03-09,Atlanta,Nashville,QuickMove,Economy,40.3,2025-03-16,2025-03-16,Snow,None
FTL-00688,2025-10-05,Chicago,Nashville,FastShip,Express,37.2,2025-10-08,2025-10-08,Fog,None
FTL-00689,2025-09-10,Denver,San Francisco,LogiPro,Express,9.8,2025-09-16,2025-09-16,Clear,None
FTL-00690,2025-09-26,Denver,Miami,FastShip,Express,7.8,2025-10-03,2025-10-03,Fog,None
FTL-00691,2025-01-08,Denver,Dallas,QuickMove,Economy,17.3,2025-01-13,2025-01-12,Clear,None
FTL-00692,2025-11-06,Atlanta,Seattle,FastShip,Express,15.2,2025-11-10,2025-11-10,Clear,None
FTL-00693,2025-08-02,Phoenix,Dallas,LogiPro,Economy,9.0,2025-08-06,2025-08-06,Clear,None
FTL-00694,2025-05-30,Atlanta,Minneapolis,QuickMove,Express,19.4,2025-06-03,2025-06-03,Fog,None
FTL-00695,2025-03-16,Denver,Los Angeles,QuickMove,Express,38.7,2025-03-20,2025-03-24,Clear,Carrier delay
FTL-00696,2025-02-13,Denver,Houston,FastShip,Economy,6.7,2025-02-19,2025-02-23,Rain,Address issue
FTL-00697,2025-04-25,Denver,Houston,FastShip,Express,36.7,2025-04-28,2025-04-27,Clear,None
FTL-00698,2025-06-20,Chicago,Boston,FastShip,Express,7.2,2025-06-25,2025-06-26,Clear,Weather disruption
FTL-00699,2025-01-12,Atlanta,Seattle,QuickMove,Economy,47.2,2025-01-18,2025-01-18,Snow,None
FTL-00700,2025-01-14,Chicago,San Francisco,FastShip,Economy,36.7,2025-01-21,2025-01-20,Snow,None
FTL-00701,2025-12-21,Denver,Miami,QuickMove,Economy,47.5,2025-12-27,2025-12-26,Fog,None
FTL-00702,2025-08-29,Atlanta,Miami,QuickMove,Express,4.3,2025-09-04,2025-09-06,Fog,Carrier delay
FTL-00703,2025-02-19,Denver,Houston,FastShip,Economy,38.9,2025-02-24,2025-02-25,Rain,Address issue
FTL-00704,2025-02-14,Phoenix,Miami,QuickMove,Economy,46.2,2025-02-20,2025-02-22,Snow,Carrier delay
FTL-00705,2025-02-28,Atlanta,Houston,QuickMove,Express,2.5,2025-03-03,2025-03-03,Rain,None
FTL-00706,2025-07-03,Denver,Boston,FastShip,Express,6.1,2025-07-09,2025-07-08,Clear,None
FTL-00707,2025-04-05,Denver,New York,QuickMove,Economy,30.4,2025-04-11,2025-04-10,Clear,None
FTL-00708,2025-11-24,Chicago,Los Angeles,FastShip,Express,16.3,2025-12-01,2025-11-30,Fog,None
FTL-00709,2025-06-26,Atlanta,Miami,QuickMove,Economy,31.8,2025-06-29,2025-07-04,Clear,Vehicle breakdown
FTL-00710,2025-07-01,Phoenix,Boston,LogiPro,Economy,21.6,2025-07-07,2025-07-07,Rain,None
FTL-00711,2025-06-10,Atlanta,Los Angeles,FastShip,Express,21.6,2025-06-14,2025-06-14,Fog,None
FTL-00712,2025-11-18,Atlanta,Minneapolis,FastShip,Express,6.2,2025-11-25,2025-11-24,Snow,None
FTL-00713,2025-06-12,Chicago,Minneapolis,FastShip,Express,31.7,2025-06-16,2025-06-16,Rain,None
FTL-00714,2025-02-07,Denver,Miami,LogiPro,Express,1.5,2025-02-10,2025-02-10,Rain,None
FTL-00715,2025-02-16,Chicago,San Francisco,QuickMove,Economy,39.3,2025-02-19,2025-02-21,Snow,Sorting error
FTL-00716,2025-01-08,Denver,Boston,QuickMove,Economy,1.2,2025-01-15,2025-01-15,Snow,None
FTL-00717,2025-10-01,Denver,Nashville,QuickMove,Express,31.6,2025-10-07,2025-10-06,Clear,None
FTL-00718,2025-11-20,Denver,Miami,LogiPro,Economy,26.2,2025-11-27,2025-11-27,Clear,None
FTL-00719,2025-07-07,Chicago,Los Angeles,FastShip,Express,17.9,2025-07-10,2025-07-10,Clear,None
FTL-00720,2025-03-05,Chicago,Dallas,FastShip,Economy,38.5,2025-03-11,2025-03-10,Snow,None
FTL-00721,2025-05-29,Chicago,Houston,LogiPro,Express,40.0,2025-06-02,2025-06-02,Clear,None
FTL-00722,2025-09-16,Atlanta,New York,QuickMove,Express,10.9,2025-09-20,2025-09-20,Rain,None
FTL-00723,2025-09-04,Phoenix,Nashville,QuickMove,Economy,18.3,2025-09-11,2025-09-13,Fog,Carrier delay
FTL-00724,2025-02-11,Chicago,Seattle,QuickMove,Economy,48.2,2025-02-17,2025-02-17,Snow,None
FTL-00725,2025-03-14,Chicago,Seattle,QuickMove,Express,30.0,2025-03-20,2025-03-19,Clear,None
FTL-00726,2025-04-23,Atlanta,Nashville,QuickMove,Economy,13.0,2025-04-27,2025-04-30,Fog,Carrier delay
FTL-00727,2025-03-27,Chicago,Dallas,FastShip,Express,34.5,2025-04-03,2025-04-06,Snow,Carrier delay
FTL-00728,2025-10-02,Denver,Nashville,FastShip,Economy,10.9,2025-10-09,2025-10-09,Rain,None
FTL-00729,2025-01-15,Phoenix,Minneapolis,QuickMove,Economy,1.9,2025-01-19,2025-01-24,Fog,Carrier delay
FTL-00730,2025-08-17,Atlanta,Houston,LogiPro,Express,23.9,2025-08-22,2025-08-21,Rain,None
FTL-00731,2025-08-28,Phoenix,Boston,FastShip,Express,37.0,2025-09-02,2025-09-01,Rain,None
FTL-00732,2025-07-14,Phoenix,Miami,LogiPro,Economy,42.7,2025-07-17,2025-07-21,Rain,Weather disruption
FTL-00733,2025-12-23,Denver,Miami,QuickMove,Express,5.2,2025-12-29,2025-12-29,Clear,None
FTL-00734,2025-06-23,Chicago,San Francisco,FastShip,Economy,3.9,2025-06-26,2025-06-25,Clear,None
FTL-00735,2025-11-18,Phoenix,Houston,QuickMove,Economy,46.1,2025-11-21,2025-11-25,Rain,Sorting error
FTL-00736,2025-03-28,Chicago,San Francisco,LogiPro,Express,11.2,2025-04-01,2025-04-06,Snow,Warehouse processing
FTL-00737,2025-02-05,Denver,Seattle,FastShip,Economy,6.4,2025-02-08,2025-02-08,Clear,None
FTL-00738,2025-08-31,Atlanta,Boston,QuickMove,Economy,33.7,2025-09-07,2025-09-06,Clear,None
FTL-00739,2025-11-25,Atlanta,Seattle,QuickMove,Express,11.1,2025-11-28,2025-11-27,Snow,None
FTL-00740,2025-11-21,Phoenix,Los Angeles,LogiPro,Economy,7.7,2025-11-25,2025-11-25,Clear,None
FTL-00741,2025-08-23,Denver,Dallas,LogiPro,Express,17.5,2025-08-29,2025-08-28,Clear,None
FTL-00742,2025-04-25,Phoenix,New York,QuickMove,Economy,49.6,2025-04-30,2025-05-05,Clear,Vehicle breakdown
FTL-00743,2025-12-11,Atlanta,Boston,QuickMove,Express,20.0,2025-12-15,2025-12-20,Snow,Carrier delay
FTL-00744,2025-04-09,Chicago,New York,LogiPro,Economy,7.5,2025-04-16,2025-04-16,Rain,None
FTL-00745,2025-07-17,Phoenix,Minneapolis,FastShip,Economy,19.3,2025-07-24,2025-07-24,Clear,None
FTL-00746,2025-08-13,Atlanta,Minneapolis,LogiPro,Economy,7.4,2025-08-18,2025-08-17,Clear,None
FTL-00747,2025-10-06,Denver,Houston,FastShip,Express,11.5,2025-10-11,2025-10-11,Clear,None
FTL-00748,2025-01-17,Denver,Nashville,FastShip,Economy,11.3,2025-01-24,2025-01-24,Clear,None
FTL-00749,2025-05-01,Atlanta,Miami,LogiPro,Express,11.3,2025-05-08,2025-05-08,Clear,None
FTL-00750,2025-08-19,Denver,Los Angeles,QuickMove,Express,11.7,2025-08-26,2025-08-25,Fog,None
FTL-00751,2025-10-27,Atlanta,Dallas,QuickMove,Express,13.2,2025-11-03,2025-11-02,Fog,None
FTL-00752,2025-07-25,Denver,Boston,QuickMove,Economy,1.1,2025-07-28,2025-07-27,Clear,None
FTL-00753,2025-03-07,Chicago,Miami,QuickMove,Economy,44.6,2025-03-13,2025-03-13,Fog,None
FTL-00754,2025-07-09,Chicago,New York,LogiPro,Express,2.7,2025-07-12,2025-07-12,Fog,None
FTL-00755,2025-04-16,Chicago,Minneapolis,QuickMove,Economy,19.7,2025-04-19,2025-04-18,Clear,None
FTL-00756,2025-03-21,Denver,New York,QuickMove,Express,35.9,2025-03-28,2025-03-27,Snow,None
FTL-00757,2025-01-28,Atlanta,Miami,LogiPro,Express,44.4,2025-02-02,2025-02-01,Clear,None
FTL-00758,2025-02-13,Atlanta,Dallas,LogiPro,Economy,7.7,2025-02-20,2025-02-19,Rain,None
FTL-00759,2025-01-13,Atlanta,San Francisco,FastShip,Express,16.5,2025-01-17,2025-01-17,Clear,None
FTL-00760,2025-08-18,Denver,Boston,FastShip,Express,47.4,2025-08-25,2025-08-24,Clear,None
FTL-00761,2025-09-16,Chicago,Nashville,LogiPro,Express,43.7,2025-09-23,2025-09-22,Clear,None
FTL-00762,2025-04-17,Denver,Miami,LogiPro,Express,15.5,2025-04-22,2025-04-22,Clear,None
FTL-00763,2025-04-25,Chicago,Boston,QuickMove,Express,38.2,2025-05-02,2025-05-03,Clear,Carrier delay
FTL-00764,2025-11-28,Denver,Houston,QuickMove,Economy,5.8,2025-12-02,2025-12-02,Snow,None
FTL-00765,2025-04-19,Atlanta,Miami,QuickMove,Express,6.8,2025-04-22,2025-04-22,Clear,None
FTL-00766,2025-07-25,Chicago,Minneapolis,QuickMove,Express,37.5,2025-07-31,2025-07-31,Rain,None
FTL-00767,2025-01-03,Phoenix,Dallas,QuickMove,Express,31.5,2025-01-08,2025-01-12,Rain,Vehicle breakdown
FTL-00768,2025-09-20,Atlanta,Nashville,FastShip,Economy,2.4,2025-09-24,2025-09-24,Clear,None
FTL-00769,2025-04-03,Atlanta,Los Angeles,QuickMove,Express,46.1,2025-04-09,2025-04-13,Clear,Vehicle breakdown
FTL-00770,2025-08-30,Phoenix,San Francisco,FastShip,Express,44.3,2025-09-05,2025-09-04,Clear,None
FTL-00771,2025-12-14,Atlanta,Miami,FastShip,Economy,26.8,2025-12-19,2025-12-18,Clear,None
FTL-00772,2025-04-08,Chicago,Dallas,LogiPro,Express,7.3,2025-04-12,2025-04-12,Snow,None
FTL-00773,2025-06-23,Chicago,Nashville,LogiPro,Economy,12.7,2025-06-27,2025-06-27,Rain,None
FTL-00774,2025-04-29,Chicago,Seattle,QuickMove,Express,23.4,2025-05-03,2025-05-05,Clear,Carrier delay
FTL-00775,2025-02-16,Phoenix,Miami,QuickMove,Express,9.8,2025-02-20,2025-02-20,Rain,None
FTL-00776,2025-05-31,Atlanta,Dallas,FastShip,Economy,11.9,2025-06-03,2025-06-05,Clear,Weather disruption
FTL-00777,2025-12-30,Phoenix,Minneapolis,LogiPro,Economy,44.3,2026-01-03,2026-01-03,Snow,None
FTL-00778,2025-11-16,Chicago,San Francisco,FastShip,Economy,5.4,2025-11-22,2025-11-21,Snow,None
FTL-00779,2025-03-03,Denver,San Francisco,QuickMove,Economy,48.8,2025-03-06,2025-03-05,Rain,None
FTL-00780,2025-02-06,Denver,New York,FastShip,Economy,7.9,2025-02-13,2025-02-13,Snow,None
FTL-00781,2025-02-24,Denver,San Francisco,QuickMove,Express,6.7,2025-02-28,2025-03-01,Snow,Carrier delay
FTL-00782,2025-11-22,Phoenix,New York,FastShip,Express,12.1,2025-11-26,2025-11-25,Clear,None
FTL-00783,2025-03-31,Chicago,New York,LogiPro,Economy,24.0,2025-04-03,2025-04-03,Snow,None
FTL-00784,2025-05-23,Phoenix,Los Angeles,FastShip,Express,44.6,2025-05-28,2025-05-27,Clear,None
FTL-00785,2025-12-06,Chicago,Houston,FastShip,Express,44.2,2025-12-10,2025-12-11,Snow,Carrier delay
FTL-00786,2025-03-18,Chicago,Minneapolis,FastShip,Express,31.4,2025-03-25,2025-03-30,Rain,Address issue
FTL-00787,2025-05-16,Chicago,Dallas,FastShip,Express,3.2,2025-05-20,2025-05-20,Rain,None
FTL-00788,2025-11-27,Denver,New York,FastShip,Economy,29.5,2025-12-04,2025-12-07,Snow,Carrier delay
FTL-00789,2025-11-23,Phoenix,Houston,FastShip,Express,18.6,2025-11-27,2025-11-27,Clear,None
FTL-00790,2025-03-04,Phoenix,Minneapolis,FastShip,Economy,5.0,2025-03-09,2025-03-08,Clear,None
FTL-00791,2025-02-26,Phoenix,Los Angeles,QuickMove,Express,22.0,2025-03-05,2025-03-07,Clear,Weather disruption
FTL-00792,2025-02-05,Denver,New York,FastShip,Economy,42.8,2025-02-10,2025-02-09,Clear,None
FTL-00793,2025-02-27,Atlanta,San Francisco,FastShip,Economy,43.6,2025-03-06,2025-03-05,Snow,None
FTL-00794,2025-05-22,Phoenix,San Francisco,QuickMove,Express,32.5,2025-05-27,2025-05-30,Fog,Carrier delay
FTL-00795,2025-08-28,Denver,Los Angeles,FastShip,Economy,29.6,2025-09-03,2025-09-03,Rain,None
FTL-00796,2025-10-24,Chicago,Boston,LogiPro,Express,19.3,2025-10-30,2025-10-30,Fog,None
FTL-00797,2025-04-05,Chicago,Nashville,FastShip,Express,38.3,2025-04-12,2025-04-11,Clear,None
FTL-00798,2025-02-03,Phoenix,Houston,LogiPro,Express,19.4,2025-02-10,2025-02-10,Rain,None
FTL-00799,2025-06-12,Chicago,Miami,FastShip,Economy,24.6,2025-06-16,2025-06-16,Fog,None
FTL-00800,2025-06-11,Denver,Dallas,QuickMove,Express,12.0,2025-06-15,2025-06-14,Clear,None
FTL-00801,2025-11-21,Phoenix,Houston,LogiPro,Economy,1.1,2025-11-27,2025-11-30,Clear,Carrier delay
FTL-00802,2025-07-23,Atlanta,Seattle,FastShip,Economy,43.5,2025-07-27,2025-07-26,Clear,None
FTL-00803,2025-05-21,Denver,Minneapolis,LogiPro,Economy,38.0,2025-05-26,2025-05-25,Rain,None
FTL-00804,2025-04-20,Chicago,Miami,QuickMove,Economy,41.6,2025-04-27,2025-04-26,Clear,None
FTL-00805,2025-09-13,Atlanta,Nashville,QuickMove,Economy,3.1,2025-09-17,2025-09-17,Rain,None
FTL-00806,2025-02-28,Chicago,Dallas,QuickMove,Economy,17.1,2025-03-03,2025-03-03,Snow,None
FTL-00807,2025-10-08,Atlanta,Minneapolis,QuickMove,Express,9.7,2025-10-15,2025-10-15,Rain,None
FTL-00808,2025-07-14,Denver,Los Angeles,QuickMove,Express,8.7,2025-07-19,2025-07-19,Fog,None
FTL-00809,2025-08-29,Phoenix,Houston,LogiPro,Economy,6.0,2025-09-04,2025-09-03,Clear,None
FTL-00810,2025-03-15,Denver,Dallas,LogiPro,Economy,46.7,2025-03-21,2025-03-20,Clear,None
FTL-00811,2025-07-10,Phoenix,Dallas,FastShip,Economy,42.6,2025-07-13,2025-07-16,Rain,Sorting error
FTL-00812,2025-05-13,Phoenix,Seattle,QuickMove,Economy,32.1,2025-05-20,2025-05-20,Clear,None
FTL-00813,2025-08-12,Chicago,Dallas,FastShip,Express,12.5,2025-08-16,2025-08-15,Clear,None
FTL-00814,2025-12-04,Chicago,New York,LogiPro,Express,39.3,2025-12-07,2025-12-06,Fog,None
FTL-00815,2025-02-21,Chicago,Houston,QuickMove,Express,1.9,2025-02-26,2025-02-25,Snow,None
FTL-00816,2025-04-06,Denver,Dallas,FastShip,Express,9.0,2025-04-09,2025-04-08,Clear,None
FTL-00817,2025-03-10,Atlanta,Houston,LogiPro,Economy,44.3,2025-03-15,2025-03-15,Rain,None
FTL-00818,2025-08-14,Phoenix,Dallas,FastShip,Express,44.8,2025-08-20,2025-08-19,Fog,None
FTL-00819,2025-08-21,Phoenix,Minneapolis,FastShip,Economy,22.8,2025-08-27,2025-08-28,Clear,Warehouse processing
FTL-00820,2025-04-09,Phoenix,Miami,FastShip,Express,47.6,2025-04-16,2025-04-17,Fog,Address issue
FTL-00821,2025-08-17,Denver,Nashville,FastShip,Economy,41.3,2025-08-21,2025-08-22,Clear,Weather disruption
FTL-00822,2025-06-04,Chicago,Miami,QuickMove,Economy,27.9,2025-06-07,2025-06-07,Rain,None
FTL-00823,2025-08-15,Atlanta,Nashville,FastShip,Economy,48.5,2025-08-20,2025-08-20,Clear,None
FTL-00824,2025-08-05,Phoenix,New York,LogiPro,Economy,43.2,2025-08-12,2025-08-11,Clear,None
FTL-00825,2025-07-12,Phoenix,Minneapolis,LogiPro,Economy,23.2,2025-07-18,2025-07-18,Clear,None
FTL-00826,2025-01-27,Atlanta,Miami,QuickMove,Express,12.5,2025-01-31,2025-02-04,Snow,Carrier delay
FTL-00827,2025-02-26,Phoenix,Dallas,QuickMove,Economy,10.6,2025-03-05,2025-03-05,Rain,None
FTL-00828,2025-05-20,Denver,Boston,QuickMove,Express,46.2,2025-05-23,2025-05-23,Fog,None
FTL-00829,2025-01-03,Denver,New York,QuickMove,Express,44.1,2025-01-09,2025-01-10,Snow,Sorting error
FTL-00830,2025-05-10,Denver,Seattle,FastShip,Express,27.0,2025-05-17,2025-05-17,Rain,None
FTL-00831,2025-11-27,Phoenix,Los Angeles,QuickMove,Economy,3.9,2025-11-30,2025-11-29,Snow,None
FTL-00832,2025-05-31,Phoenix,San Francisco,QuickMove,Express,26.4,2025-06-03,2025-06-03,Clear,None
FTL-00833,2025-03-31,Phoenix,Boston,LogiPro,Express,25.6,2025-04-06,2025-04-09,Rain,Sorting error
FTL-00834,2025-09-27,Denver,Nashville,QuickMove,Economy,9.9,2025-10-03,2025-10-03,Snow,None
FTL-00835,2025-03-21,Denver,Houston,QuickMove,Express,48.6,2025-03-28,2025-03-28,Snow,None
FTL-00836,2025-06-08,Denver,Minneapolis,FastShip,Economy,30.7,2025-06-14,2025-06-18,Clear,Vehicle breakdown
FTL-00837,2025-08-21,Denver,Houston,QuickMove,Express,14.1,2025-08-25,2025-08-25,Clear,None
FTL-00838,2025-05-07,Atlanta,Houston,QuickMove,Express,26.8,2025-05-10,2025-05-14,Clear,Carrier delay
FTL-00839,2025-03-28,Phoenix,Nashville,LogiPro,Express,11.5,2025-04-04,2025-04-04,Rain,None
FTL-00840,2025-07-06,Chicago,Miami,LogiPro,Economy,50.0,2025-07-09,2025-07-08,Clear,None
FTL-00841,2025-08-25,Phoenix,San Francisco,LogiPro,Economy,34.5,2025-08-30,2025-09-03,Clear,Sorting error
FTL-00842,2025-08-24,Chicago,Boston,QuickMove,Economy,27.1,2025-08-27,2025-08-26,Fog,None
FTL-00843,2025-10-19,Phoenix,Miami,QuickMove,Express,17.8,2025-10-23,2025-10-27,Rain,Address issue
FTL-00844,2025-09-25,Chicago,New York,LogiPro,Economy,34.1,2025-10-01,2025-09-30,Clear,None
FTL-00845,2025-08-26,Denver,Minneapolis,QuickMove,Economy,43.2,2025-08-31,2025-08-30,Clear,None
FTL-00846,2025-11-18,Chicago,Boston,FastShip,Economy,17.4,2025-11-21,2025-11-20,Fog,None
FTL-00847,2025-01-09,Chicago,Boston,FastShip,Express,7.3,2025-01-15,2025-01-14,Snow,None
FTL-00848,2025-08-28,Chicago,New York,QuickMove,Economy,22.7,2025-08-31,2025-08-30,Clear,None
FTL-00849,2025-08-21,Atlanta,Nashville,QuickMove,Economy,31.6,2025-08-26,2025-08-26,Clear,None
FTL-00850,2025-12-25,Atlanta,Nashville,LogiPro,Economy,17.2,2025-12-29,2025-12-28,Clear,None
FTL-00851,2025-10-03,Phoenix,Minneapolis,LogiPro,Economy,17.5,2025-10-09,2025-10-08,Clear,None
FTL-00852,2025-08-02,Atlanta,Nashville,QuickMove,Economy,5.2,2025-08-09,2025-08-08,Clear,None
FTL-00853,2025-10-26,Phoenix,Los Angeles,QuickMove,Economy,36.6,2025-10-30,2025-11-04,Clear,Carrier delay
FTL-00854,2025-02-26,Atlanta,Minneapolis,QuickMove,Express,42.2,2025-03-05,2025-03-10,Rain,Address issue
FTL-00855,2025-07-29,Chicago,Seattle,QuickMove,Express,32.7,2025-08-05,2025-08-05,Fog,None
FTL-00856,2025-06-03,Atlanta,New York,FastShip,Economy,9.6,2025-06-10,2025-06-10,Rain,None
FTL-00857,2025-09-29,Atlanta,Seattle,LogiPro,Economy,24.0,2025-10-06,2025-10-06,Rain,None
FTL-00858,2025-02-15,Denver,Dallas,QuickMove,Economy,40.3,2025-02-22,2025-02-23,Clear,Vehicle breakdown
FTL-00859,2025-06-17,Chicago,San Francisco,LogiPro,Economy,1.6,2025-06-20,2025-06-20,Clear,None
FTL-00860,2025-01-13,Chicago,Houston,QuickMove,Express,31.3,2025-01-19,2025-01-20,Snow,Sorting error
FTL-00861,2025-03-29,Atlanta,Dallas,QuickMove,Economy,47.3,2025-04-05,2025-04-04,Clear,None
FTL-00862,2025-10-18,Denver,Houston,LogiPro,Economy,45.7,2025-10-25,2025-10-24,Clear,None
FTL-00863,2025-06-10,Atlanta,New York,FastShip,Economy,9.1,2025-06-15,2025-06-15,Clear,None
FTL-00864,2025-07-04,Atlanta,Boston,QuickMove,Express,45.8,2025-07-10,2025-07-10,Rain,None
FTL-00865,2025-10-07,Chicago,Nashville,LogiPro,Express,30.0,2025-10-12,2025-10-11,Clear,None
FTL-00866,2025-05-01,Atlanta,Minneapolis,QuickMove,Express,45.0,2025-05-07,2025-05-07,Clear,None
FTL-00867,2025-01-21,Denver,Minneapolis,FastShip,Express,8.6,2025-01-26,2025-01-26,Rain,None
FTL-00868,2025-12-24,Phoenix,Nashville,FastShip,Economy,8.9,2025-12-27,2025-12-27,Snow,None
FTL-00869,2025-05-07,Chicago,Miami,FastShip,Express,12.6,2025-05-10,2025-05-10,Clear,None
FTL-00870,2025-09-05,Denver,Minneapolis,FastShip,Economy,19.2,2025-09-10,2025-09-09,Clear,None
FTL-00871,2025-05-12,Phoenix,Minneapolis,QuickMove,Express,2.9,2025-05-16,2025-05-17,Rain,Carrier delay
FTL-00872,2025-01-22,Phoenix,Boston,LogiPro,Economy,31.1,2025-01-29,2025-01-28,Snow,None
FTL-00873,2025-08-08,Denver,Miami,QuickMove,Express,36.9,2025-08-13,2025-08-12,Clear,None
FTL-00874,2025-03-25,Atlanta,Nashville,FastShip,Economy,11.6,2025-03-28,2025-03-30,Clear,Weather disruption
FTL-00875,2025-01-20,Phoenix,Los Angeles,QuickMove,Express,38.0,2025-01-27,2025-01-28,Clear,Address issue
FTL-00876,2025-01-29,Chicago,Dallas,LogiPro,Express,43.2,2025-02-05,2025-02-04,Snow,None
FTL-00877,2025-08-28,Denver,Seattle,LogiPro,Express,27.7,2025-09-03,2025-09-03,Clear,None
FTL-00878,2025-11-19,Phoenix,Dallas,QuickMove,Express,19.1,2025-11-26,2025-12-01,Fog,Address issue
FTL-00879,2025-12-04,Chicago,Minneapolis,QuickMove,Express,35.9,2025-12-10,2025-12-10,Snow,None
FTL-00880,2025-01-29,Denver,Houston,QuickMove,Express,46.2,2025-02-01,2025-01-31,Clear,None
FTL-00881,2025-09-29,Atlanta,Miami,FastShip,Economy,30.4,2025-10-05,2025-10-05,Clear,None
FTL-00882,2025-07-18,Atlanta,Nashville,FastShip,Express,18.1,2025-07-21,2025-07-20,Rain,None
FTL-00883,2025-09-06,Atlanta,Miami,LogiPro,Express,27.0,2025-09-10,2025-09-10,Rain,None
FTL-00884,2025-06-18,Denver,Minneapolis,LogiPro,Express,17.1,2025-06-22,2025-06-22,Clear,None
FTL-00885,2025-03-05,Phoenix,San Francisco,QuickMove,Express,7.3,2025-03-12,2025-03-11,Clear,None
FTL-00886,2025-04-23,Chicago,Boston,FastShip,Express,35.5,2025-04-27,2025-04-26,Fog,None
FTL-00887,2025-08-08,Phoenix,Los Angeles,LogiPro,Express,30.6,2025-08-12,2025-08-12,Clear,None
FTL-00888,2025-12-19,Atlanta,New York,FastShip,Express,37.9,2025-12-25,2025-12-28,Clear,Warehouse processing
FTL-00889,2025-05-16,Atlanta,Seattle,LogiPro,Economy,30.0,2025-05-22,2025-05-22,Fog,None
FTL-00890,2025-05-19,Denver,Boston,LogiPro,Economy,21.5,2025-05-26,2025-05-25,Rain,None
FTL-00891,2025-12-15,Denver,Los Angeles,QuickMove,Express,43.4,2025-12-22,2025-12-22,Rain,None
FTL-00892,2025-12-13,Atlanta,Minneapolis,QuickMove,Express,37.3,2025-12-18,2025-12-18,Snow,None
FTL-00893,2025-11-11,Phoenix,New York,QuickMove,Economy,39.8,2025-11-16,2025-11-19,Clear,Sorting error
FTL-00894,2025-12-03,Chicago,Minneapolis,FastShip,Express,27.8,2025-12-09,2025-12-08,Rain,None
FTL-00895,2025-02-03,Denver,Minneapolis,FastShip,Economy,25.3,2025-02-10,2025-02-09,Clear,None
FTL-00896,2025-07-25,Atlanta,San Francisco,FastShip,Express,49.9,2025-07-30,2025-07-29,Fog,None
FTL-00897,2025-05-13,Atlanta,Seattle,QuickMove,Economy,23.4,2025-05-20,2025-05-20,Rain,None
FTL-00898,2025-04-30,Chicago,Seattle,FastShip,Express,8.9,2025-05-05,2025-05-04,Rain,None
FTL-00899,2025-11-29,Atlanta,Houston,QuickMove,Express,10.2,2025-12-03,2025-12-02,Rain,None
FTL-00900,2025-09-20,Phoenix,Minneapolis,FastShip,Economy,19.3,2025-09-23,2025-09-23,Clear,None
FTL-00901,2025-02-16,Phoenix,Nashville,QuickMove,Economy,38.9,2025-02-21,2025-02-20,Snow,None
FTL-00902,2025-05-16,Denver,Miami,FastShip,Express,22.1,2025-05-22,2025-05-21,Fog,None
FTL-00903,2025-09-21,Atlanta,Dallas,FastShip,Economy,7.7,2025-09-24,2025-09-24,Clear,None
FTL-00904,2025-04-23,Atlanta,Seattle,FastShip,Economy,10.4,2025-04-27,2025-04-27,Fog,None
FTL-00905,2025-09-29,Atlanta,Miami,FastShip,Express,11.0,2025-10-03,2025-10-02,Rain,None
FTL-00906,2025-09-04,Atlanta,Seattle,LogiPro,Express,26.2,2025-09-10,2025-09-09,Clear,None
FTL-00907,2025-07-24,Denver,Dallas,QuickMove,Express,18.0,2025-07-30,2025-07-30,Clear,None
FTL-00908,2025-04-15,Phoenix,Nashville,FastShip,Economy,7.1,2025-04-20,2025-04-20,Fog,None
FTL-00909,2025-11-20,Atlanta,Dallas,FastShip,Express,13.8,2025-11-24,2025-11-23,Clear,None
FTL-00910,2025-09-17,Phoenix,Boston,LogiPro,Express,16.4,2025-09-24,2025-09-23,Clear,None
FTL-00911,2025-06-26,Denver,San Francisco,LogiPro,Express,9.0,2025-06-30,2025-06-29,Clear,None
FTL-00912,2025-02-17,Phoenix,Dallas,QuickMove,Express,31.5,2025-02-20,2025-02-19,Rain,None
FTL-00913,2025-04-12,Chicago,San Francisco,LogiPro,Express,41.9,2025-04-17,2025-04-16,Clear,None
FTL-00914,2025-03-04,Chicago,Los Angeles,QuickMove,Economy,10.9,2025-03-08,2025-03-10,Clear,Vehicle breakdown
FTL-00915,2025-09-23,Denver,Nashville,QuickMove,Express,4.1,2025-09-27,2025-09-30,Fog,Vehicle breakdown
FTL-00916,2025-10-19,Denver,Seattle,QuickMove,Express,3.8,2025-10-25,2025-10-24,Clear,None
FTL-00917,2025-02-03,Atlanta,Boston,QuickMove,Express,33.7,2025-02-09,2025-02-08,Rain,None
FTL-00918,2025-07-24,Denver,Nashville,QuickMove,Express,1.2,2025-07-27,2025-07-26,Clear,None
FTL-00919,2025-07-03,Phoenix,Nashville,LogiPro,Economy,28.7,2025-07-07,2025-07-07,Rain,None
FTL-00920,2025-08-07,Atlanta,Minneapolis,QuickMove,Economy,39.3,2025-08-12,2025-08-13,Rain,Vehicle breakdown
FTL-00921,2025-03-29,Atlanta,Los Angeles,QuickMove,Express,20.8,2025-04-04,2025-04-03,Clear,None
FTL-00922,2025-04-25,Phoenix,Miami,FastShip,Economy,3.2,2025-05-01,2025-04-30,Clear,None
FTL-00923,2025-10-04,Atlanta,New York,QuickMove,Economy,38.2,2025-10-11,2025-10-10,Clear,None
FTL-00924,2025-04-04,Atlanta,Nashville,FastShip,Express,13.8,2025-04-08,2025-04-13,Clear,Address issue
FTL-00925,2025-03-23,Phoenix,Seattle,LogiPro,Economy,19.4,2025-03-28,2025-03-27,Snow,None
FTL-00926,2025-09-19,Chicago,New York,QuickMove,Economy,34.3,2025-09-22,2025-09-22,Clear,None
FTL-00927,2025-12-19,Chicago,Miami,LogiPro,Express,23.8,2025-12-25,2025-12-24,Clear,None
FTL-00928,2025-10-12,Denver,New York,FastShip,Economy,2.3,2025-10-19,2025-10-19,Clear,None
FTL-00929,2025-01-10,Chicago,Los Angeles,LogiPro,Economy,48.4,2025-01-14,2025-01-13,Snow,None
FTL-00930,2025-07-25,Phoenix,Miami,LogiPro,Economy,40.3,2025-07-29,2025-07-29,Clear,None
FTL-00931,2025-07-22,Phoenix,Boston,QuickMove,Economy,12.3,2025-07-29,2025-07-28,Clear,None
FTL-00932,2025-09-17,Chicago,New York,FastShip,Economy,45.2,2025-09-22,2025-09-22,Clear,None
FTL-00933,2025-06-03,Phoenix,San Francisco,QuickMove,Express,24.5,2025-06-06,2025-06-08,Clear,Carrier delay
FTL-00934,2025-05-09,Denver,Nashville,LogiPro,Economy,18.4,2025-05-14,2025-05-14,Clear,None
FTL-00935,2025-03-01,Denver,Houston,FastShip,Express,29.4,2025-03-07,2025-03-07,Snow,None
FTL-00936,2025-04-11,Denver,Minneapolis,FastShip,Economy,19.8,2025-04-15,2025-04-14,Rain,None
FTL-00937,2025-11-09,Chicago,Los Angeles,FastShip,Express,29.8,2025-11-12,2025-11-11,Clear,None
FTL-00938,2025-04-30,Atlanta,Seattle,QuickMove,Economy,1.8,2025-05-04,2025-05-04,Clear,None
FTL-00939,2025-05-15,Atlanta,Seattle,FastShip,Economy,9.6,2025-05-19,2025-05-18,Clear,None
FTL-00940,2025-03-27,Atlanta,Seattle,LogiPro,Economy,6.9,2025-03-31,2025-03-30,Rain,None
FTL-00941,2025-07-17,Denver,Nashville,FastShip,Economy,36.1,2025-07-24,2025-07-27,Rain,Weather disruption
FTL-00942,2025-09-24,Atlanta,Seattle,LogiPro,Economy,41.8,2025-09-30,2025-09-29,Clear,None
FTL-00943,2025-08-30,Denver,Minneapolis,QuickMove,Express,9.4,2025-09-05,2025-09-05,Clear,None
FTL-00944,2025-12-18,Denver,Nashville,FastShip,Economy,15.8,2025-12-22,2025-12-21,Rain,None
FTL-00945,2025-11-23,Denver,San Francisco,LogiPro,Economy,11.2,2025-11-26,2025-11-25,Clear,None
FTL-00946,2025-10-24,Atlanta,Minneapolis,FastShip,Express,41.9,2025-10-30,2025-10-29,Clear,None
FTL-00947,2025-09-05,Atlanta,San Francisco,QuickMove,Economy,18.5,2025-09-12,2025-09-16,Clear,Sorting error
FTL-00948,2025-10-17,Chicago,New York,QuickMove,Economy,13.1,2025-10-22,2025-10-22,Clear,None
FTL-00949,2025-02-10,Atlanta,San Francisco,QuickMove,Economy,18.0,2025-02-13,2025-02-14,Clear,Carrier delay
FTL-00950,2025-11-06,Phoenix,Miami,LogiPro,Economy,42.9,2025-11-10,2025-11-09,Clear,None
FTL-00951,2025-03-31,Denver,Houston,QuickMove,Express,18.9,2025-04-04,2025-04-04,Fog,None
FTL-00952,2025-07-07,Denver,Dallas,LogiPro,Economy,16.0,2025-07-12,2025-07-11,Rain,None
FTL-00953,2025-05-19,Phoenix,Boston,FastShip,Express,41.0,2025-05-24,2025-05-24,Clear,None
FTL-00954,2025-07-18,Phoenix,Nashville,QuickMove,Express,38.0,2025-07-24,2025-07-24,Fog,None
FTL-00955,2025-04-02,Phoenix,Seattle,LogiPro,Economy,29.6,2025-04-06,2025-04-05,Clear,None
FTL-00956,2025-04-15,Atlanta,Miami,FastShip,Economy,33.1,2025-04-22,2025-04-21,Clear,None
FTL-00957,2025-05-19,Chicago,Boston,FastShip,Economy,7.2,2025-05-25,2025-05-27,Rain,Vehicle breakdown
FTL-00958,2025-02-07,Atlanta,Minneapolis,QuickMove,Express,29.7,2025-02-13,2025-02-13,Rain,None
FTL-00959,2025-03-17,Chicago,Minneapolis,LogiPro,Economy,47.4,2025-03-20,2025-03-19,Clear,None
FTL-00960,2025-01-16,Phoenix,Los Angeles,LogiPro,Express,14.4,2025-01-19,2025-01-18,Clear,None
FTL-00961,2025-06-07,Atlanta,Seattle,FastShip,Economy,4.3,2025-06-12,2025-06-11,Clear,None
FTL-00962,2025-01-30,Chicago,Minneapolis,QuickMove,Express,8.9,2025-02-04,2025-02-03,Clear,None
FTL-00963,2025-12-07,Denver,San Francisco,FastShip,Economy,41.9,2025-12-12,2025-12-11,Fog,None
FTL-00964,2025-07-13,Denver,Los Angeles,FastShip,Express,41.6,2025-07-17,2025-07-19,Rain,Carrier delay
FTL-00965,2025-05-26,Chicago,Los Angeles,LogiPro,Express,17.3,2025-06-02,2025-06-04,Snow,Carrier delay
FTL-00966,2025-10-20,Atlanta,Nashville,QuickMove,Express,25.0,2025-10-23,2025-10-23,Clear,None
FTL-00967,2025-12-10,Phoenix,Boston,QuickMove,Express,49.9,2025-12-17,2025-12-20,Rain,Sorting error
FTL-00968,2025-10-10,Phoenix,Dallas,QuickMove,Economy,19.9,2025-10-16,2025-10-19,Rain,Weather disruption
FTL-00969,2025-07-31,Phoenix,New York,QuickMove,Economy,36.4,2025-08-05,2025-08-04,Rain,None
FTL-00970,2025-02-26,Chicago,Miami,FastShip,Express,49.5,2025-03-05,2025-03-05,Snow,None
FTL-00971,2025-09-21,Denver,San Francisco,FastShip,Economy,20.7,2025-09-28,2025-09-27,Clear,None
FTL-00972,2025-01-25,Phoenix,Houston,QuickMove,Economy,13.3,2025-02-01,2025-02-01,Clear,None
FTL-00973,2025-09-17,Denver,Minneapolis,LogiPro,Economy,21.6,2025-09-23,2025-09-22,Clear,None
FTL-00974,2025-02-03,Denver,Los Angeles,LogiPro,Express,28.6,2025-02-09,2025-02-13,Snow,Warehouse processing
FTL-00975,2025-11-20,Chicago,Minneapolis,QuickMove,Express,37.5,2025-11-23,2025-11-28,Snow,Carrier delay
FTL-00976,2025-09-28,Chicago,Miami,LogiPro,Economy,29.2,2025-10-02,2025-10-01,Clear,None
FTL-00977,2025-12-09,Phoenix,Houston,FastShip,Express,34.1,2025-12-16,2025-12-15,Rain,None
FTL-00978,2025-08-20,Phoenix,Seattle,QuickMove,Express,21.0,2025-08-24,2025-08-23,Fog,None
FTL-00979,2025-02-05,Atlanta,Dallas,QuickMove,Express,49.7,2025-02-10,2025-02-09,Snow,None
FTL-00980,2025-02-04,Phoenix,Los Angeles,FastShip,Express,32.1,2025-02-08,2025-02-08,Fog,None
FTL-00981,2025-09-25,Chicago,Boston,LogiPro,Express,36.9,2025-10-01,2025-10-01,Clear,None
FTL-00982,2025-07-14,Denver,Miami,FastShip,Express,1.7,2025-07-21,2025-07-20,Clear,None
FTL-00983,2025-11-07,Atlanta,Houston,FastShip,Express,16.5,2025-11-11,2025-11-15,Rain,Weather disruption
FTL-00984,2025-11-04,Denver,Nashville,QuickMove,Economy,44.1,2025-11-10,2025-11-09,Snow,None
FTL-00985,2025-04-20,Chicago,Houston,LogiPro,Express,28.2,2025-04-24,2025-04-23,Clear,None
FTL-00986,2025-04-04,Atlanta,Nashville,FastShip,Express,38.2,2025-04-09,2025-04-08,Fog,None
FTL-00987,2025-11-07,Phoenix,San Francisco,LogiPro,Economy,35.4,2025-11-14,2025-11-14,Snow,None
FTL-00988,2025-08-01,Denver,Miami,FastShip,Express,38.4,2025-08-06,2025-08-05,Clear,None
FTL-00989,2025-07-31,Phoenix,Miami,QuickMove,Economy,2.8,2025-08-06,2025-08-08,Clear,Weather disruption
FTL-00990,2025-09-05,Atlanta,Boston,QuickMove,Express,24.9,2025-09-09,2025-09-09,Clear,None
FTL-00991,2025-01-05,Chicago,Minneapolis,FastShip,Express,5.1,2025-01-10,2025-01-10,Clear,None
FTL-00992,2025-06-02,Phoenix,Houston,QuickMove,Express,37.6,2025-06-09,2025-06-09,Rain,None
FTL-00993,2025-10-22,Atlanta,Miami,QuickMove,Economy,38.2,2025-10-28,2025-11-01,Rain,Carrier delay
FTL-00994,2025-10-22,Chicago,Dallas,FastShip,Express,18.1,2025-10-26,2025-10-30,Clear,Weather disruption
FTL-00995,2025-10-14,Phoenix,Miami,QuickMove,Express,39.6,2025-10-21,2025-10-21,Clear,None
FTL-00996,2025-03-23,Denver,Seattle,QuickMove,Economy,32.9,2025-03-28,2025-03-27,Snow,None
FTL-00997,2025-11-11,Denver,Seattle,LogiPro,Economy,10.0,2025-11-16,2025-11-15,Fog,None
FTL-00998,2025-07-01,Chicago,San Francisco,FastShip,Economy,7.9,2025-07-05,2025-07-04,Fog,None
FTL-00999,2025-12-10,Denver,New York,LogiPro,Economy,44.1,2025-12-13,2025-12-13,Snow,None
FTL-01000,2025-04-04,Phoenix,Boston,QuickMove,Economy,33.0,2025-04-11,2025-04-10,Rain,None
FTL-01001,2025-03-16,Chicago,Nashville,QuickMove,Economy,6.9,2025-03-22,2025-03-23,Snow,Sorting error
FTL-01002,2025-02-21,Denver,Seattle,QuickMove,Express,46.3,2025-02-24,2025-02-24,Clear,None
FTL-01003,2025-08-29,Denver,Minneapolis,LogiPro,Express,41.5,2025-09-03,2025-09-02,Clear,None
FTL-01004,2025-07-02,Denver,Houston,QuickMove,Express,1.7,2025-07-09,2025-07-10,Clear,Sorting error
FTL-01005,2025-06-02,Denver,Minneapolis,LogiPro,Express,37.1,2025-06-06,2025-06-09,Clear,Weather disruption
FTL-01006,2025-02-14,Denver,San Francisco,LogiPro,Economy,22.5,2025-02-17,2025-02-22,Snow,Address issue
FTL-01007,2025-07-01,Denver,Boston,FastShip,Economy,5.6,2025-07-08,2025-07-07,Clear,None
FTL-01008,2025-02-03,Denver,Nashville,FastShip,Economy,33.0,2025-02-07,2025-02-09,Rain,Warehouse processing
FTL-01009,2025-12-03,Denver,San Francisco,QuickMove,Express,32.7,2025-12-07,2025-12-06,Clear,None
FTL-01010,2025-03-18,Chicago,Boston,LogiPro,Express,8.8,2025-03-21,2025-03-20,Clear,None
FTL-01011,2025-01-22,Phoenix,Boston,LogiPro,Economy,16.6,2025-01-29,2025-01-28,Fog,None
FTL-01012,2025-01-18,Denver,Minneapolis,LogiPro,Economy,5.9,2025-01-25,2025-01-24,Snow,None
FTL-01013,2025-03-06,Atlanta,Seattle,QuickMove,Express,7.5,2025-03-13,2025-03-14,Fog,Address issue
FTL-01014,2025-02-23,Phoenix,Miami,QuickMove,Express,46.6,2025-03-02,2025-03-01,Snow,None
FTL-01015,2025-09-28,Phoenix,Boston,FastShip,Economy,44.3,2025-10-03,2025-10-03,Clear,None
FTL-01016,2025-03-28,Phoenix,Miami,QuickMove,Economy,40.8,2025-04-01,2025-04-01,Clear,None
FTL-01017,2025-07-12,Chicago,San Francisco,FastShip,Express,9.1,2025-07-15,2025-07-14,Clear,None
FTL-01018,2025-02-25,Atlanta,Dallas,FastShip,Express,22.3,2025-03-02,2025-03-01,Fog,None
FTL-01019,2025-10-12,Denver,Houston,QuickMove,Express,6.7,2025-10-19,2025-10-19,Clear,None
FTL-01020,2025-01-30,Denver,Miami,FastShip,Express,16.0,2025-02-02,2025-02-01,Clear,None
FTL-01021,2025-02-04,Atlanta,Nashville,LogiPro,Express,49.6,2025-02-07,2025-02-10,Clear,Address issue
FTL-01022,2025-04-02,Atlanta,San Francisco,FastShip,Economy,48.6,2025-04-05,2025-04-04,Clear,None
FTL-01023,2025-04-13,Phoenix,Los Angeles,FastShip,Express,45.7,2025-04-20,2025-04-23,Clear,Warehouse processing
FTL-01024,2025-05-03,Chicago,Dallas,FastShip,Economy,26.2,2025-05-09,2025-05-12,Clear,Address issue
FTL-01025,2025-12-27,Phoenix,Miami,FastShip,Express,5.1,2025-12-31,2025-12-30,Clear,None
FTL-01026,2025-07-06,Phoenix,Dallas,QuickMove,Economy,7.1,2025-07-12,2025-07-12,Clear,None
FTL-01027,2025-12-26,Denver,Nashville,FastShip,Economy,25.3,2026-01-01,2026-01-01,Clear,None
FTL-01028,2025-07-27,Denver,Minneapolis,QuickMove,Express,19.9,2025-07-31,2025-07-30,Rain,None
FTL-01029,2025-11-30,Denver,San Francisco,QuickMove,Express,44.6,2025-12-03,2025-12-02,Snow,None
FTL-01030,2025-12-15,Chicago,Houston,QuickMove,Express,45.0,2025-12-19,2025-12-19,Rain,None
FTL-01031,2025-07-11,Atlanta,Miami,FastShip,Economy,48.9,2025-07-14,2025-07-14,Rain,None
FTL-01032,2025-02-19,Chicago,San Francisco,FastShip,Economy,8.4,2025-02-25,2025-02-24,Clear,None
FTL-01033,2025-05-20,Phoenix,Houston,FastShip,Economy,35.8,2025-05-26,2025-05-26,Rain,None
FTL-01034,2025-05-14,Denver,Dallas,QuickMove,Economy,16.5,2025-05-18,2025-05-18,Fog,None
FTL-01035,2025-03-06,Denver,San Francisco,FastShip,Economy,44.0,2025-03-13,2025-03-13,Rain,None
FTL-01036,2025-07-14,Denver,Los Angeles,LogiPro,Economy,34.4,2025-07-18,2025-07-18,Rain,None
FTL-01037,2025-02-12,Phoenix,Dallas,FastShip,Economy,46.7,2025-02-15,2025-02-14,Clear,None
FTL-01038,2025-10-04,Phoenix,Houston,FastShip,Express,19.6,2025-10-10,2025-10-09,Fog,None
FTL-01039,2025-11-07,Chicago,Nashville,LogiPro,Express,41.6,2025-11-12,2025-11-11,Clear,None
FTL-01040,2025-03-20,Chicago,San Francisco,QuickMove,Economy,19.7,2025-03-26,2025-03-28,Clear,Vehicle breakdown
FTL-01041,2025-06-17,Phoenix,Los Angeles,QuickMove,Economy,14.8,2025-06-23,2025-06-23,Rain,None
FTL-01042,2025-05-27,Chicago,Nashville,QuickMove,Express,2.1,2025-05-30,2025-05-30,Clear,None
FTL-01043,2025-06-15,Phoenix,Miami,FastShip,Economy,46.0,2025-06-19,2025-06-23,Fog,Warehouse processing
FTL-01044,2025-06-23,Atlanta,Nashville,LogiPro,Express,30.2,2025-06-27,2025-06-26,Clear,None
FTL-01045,2025-05-20,Denver,New York,QuickMove,Express,42.9,2025-05-27,2025-05-26,Rain,None
FTL-01046,2025-01-25,Chicago,Houston,FastShip,Economy,3.7,2025-01-30,2025-01-29,Rain,None
FTL-01047,2025-05-31,Chicago,Nashville,FastShip,Economy,22.9,2025-06-05,2025-06-04,Clear,None
FTL-01048,2025-02-06,Phoenix,New York,QuickMove,Economy,6.6,2025-02-09,2025-02-09,Rain,None
FTL-01049,2025-11-17,Phoenix,Houston,FastShip,Economy,26.8,2025-11-22,2025-11-21,Clear,None
FTL-01050,2025-01-28,Phoenix,Dallas,LogiPro,Economy,28.6,2025-02-03,2025-02-05,Rain,Carrier delay
FTL-01051,2025-12-20,Atlanta,Dallas,LogiPro,Express,39.4,2025-12-24,2025-12-24,Rain,None
FTL-01052,2025-09-19,Chicago,New York,LogiPro,Economy,22.4,2025-09-23,2025-09-22,Clear,None
FTL-01053,2025-11-18,Atlanta,Dallas,LogiPro,Express,22.8,2025-11-21,2025-11-21,Fog,None
FTL-01054,2025-01-26,Chicago,Boston,QuickMove,Economy,38.3,2025-02-02,2025-02-02,Rain,None
FTL-01055,2025-07-07,Atlanta,Miami,QuickMove,Economy,30.3,2025-07-14,2025-07-14,Clear,None
FTL-01056,2025-10-31,Atlanta,Nashville,QuickMove,Express,31.5,2025-11-07,2025-11-06,Rain,None
FTL-01057,2025-01-03,Chicago,Seattle,QuickMove,Express,13.7,2025-01-08,2025-01-07,Clear,None
FTL-01058,2025-01-25,Denver,New York,LogiPro,Economy,30.9,2025-02-01,2025-01-31,Snow,None
FTL-01059,2025-11-19,Denver,Seattle,FastShip,Express,47.1,2025-11-24,2025-11-24,Fog,None
FTL-01060,2025-04-29,Atlanta,Dallas,LogiPro,Economy,26.1,2025-05-06,2025-05-06,Rain,None
FTL-01061,2025-04-12,Chicago,New York,QuickMove,Express,39.2,2025-04-19,2025-04-18,Clear,None
FTL-01062,2025-12-22,Phoenix,Houston,FastShip,Express,26.9,2025-12-25,2025-12-25,Clear,None
FTL-01063,2025-02-14,Phoenix,San Francisco,QuickMove,Express,19.7,2025-02-20,2025-02-19,Clear,None
FTL-01064,2025-11-08,Denver,San Francisco,LogiPro,Express,17.2,2025-11-13,2025-11-12,Clear,None
FTL-01065,2025-07-20,Chicago,Dallas,QuickMove,Express,33.0,2025-07-25,2025-07-25,Clear,None
FTL-01066,2025-04-27,Denver,Nashville,QuickMove,Economy,25.1,2025-05-02,2025-05-02,Fog,None
FTL-01067,2025-10-23,Phoenix,Dallas,FastShip,Economy,33.0,2025-10-29,2025-10-28,Clear,None
FTL-01068,2025-08-03,Phoenix,Houston,LogiPro,Express,34.7,2025-08-06,2025-08-07,Clear,Warehouse processing
FTL-01069,2025-09-09,Atlanta,Los Angeles,FastShip,Economy,13.8,2025-09-16,2025-09-16,Rain,None
FTL-01070,2025-04-20,Phoenix,New York,QuickMove,Express,26.2,2025-04-27,2025-04-26,Clear,None
FTL-01071,2025-04-10,Chicago,Houston,FastShip,Express,3.6,2025-04-13,2025-04-13,Clear,None
FTL-01072,2025-06-10,Phoenix,Boston,FastShip,Economy,42.3,2025-06-14,2025-06-13,Clear,None
FTL-01073,2025-01-19,Phoenix,Nashville,QuickMove,Economy,3.9,2025-01-22,2025-01-22,Clear,None
FTL-01074,2025-10-08,Chicago,Dallas,FastShip,Economy,16.2,2025-10-15,2025-10-14,Clear,None
FTL-01075,2025-06-07,Phoenix,New York,FastShip,Express,47.6,2025-06-12,2025-06-11,Clear,None
FTL-01076,2025-03-29,Atlanta,Minneapolis,QuickMove,Economy,47.8,2025-04-01,2025-04-01,Snow,None
FTL-01077,2025-12-29,Denver,New York,LogiPro,Economy,11.6,2026-01-05,2026-01-05,Clear,None
FTL-01078,2025-02-05,Chicago,Nashville,LogiPro,Express,20.7,2025-02-12,2025-02-17,Clear,Warehouse processing
FTL-01079,2025-05-02,Denver,New York,QuickMove,Economy,47.2,2025-05-06,2025-05-10,Fog,Carrier delay
FTL-01080,2025-02-13,Denver,Boston,FastShip,Express,11.2,2025-02-18,2025-02-18,Rain,None
FTL-01081,2025-10-18,Chicago,Seattle,QuickMove,Express,16.7,2025-10-23,2025-10-22,Clear,None
FTL-01082,2025-05-21,Chicago,Miami,FastShip,Economy,37.3,2025-05-26,2025-05-25,Clear,None
FTL-01083,2025-02-11,Denver,Nashville,FastShip,Economy,4.2,2025-02-18,2025-02-17,Clear,None
FTL-01084,2025-02-19,Phoenix,Minneapolis,FastShip,Express,31.5,2025-02-26,2025-03-02,Snow,Weather disruption
FTL-01085,2025-11-01,Phoenix,Miami,QuickMove,Express,39.4,2025-11-04,2025-11-05,Rain,Vehicle breakdown
FTL-01086,2025-01-10,Atlanta,Miami,FastShip,Economy,46.8,2025-01-17,2025-01-17,Clear,None
FTL-01087,2025-12-15,Phoenix,Dallas,FastShip,Express,45.7,2025-12-18,2025-12-18,Clear,None
FTL-01088,2025-05-02,Phoenix,New York,QuickMove,Express,3.2,2025-05-08,2025-05-07,Rain,None
FTL-01089,2025-07-26,Chicago,Seattle,QuickMove,Economy,49.8,2025-08-01,2025-07-31,Clear,None
FTL-01090,2025-06-10,Atlanta,Seattle,QuickMove,Express,5.6,2025-06-13,2025-06-13,Clear,None
FTL-01091,2025-02-15,Denver,Nashville,QuickMove,Economy,26.1,2025-02-18,2025-02-17,Rain,None
FTL-01092,2025-08-12,Phoenix,New York,LogiPro,Economy,19.9,2025-08-17,2025-08-17,Clear,None
FTL-01093,2025-01-04,Denver,Nashville,FastShip,Economy,47.8,2025-01-08,2025-01-08,Snow,None
FTL-01094,2025-03-24,Chicago,Seattle,LogiPro,Express,23.7,2025-03-31,2025-03-31,Snow,None
FTL-01095,2025-08-24,Atlanta,New York,FastShip,Express,13.9,2025-08-29,2025-08-28,Clear,None
FTL-01096,2025-04-10,Chicago,Los Angeles,QuickMove,Economy,44.8,2025-04-13,2025-04-13,Rain,None
FTL-01097,2025-12-20,Denver,Dallas,LogiPro,Express,46.3,2025-12-25,2025-12-24,Snow,None
FTL-01098,2025-12-22,Phoenix,Minneapolis,QuickMove,Express,14.4,2025-12-25,2025-12-28,Snow,Sorting error
FTL-01099,2025-08-24,Atlanta,Miami,FastShip,Express,15.3,2025-08-27,2025-08-29,Fog,Warehouse processing
FTL-01100,2025-05-17,Denver,Boston,LogiPro,Economy,20.9,2025-05-20,2025-05-19,Rain,None
FTL-01101,2025-02-13,Phoenix,Boston,QuickMove,Express,35.9,2025-02-20,2025-02-20,Clear,None
FTL-01102,2025-04-15,Atlanta,Minneapolis,LogiPro,Economy,43.3,2025-04-21,2025-04-21,Snow,None
FTL-01103,2025-09-23,Chicago,Houston,LogiPro,Express,19.4,2025-09-30,2025-09-29,Clear,None
FTL-01104,2025-02-13,Atlanta,New York,FastShip,Economy,15.1,2025-02-16,2025-02-15,Clear,None
FTL-01105,2025-10-30,Phoenix,Nashville,LogiPro,Express,20.7,2025-11-04,2025-11-03,Clear,None
FTL-01106,2025-10-19,Phoenix,Nashville,FastShip,Express,5.1,2025-10-26,2025-10-25,Clear,None
FTL-01107,2025-05-18,Phoenix,Boston,LogiPro,Economy,2.3,2025-05-23,2025-05-23,Clear,None
FTL-01108,2025-10-25,Phoenix,Boston,FastShip,Economy,30.9,2025-10-30,2025-10-29,Rain,None
FTL-01109,2025-01-20,Denver,Los Angeles,QuickMove,Economy,33.7,2025-01-24,2025-01-26,Clear,Vehicle breakdown
FTL-01110,2025-02-13,Denver,Nashville,QuickMove,Express,44.0,2025-02-17,2025-02-16,Rain,None
FTL-01111,2025-07-06,Denver,Dallas,FastShip,Economy,39.7,2025-07-10,2025-07-09,Clear,None
FTL-01112,2025-08-10,Chicago,Boston,FastShip,Economy,15.8,2025-08-13,2025-08-13,Rain,None
FTL-01113,2025-09-29,Chicago,Boston,FastShip,Express,8.9,2025-10-03,2025-10-03,Clear,None
FTL-01114,2025-01-10,Denver,Minneapolis,QuickMove,Economy,3.8,2025-01-16,2025-01-16,Clear,None
FTL-01115,2025-08-08,Chicago,San Francisco,QuickMove,Express,43.0,2025-08-15,2025-08-15,Fog,None
FTL-01116,2025-08-21,Chicago,San Francisco,LogiPro,Express,10.7,2025-08-24,2025-08-23,Clear,None
FTL-01117,2025-06-25,Phoenix,Dallas,QuickMove,Economy,34.2,2025-06-28,2025-06-29,Clear,Carrier delay
FTL-01118,2025-02-05,Denver,Seattle,FastShip,Express,46.0,2025-02-10,2025-02-10,Snow,None
FTL-01119,2025-05-27,Chicago,Boston,FastShip,Express,30.0,2025-06-03,2025-06-03,Clear,None
FTL-01120,2025-08-27,Chicago,Seattle,FastShip,Express,48.7,2025-09-01,2025-08-31,Clear,None
FTL-01121,2025-07-31,Phoenix,Nashville,QuickMove,Express,14.8,2025-08-06,2025-08-08,Rain,Carrier delay
FTL-01122,2025-07-03,Chicago,Houston,QuickMove,Express,5.7,2025-07-08,2025-07-07,Rain,None
FTL-01123,2025-09-22,Denver,Miami,FastShip,Economy,26.8,2025-09-26,2025-09-25,Rain,None
FTL-01124,2025-04-26,Chicago,Boston,FastShip,Economy,9.1,2025-04-29,2025-04-29,Rain,None
FTL-01125,2025-09-25,Chicago,Nashville,QuickMove,Economy,24.9,2025-09-30,2025-09-30,Rain,None
FTL-01126,2025-01-20,Phoenix,Houston,FastShip,Economy,3.7,2025-01-24,2025-01-24,Clear,None
FTL-01127,2025-01-03,Denver,New York,LogiPro,Express,43.7,2025-01-08,2025-01-08,Snow,None
FTL-01128,2025-12-20,Chicago,Boston,QuickMove,Economy,7.7,2025-12-23,2025-12-23,Fog,None
FTL-01129,2025-09-15,Chicago,Boston,FastShip,Economy,14.5,2025-09-19,2025-09-19,Clear,None
FTL-01130,2025-03-25,Denver,Los Angeles,FastShip,Express,12.1,2025-03-30,2025-03-29,Rain,None
FTL-01131,2025-03-07,Chicago,San Francisco,FastShip,Economy,32.5,2025-03-11,2025-03-11,Snow,None
FTL-01132,2025-11-11,Atlanta,Nashville,QuickMove,Express,5.9,2025-11-16,2025-11-21,Clear,Vehicle breakdown
FTL-01133,2025-03-27,Phoenix,Dallas,QuickMove,Economy,21.1,2025-03-31,2025-03-31,Rain,None
FTL-01134,2025-08-11,Chicago,Nashville,LogiPro,Economy,39.6,2025-08-15,2025-08-14,Rain,None
FTL-01135,2025-04-21,Denver,Seattle,FastShip,Express,29.8,2025-04-27,2025-04-27,Rain,None
FTL-01136,2025-02-27,Denver,Los Angeles,QuickMove,Express,30.3,2025-03-04,2025-03-04,Snow,None
FTL-01137,2025-11-30,Chicago,Dallas,QuickMove,Express,36.9,2025-12-03,2025-12-02,Clear,None
FTL-01138,2025-01-22,Chicago,Seattle,QuickMove,Economy,19.7,2025-01-26,2025-01-26,Clear,None
FTL-01139,2025-06-11,Denver,Houston,QuickMove,Express,32.8,2025-06-17,2025-06-18,Snow,Carrier delay
FTL-01140,2025-10-20,Atlanta,Boston,LogiPro,Express,26.3,2025-10-25,2025-10-25,Clear,None
FTL-01141,2025-07-20,Atlanta,Seattle,FastShip,Economy,12.1,2025-07-23,2025-07-23,Rain,None
FTL-01142,2025-06-20,Atlanta,Dallas,LogiPro,Economy,16.6,2025-06-23,2025-06-22,Rain,None
FTL-01143,2025-10-24,Phoenix,Miami,QuickMove,Economy,34.5,2025-10-30,2025-10-29,Fog,None
FTL-01144,2025-10-27,Phoenix,Boston,FastShip,Express,9.8,2025-11-03,2025-11-02,Fog,None
FTL-01145,2025-06-09,Atlanta,San Francisco,LogiPro,Economy,25.8,2025-06-12,2025-06-11,Clear,None
FTL-01146,2025-05-15,Denver,Boston,QuickMove,Express,20.0,2025-05-20,2025-05-24,Rain,Carrier delay
FTL-01147,2025-09-18,Denver,Boston,FastShip,Economy,26.0,2025-09-25,2025-09-24,Fog,None
FTL-01148,2025-02-27,Chicago,New York,LogiPro,Express,29.7,2025-03-02,2025-03-02,Clear,None
FTL-01149,2025-02-23,Phoenix,Nashville,LogiPro,Economy,4.5,2025-03-01,2025-02-28,Snow,None
FTL-01150,2025-09-03,Denver,New York,FastShip,Economy,47.8,2025-09-07,2025-09-07,Clear,None
FTL-01151,2025-12-16,Atlanta,Boston,QuickMove,Express,16.2,2025-12-21,2025-12-21,Clear,None
FTL-01152,2025-12-19,Atlanta,Boston,QuickMove,Express,13.4,2025-12-23,2025-12-26,Clear,Carrier delay
FTL-01153,2025-04-13,Chicago,Los Angeles,FastShip,Economy,14.5,2025-04-18,2025-04-20,Rain,Carrier delay
FTL-01154,2025-11-12,Chicago,New York,LogiPro,Economy,7.0,2025-11-16,2025-11-15,Snow,None
FTL-01155,2025-11-22,Chicago,Houston,FastShip,Express,5.4,2025-11-28,2025-12-03,Rain,Address issue
FTL-01156,2025-05-24,Denver,Houston,FastShip,Economy,38.6,2025-05-27,2025-05-27,Rain,None
FTL-01157,2025-08-11,Chicago,Los Angeles,FastShip,Express,14.7,2025-08-16,2025-08-16,Clear,None
FTL-01158,2025-06-29,Phoenix,Miami,FastShip,Express,20.4,2025-07-06,2025-07-06,Rain,None
FTL-01159,2025-04-18,Denver,Minneapolis,QuickMove,Economy,17.7,2025-04-21,2025-04-20,Rain,None
FTL-01160,2025-09-28,Phoenix,Houston,LogiPro,Economy,17.2,2025-10-03,2025-10-05,Clear,Carrier delay
FTL-01161,2025-10-21,Atlanta,Dallas,FastShip,Express,25.5,2025-10-26,2025-10-26,Clear,None
FTL-01162,2025-12-26,Denver,Seattle,FastShip,Express,7.8,2025-12-30,2025-12-30,Snow,None
FTL-01163,2025-11-03,Atlanta,Los Angeles,FastShip,Economy,47.6,2025-11-07,2025-11-07,Rain,None
FTL-01164,2025-12-25,Denver,New York,FastShip,Express,17.1,2025-12-30,2025-12-30,Snow,None
FTL-01165,2025-02-25,Phoenix,San Francisco,FastShip,Economy,44.8,2025-03-01,2025-02-28,Snow,None
FTL-01166,2025-10-03,Phoenix,Houston,FastShip,Economy,38.1,2025-10-09,2025-10-09,Clear,None
FTL-01167,2025-08-02,Denver,Seattle,LogiPro,Economy,4.9,2025-08-07,2025-08-07,Clear,None
FTL-01168,2025-10-20,Denver,Dallas,QuickMove,Express,31.2,2025-10-27,2025-10-27,Clear,None
FTL-01169,2025-06-02,Denver,San Francisco,FastShip,Express,21.3,2025-06-07,2025-06-06,Clear,None
FTL-01170,2025-02-03,Denver,Los Angeles,QuickMove,Express,49.5,2025-02-07,2025-02-09,Snow,Carrier delay
FTL-01171,2025-08-06,Denver,Miami,LogiPro,Express,15.2,2025-08-13,2025-08-13,Clear,None
FTL-01172,2025-03-25,Phoenix,Houston,LogiPro,Economy,11.1,2025-04-01,2025-03-31,Clear,None
FTL-01173,2025-02-20,Denver,Dallas,FastShip,Economy,33.1,2025-02-24,2025-02-24,Snow,None
FTL-01174,2025-02-08,Atlanta,Nashville,QuickMove,Express,23.6,2025-02-12,2025-02-12,Snow,None
FTL-01175,2025-11-01,Phoenix,San Francisco,LogiPro,Economy,2.7,2025-11-06,2025-11-05,Clear,None
FTL-01176,2025-04-27,Atlanta,Miami,QuickMove,Express,36.3,2025-05-02,2025-05-01,Clear,None
FTL-01177,2025-06-15,Chicago,New York,QuickMove,Express,15.3,2025-06-22,2025-06-22,Clear,None
FTL-01178,2025-01-04,Chicago,Seattle,LogiPro,Express,19.8,2025-01-10,2025-01-09,Rain,None
FTL-01179,2025-06-23,Denver,Boston,QuickMove,Economy,18.2,2025-06-27,2025-06-27,Fog,None
FTL-01180,2025-07-31,Denver,Seattle,QuickMove,Economy,35.1,2025-08-04,2025-08-04,Fog,None
FTL-01181,2025-06-04,Chicago,Seattle,FastShip,Express,29.4,2025-06-10,2025-06-10,Fog,None
FTL-01182,2025-09-08,Atlanta,Boston,LogiPro,Economy,3.9,2025-09-14,2025-09-14,Clear,None
FTL-01183,2025-04-14,Phoenix,Houston,LogiPro,Economy,33.4,2025-04-18,2025-04-17,Clear,None
FTL-01184,2025-09-13,Denver,Los Angeles,QuickMove,Express,10.1,2025-09-20,2025-09-23,Clear,Carrier delay
FTL-01185,2025-06-28,Atlanta,Houston,FastShip,Economy,5.0,2025-07-04,2025-07-04,Rain,None
FTL-01186,2025-11-14,Denver,Los Angeles,QuickMove,Economy,27.3,2025-11-20,2025-11-25,Clear,Carrier delay
FTL-01187,2025-01-01,Atlanta,Seattle,QuickMove,Economy,17.1,2025-01-08,2025-01-07,Clear,None
FTL-01188,2025-10-15,Denver,Seattle,LogiPro,Express,5.9,2025-10-20,2025-10-19,Clear,None
FTL-01189,2025-06-29,Chicago,Boston,LogiPro,Economy,25.5,2025-07-04,2025-07-03,Clear,None
FTL-01190,2025-07-30,Chicago,Miami,LogiPro,Express,7.8,2025-08-02,2025-08-02,Fog,None
FTL-01191,2025-12-22,Denver,Seattle,QuickMove,Express,26.5,2025-12-29,2025-12-29,Snow,None
FTL-01192,2025-12-18,Denver,Los Angeles,FastShip,Economy,37.9,2025-12-24,2025-12-24,Rain,None
FTL-01193,2025-03-27,Chicago,Houston,FastShip,Express,22.5,2025-04-03,2025-04-03,Snow,None
FTL-01194,2025-10-09,Chicago,Dallas,QuickMove,Economy,13.4,2025-10-12,2025-10-12,Clear,None
FTL-01195,2025-09-09,Chicago,Miami,QuickMove,Express,3.9,2025-09-16,2025-09-16,Clear,None
FTL-01196,2025-12-16,Phoenix,Seattle,QuickMove,Economy,13.9,2025-12-19,2025-12-24,Clear,Carrier delay
FTL-01197,2025-01-25,Atlanta,San Francisco,FastShip,Express,7.5,2025-01-28,2025-01-27,Rain,None
FTL-01198,2025-10-26,Chicago,Seattle,LogiPro,Economy,32.7,2025-10-31,2025-11-05,Fog,Vehicle breakdown
FTL-01199,2025-05-03,Denver,Houston,LogiPro,Economy,17.2,2025-05-06,2025-05-05,Clear,None
FTL-01200,2025-07-08,Phoenix,Dallas,FastShip,Economy,32.2,2025-07-13,2025-07-13,Rain,None
FTL-01201,2025-05-28,Atlanta,Boston,FastShip,Express,13.9,2025-06-01,2025-06-01,Clear,None
FTL-01202,2025-05-07,Atlanta,San Francisco,QuickMove,Express,34.8,2025-05-12,2025-05-13,Clear,Carrier delay
FTL-01203,2025-10-07,Chicago,Los Angeles,FastShip,Express,39.1,2025-10-12,2025-10-12,Rain,None
FTL-01204,2025-09-22,Phoenix,Dallas,FastShip,Express,25.0,2025-09-27,2025-09-27,Rain,None
FTL-01205,2025-07-07,Chicago,Boston,FastShip,Economy,40.2,2025-07-12,2025-07-11,Rain,None
FTL-01206,2025-05-01,Phoenix,Nashville,QuickMove,Economy,38.5,2025-05-07,2025-05-07,Rain,None
FTL-01207,2025-11-02,Denver,Dallas,FastShip,Express,26.7,2025-11-06,2025-11-05,Fog,None
FTL-01208,2025-06-18,Phoenix,Dallas,FastShip,Economy,49.9,2025-06-25,2025-06-25,Clear,None
FTL-01209,2025-09-28,Atlanta,San Francisco,QuickMove,Express,13.5,2025-10-02,2025-10-02,Clear,None
FTL-01210,2025-05-30,Phoenix,Seattle,LogiPro,Express,29.4,2025-06-06,2025-06-09,Clear,Warehouse processing
FTL-01211,2025-08-17,Chicago,Minneapolis,LogiPro,Economy,17.1,2025-08-20,2025-08-20,Clear,None
FTL-01212,2025-06-09,Atlanta,Miami,FastShip,Economy,5.4,2025-06-13,2025-06-12,Rain,None
FTL-01213,2025-07-01,Chicago,Dallas,FastShip,Economy,21.1,2025-07-06,2025-07-06,Rain,None
FTL-01214,2025-04-05,Chicago,Boston,FastShip,Express,36.2,2025-04-11,2025-04-10,Clear,None
FTL-01215,2025-06-25,Chicago,San Francisco,QuickMove,Express,9.1,2025-06-28,2025-06-28,Rain,None
FTL-01216,2025-06-05,Chicago,Boston,FastShip,Economy,36.5,2025-06-09,2025-06-13,Clear,Weather disruption
FTL-01217,2025-06-19,Chicago,Los Angeles,FastShip,Express,16.8,2025-06-23,2025-06-22,Fog,None
FTL-01218,2025-02-21,Chicago,Dallas,QuickMove,Economy,5.2,2025-02-28,2025-02-27,Clear,None
FTL-01219,2025-03-18,Phoenix,Los Angeles,LogiPro,Economy,46.1,2025-03-23,2025-03-23,Rain,None
FTL-01220,2025-05-18,Phoenix,San Francisco,FastShip,Economy,19.6,2025-05-23,2025-05-22,Clear,None
FTL-01221,2025-12-20,Atlanta,New York,QuickMove,Economy,29.2,2025-12-25,2025-12-24,Rain,None
FTL-01222,2025-10-21,Denver,New York,FastShip,Express,11.5,2025-10-26,2025-10-25,Snow,None
FTL-01223,2025-03-11,Denver,New York,QuickMove,Express,43.3,2025-03-14,2025-03-19,Fog,Carrier delay
FTL-01224,2025-02-05,Phoenix,Houston,LogiPro,Economy,28.7,2025-02-12,2025-02-12,Rain,None
FTL-01225,2025-08-02,Chicago,Los Angeles,FastShip,Economy,19.5,2025-08-08,2025-08-08,Fog,None
FTL-01226,2025-05-07,Chicago,Dallas,LogiPro,Express,14.1,2025-05-12,2025-05-11,Clear,None
FTL-01227,2025-02-22,Phoenix,New York,FastShip,Express,16.0,2025-02-28,2025-02-28,Rain,None
FTL-01228,2025-01-26,Chicago,New York,FastShip,Express,44.1,2025-02-01,2025-02-01,Snow,None
FTL-01229,2025-01-07,Atlanta,Miami,QuickMove,Express,32.4,2025-01-12,2025-01-12,Clear,None
FTL-01230,2025-11-22,Denver,Miami,LogiPro,Express,43.1,2025-11-28,2025-11-27,Snow,None
FTL-01231,2025-06-09,Phoenix,Los Angeles,QuickMove,Economy,47.7,2025-06-16,2025-06-16,Clear,None
FTL-01232,2025-06-21,Phoenix,New York,LogiPro,Express,9.8,2025-06-26,2025-06-25,Clear,None
FTL-01233,2025-10-22,Atlanta,Dallas,FastShip,Express,39.4,2025-10-29,2025-10-28,Rain,None
FTL-01234,2025-04-07,Chicago,Houston,FastShip,Economy,46.4,2025-04-12,2025-04-11,Rain,None
FTL-01235,2025-01-11,Phoenix,Boston,QuickMove,Express,20.9,2025-01-17,2025-01-16,Fog,None
FTL-01236,2025-02-02,Phoenix,Minneapolis,FastShip,Economy,40.1,2025-02-08,2025-02-08,Fog,None
FTL-01237,2025-04-20,Chicago,Dallas,FastShip,Express,8.3,2025-04-26,2025-04-26,Clear,None
FTL-01238,2025-08-20,Atlanta,Nashville,FastShip,Express,7.4,2025-08-23,2025-08-23,Clear,None
FTL-01239,2025-07-18,Phoenix,Boston,QuickMove,Express,29.0,2025-07-24,2025-07-26,Rain,Weather disruption
FTL-01240,2025-10-14,Phoenix,Miami,LogiPro,Express,2.9,2025-10-21,2025-10-20,Clear,None
FTL-01241,2025-08-07,Atlanta,Dallas,QuickMove,Economy,21.1,2025-08-14,2025-08-14,Clear,None
FTL-01242,2025-01-11,Chicago,Los Angeles,QuickMove,Economy,41.2,2025-01-15,2025-01-14,Clear,None
FTL-01243,2025-09-11,Chicago,Seattle,LogiPro,Express,31.7,2025-09-17,2025-09-17,Clear,None
FTL-01244,2025-04-04,Denver,San Francisco,QuickMove,Economy,1.7,2025-04-08,2025-04-10,Clear,Vehicle breakdown
FTL-01245,2025-12-20,Chicago,New York,QuickMove,Economy,33.2,2025-12-27,2025-12-26,Clear,None
FTL-01246,2025-05-29,Phoenix,Nashville,QuickMove,Economy,2.0,2025-06-03,2025-06-03,Rain,None
FTL-01247,2025-05-09,Phoenix,Boston,FastShip,Express,43.1,2025-05-15,2025-05-14,Clear,None
FTL-01248,2025-11-19,Atlanta,Seattle,QuickMove,Economy,2.8,2025-11-24,2025-11-24,Clear,None
FTL-01249,2025-05-15,Atlanta,Boston,QuickMove,Economy,12.7,2025-05-20,2025-05-20,Clear,None
FTL-01250,2025-06-15,Chicago,Los Angeles,LogiPro,Express,44.5,2025-06-19,2025-06-19,Clear,None
FTL-01251,2025-05-25,Chicago,Miami,LogiPro,Economy,7.7,2025-05-30,2025-05-29,Rain,None
FTL-01252,2025-11-08,Atlanta,Los Angeles,LogiPro,Express,34.3,2025-11-13,2025-11-13,Rain,None
FTL-01253,2025-06-03,Chicago,Houston,LogiPro,Economy,19.5,2025-06-06,2025-06-05,Clear,None
FTL-01254,2025-12-25,Denver,Seattle,FastShip,Economy,2.6,2025-12-30,2025-12-30,Snow,None
FTL-01255,2025-08-01,Chicago,Seattle,QuickMove,Express,15.5,2025-08-05,2025-08-04,Clear,None
FTL-01256,2025-11-03,Chicago,San Francisco,LogiPro,Express,25.6,2025-11-08,2025-11-07,Fog,None
FTL-01257,2025-06-21,Atlanta,Minneapolis,FastShip,Express,8.4,2025-06-28,2025-07-03,Rain,Address issue
FTL-01258,2025-07-08,Denver,Seattle,LogiPro,Express,30.4,2025-07-12,2025-07-11,Snow,None
FTL-01259,2025-08-10,Chicago,Los Angeles,FastShip,Express,27.4,2025-08-15,2025-08-15,Clear,None
FTL-01260,2025-03-01,Denver,Boston,LogiPro,Economy,25.5,2025-03-04,2025-03-03,Fog,None
FTL-01261,2025-02-28,Denver,Boston,QuickMove,Express,31.0,2025-03-03,2025-03-04,Snow,Weather disruption
FTL-01262,2025-01-23,Denver,Boston,QuickMove,Express,27.1,2025-01-29,2025-01-29,Clear,None
FTL-01263,2025-09-02,Phoenix,Nashville,FastShip,Express,24.3,2025-09-07,2025-09-12,Clear,Warehouse processing
FTL-01264,2025-07-20,Chicago,Minneapolis,QuickMove,Economy,42.7,2025-07-24,2025-07-27,Fog,Sorting error
FTL-01265,2025-12-01,Denver,Houston,QuickMove,Economy,17.8,2025-12-04,2025-12-06,Clear,Weather disruption
FTL-01266,2025-10-24,Phoenix,Los Angeles,QuickMove,Express,45.5,2025-10-28,2025-10-27,Clear,None
FTL-01267,2025-06-05,Denver,Dallas,QuickMove,Economy,31.3,2025-06-09,2025-06-12,Clear,Vehicle breakdown
FTL-01268,2025-12-16,Denver,Houston,QuickMove,Express,4.5,2025-12-22,2025-12-22,Snow,None
FTL-01269,2025-03-30,Chicago,Nashville,FastShip,Express,12.0,2025-04-06,2025-04-06,Snow,None
FTL-01270,2025-08-24,Phoenix,Dallas,FastShip,Economy,20.4,2025-08-28,2025-08-28,Clear,None
FTL-01271,2025-01-18,Denver,Seattle,QuickMove,Express,46.3,2025-01-21,2025-01-21,Clear,None
FTL-01272,2025-11-12,Denver,New York,QuickMove,Economy,29.8,2025-11-17,2025-11-17,Snow,None
FTL-01273,2025-05-02,Denver,Los Angeles,LogiPro,Express,43.9,2025-05-07,2025-05-07,Clear,None
FTL-01274,2025-02-21,Atlanta,Los Angeles,QuickMove,Express,7.7,2025-02-24,2025-02-28,Clear,Vehicle breakdown
FTL-01275,2025-09-25,Atlanta,Boston,FastShip,Economy,17.0,2025-09-30,2025-09-29,Rain,None
FTL-01276,2025-03-23,Phoenix,Miami,QuickMove,Express,29.9,2025-03-26,2025-03-25,Rain,None
FTL-01277,2025-03-08,Chicago,Dallas,LogiPro,Express,35.3,2025-03-14,2025-03-14,Snow,None
FTL-01278,2025-01-18,Phoenix,Los Angeles,LogiPro,Economy,34.9,2025-01-23,2025-01-22,Clear,None
FTL-01279,2025-04-03,Phoenix,New York,FastShip,Economy,4.6,2025-04-06,2025-04-05,Clear,None
FTL-01280,2025-01-12,Chicago,Los Angeles,QuickMove,Economy,37.5,2025-01-16,2025-01-17,Clear,Carrier delay
FTL-01281,2025-05-21,Chicago,San Francisco,LogiPro,Economy,16.6,2025-05-25,2025-05-25,Rain,None
FTL-01282,2025-01-05,Phoenix,Nashville,FastShip,Express,30.0,2025-01-08,2025-01-08,Snow,None
FTL-01283,2025-06-03,Chicago,Nashville,QuickMove,Economy,25.0,2025-06-06,2025-06-05,Fog,None
FTL-01284,2025-04-24,Chicago,Nashville,LogiPro,Economy,8.8,2025-04-29,2025-04-29,Rain,None
FTL-01285,2025-03-19,Chicago,Boston,FastShip,Express,16.6,2025-03-24,2025-03-23,Clear,None
FTL-01286,2025-04-12,Denver,Miami,QuickMove,Express,22.1,2025-04-15,2025-04-15,Fog,None
FTL-01287,2025-07-24,Atlanta,Los Angeles,FastShip,Economy,8.1,2025-07-29,2025-07-29,Clear,None
FTL-01288,2025-07-27,Phoenix,Nashville,QuickMove,Express,47.9,2025-07-31,2025-08-04,Rain,Carrier delay
FTL-01289,2025-05-31,Atlanta,Seattle,QuickMove,Express,26.5,2025-06-06,2025-06-06,Clear,None
FTL-01290,2025-07-12,Chicago,Houston,FastShip,Economy,41.6,2025-07-16,2025-07-16,Clear,None
FTL-01291,2025-08-30,Denver,Los Angeles,LogiPro,Express,7.5,2025-09-03,2025-09-02,Rain,None
FTL-01292,2025-09-06,Chicago,Miami,FastShip,Express,48.2,2025-09-10,2025-09-15,Clear,Carrier delay
FTL-01293,2025-02-28,Phoenix,San Francisco,QuickMove,Express,26.2,2025-03-04,2025-03-04,Clear,None
FTL-01294,2025-01-22,Phoenix,Los Angeles,QuickMove,Economy,36.3,2025-01-26,2025-01-29,Clear,Carrier delay
FTL-01295,2025-11-03,Atlanta,Dallas,FastShip,Express,40.5,2025-11-09,2025-11-09,Rain,None
FTL-01296,2025-08-27,Atlanta,Nashville,LogiPro,Express,48.9,2025-08-31,2025-08-31,Rain,None
FTL-01297,2025-04-21,Atlanta,Los Angeles,FastShip,Economy,40.1,2025-04-25,2025-04-25,Rain,None
FTL-01298,2025-05-04,Atlanta,Boston,FastShip,Economy,1.7,2025-05-09,2025-05-08,Clear,None
FTL-01299,2025-02-10,Denver,San Francisco,LogiPro,Express,26.2,2025-02-15,2025-02-15,Snow,None
FTL-01300,2025-08-23,Phoenix,Dallas,QuickMove,Express,38.9,2025-08-29,2025-08-28,Fog,None
FTL-01301,2025-03-21,Denver,Miami,QuickMove,Express,29.0,2025-03-24,2025-03-23,Clear,None
FTL-01302,2025-01-27,Chicago,San Francisco,FastShip,Economy,30.1,2025-02-01,2025-01-31,Snow,None
FTL-01303,2025-10-04,Atlanta,Minneapolis,FastShip,Express,49.2,2025-10-10,2025-10-10,Rain,None
FTL-01304,2025-11-24,Atlanta,Miami,LogiPro,Express,42.6,2025-11-27,2025-11-26,Clear,None
FTL-01305,2025-04-03,Denver,Houston,LogiPro,Express,35.2,2025-04-10,2025-04-09,Clear,None
FTL-01306,2025-03-05,Atlanta,Los Angeles,QuickMove,Express,28.4,2025-03-09,2025-03-09,Snow,None
FTL-01307,2025-04-11,Denver,Boston,FastShip,Economy,38.4,2025-04-16,2025-04-15,Rain,None
FTL-01308,2025-04-24,Denver,Nashville,QuickMove,Express,36.6,2025-05-01,2025-05-01,Clear,None
FTL-01309,2025-01-05,Denver,Dallas,QuickMove,Express,47.3,2025-01-09,2025-01-09,Clear,None
FTL-01310,2025-06-05,Atlanta,Los Angeles,QuickMove,Express,30.2,2025-06-09,2025-06-08,Clear,None
FTL-01311,2025-04-16,Denver,Seattle,FastShip,Express,31.0,2025-04-23,2025-04-22,Fog,None
FTL-01312,2025-06-21,Chicago,San Francisco,QuickMove,Express,46.7,2025-06-25,2025-06-29,Rain,Carrier delay
FTL-01313,2025-08-24,Chicago,San Francisco,QuickMove,Economy,40.9,2025-08-31,2025-08-30,Rain,None
FTL-01314,2025-12-02,Phoenix,Minneapolis,FastShip,Economy,14.9,2025-12-05,2025-12-06,Rain,Sorting error
FTL-01315,2025-08-16,Chicago,Seattle,FastShip,Express,20.9,2025-08-20,2025-08-20,Clear,None
FTL-01316,2025-08-24,Denver,New York,LogiPro,Express,17.9,2025-08-31,2025-08-30,Snow,None
FTL-01317,2025-08-09,Phoenix,Dallas,QuickMove,Economy,38.3,2025-08-14,2025-08-19,Rain,Address issue
FTL-01318,2025-03-23,Atlanta,Los Angeles,FastShip,Express,25.4,2025-03-30,2025-03-29,Snow,None
FTL-01319,2025-11-25,Denver,Miami,QuickMove,Express,39.3,2025-11-28,2025-11-27,Clear,None
FTL-01320,2025-10-27,Atlanta,San Francisco,FastShip,Express,41.7,2025-10-30,2025-11-03,Clear,Warehouse processing
FTL-01321,2025-06-05,Phoenix,Minneapolis,LogiPro,Express,20.8,2025-06-10,2025-06-10,Snow,None
FTL-01322,2025-08-29,Atlanta,Houston,LogiPro,Express,15.2,2025-09-03,2025-09-06,Clear,Weather disruption
FTL-01323,2025-10-09,Chicago,Boston,FastShip,Express,31.9,2025-10-16,2025-10-16,Clear,None
FTL-01324,2025-03-15,Denver,Dallas,LogiPro,Economy,26.4,2025-03-19,2025-03-18,Snow,None
FTL-01325,2025-09-19,Phoenix,Seattle,QuickMove,Express,21.2,2025-09-25,2025-09-27,Clear,Sorting error
FTL-01326,2025-12-13,Atlanta,Los Angeles,QuickMove,Express,39.4,2025-12-18,2025-12-17,Rain,None
FTL-01327,2025-08-04,Denver,Houston,QuickMove,Express,6.3,2025-08-11,2025-08-10,Clear,None
FTL-01328,2025-12-09,Denver,Houston,LogiPro,Economy,19.7,2025-12-15,2025-12-14,Snow,None
FTL-01329,2025-06-21,Atlanta,Houston,LogiPro,Express,39.1,2025-06-27,2025-06-26,Clear,None
FTL-01330,2025-09-06,Phoenix,Miami,FastShip,Express,12.3,2025-09-11,2025-09-10,Fog,None
FTL-01331,2025-03-31,Atlanta,New York,LogiPro,Express,19.0,2025-04-05,2025-04-04,Snow,None
FTL-01332,2025-05-25,Chicago,Boston,FastShip,Economy,31.7,2025-05-28,2025-05-30,Rain,Carrier delay
FTL-01333,2025-03-27,Atlanta,New York,LogiPro,Economy,37.0,2025-03-31,2025-03-31,Rain,None
FTL-01334,2025-04-27,Atlanta,Minneapolis,FastShip,Economy,37.8,2025-04-30,2025-04-29,Clear,None
FTL-01335,2025-04-17,Atlanta,Houston,FastShip,Express,46.4,2025-04-21,2025-04-20,Fog,None
FTL-01336,2025-05-06,Chicago,Seattle,FastShip,Economy,28.6,2025-05-10,2025-05-12,Clear,Carrier delay
FTL-01337,2025-06-26,Phoenix,New York,QuickMove,Express,43.1,2025-06-30,2025-07-02,Clear,Sorting error
FTL-01338,2025-12-08,Denver,Houston,QuickMove,Economy,44.5,2025-12-13,2025-12-18,Clear,Vehicle breakdown
FTL-01339,2025-11-05,Chicago,Houston,LogiPro,Economy,8.2,2025-11-10,2025-11-10,Clear,None
FTL-01340,2025-04-26,Atlanta,Houston,LogiPro,Economy,18.5,2025-04-29,2025-04-28,Clear,None
FTL-01341,2025-01-01,Chicago,Miami,QuickMove,Express,33.0,2025-01-07,2025-01-07,Clear,None
FTL-01342,2025-01-03,Phoenix,Dallas,QuickMove,Express,21.4,2025-01-10,2025-01-09,Rain,None
FTL-01343,2025-03-27,Phoenix,San Francisco,FastShip,Economy,30.5,2025-04-01,2025-04-01,Snow,None
FTL-01344,2025-08-23,Phoenix,Dallas,FastShip,Express,38.5,2025-08-27,2025-08-27,Clear,None
FTL-01345,2025-06-21,Atlanta,Seattle,LogiPro,Express,7.2,2025-06-26,2025-06-25,Snow,None
FTL-01346,2025-03-19,Phoenix,Seattle,LogiPro,Economy,17.1,2025-03-25,2025-03-28,Clear,Sorting error
FTL-01347,2025-11-21,Denver,Dallas,QuickMove,Economy,18.8,2025-11-25,2025-11-28,Snow,Carrier delay
FTL-01348,2025-03-10,Chicago,Miami,FastShip,Economy,20.0,2025-03-15,2025-03-14,Snow,None
FTL-01349,2025-12-29,Chicago,Houston,LogiPro,Economy,48.8,2026-01-01,2025-12-31,Snow,None
FTL-01350,2025-09-03,Atlanta,Houston,FastShip,Economy,12.8,2025-09-06,2025-09-05,Clear,None
FTL-01351,2025-04-11,Phoenix,Minneapolis,FastShip,Economy,14.6,2025-04-17,2025-04-16,Clear,None
FTL-01352,2025-08-05,Phoenix,Boston,QuickMove,Economy,10.0,2025-08-11,2025-08-16,Rain,Sorting error
FTL-01353,2025-03-18,Denver,Los Angeles,FastShip,Economy,23.1,2025-03-22,2025-03-22,Snow,None
FTL-01354,2025-01-21,Phoenix,Minneapolis,QuickMove,Express,44.9,2025-01-28,2025-01-31,Clear,Vehicle breakdown
FTL-01355,2025-07-21,Atlanta,Houston,FastShip,Express,28.2,2025-07-24,2025-07-23,Rain,None
FTL-01356,2025-12-25,Phoenix,Houston,FastShip,Economy,1.5,2026-01-01,2026-01-01,Fog,None
FTL-01357,2025-08-25,Denver,Minneapolis,LogiPro,Economy,26.4,2025-08-29,2025-08-28,Rain,None
FTL-01358,2025-06-19,Denver,San Francisco,QuickMove,Express,13.2,2025-06-24,2025-06-24,Fog,None
FTL-01359,2025-12-10,Phoenix,Minneapolis,QuickMove,Economy,8.9,2025-12-15,2025-12-19,Clear,Sorting error
FTL-01360,2025-01-27,Chicago,Los Angeles,QuickMove,Express,45.5,2025-01-30,2025-01-30,Snow,None
FTL-01361,2025-02-08,Phoenix,New York,LogiPro,Economy,4.1,2025-02-12,2025-02-12,Snow,None
FTL-01362,2025-06-17,Denver,Minneapolis,FastShip,Economy,41.5,2025-06-23,2025-06-23,Clear,None
FTL-01363,2025-01-27,Phoenix,Nashville,QuickMove,Economy,18.7,2025-02-01,2025-02-02,Snow,Carrier delay
FTL-01364,2025-08-02,Chicago,Boston,LogiPro,Economy,21.9,2025-08-08,2025-08-11,Rain,Weather disruption
FTL-01365,2025-11-24,Chicago,Minneapolis,QuickMove,Economy,49.2,2025-11-29,2025-11-30,Clear,Carrier delay
FTL-01366,2025-01-12,Denver,Boston,LogiPro,Express,17.1,2025-01-17,2025-01-17,Snow,None
FTL-01367,2025-07-30,Phoenix,Seattle,FastShip,Express,3.9,2025-08-02,2025-08-01,Clear,None
FTL-01368,2025-03-29,Denver,Seattle,FastShip,Express,16.8,2025-04-01,2025-04-01,Rain,None
FTL-01369,2025-07-19,Phoenix,Los Angeles,LogiPro,Economy,22.8,2025-07-26,2025-07-25,Rain,None
FTL-01370,2025-04-22,Atlanta,Boston,LogiPro,Economy,36.8,2025-04-27,2025-04-27,Rain,None
FTL-01371,2025-01-24,Denver,Seattle,FastShip,Economy,20.5,2025-01-31,2025-01-30,Fog,None
FTL-01372,2025-07-25,Chicago,Seattle,QuickMove,Economy,22.9,2025-07-30,2025-07-30,Clear,None
FTL-01373,2025-09-07,Atlanta,Seattle,QuickMove,Economy,38.3,2025-09-12,2025-09-11,Clear,None
FTL-01374,2025-06-10,Phoenix,Miami,LogiPro,Express,37.0,2025-06-15,2025-06-14,Rain,None
FTL-01375,2025-06-27,Atlanta,New York,FastShip,Express,31.7,2025-06-30,2025-06-30,Clear,None
FTL-01376,2025-04-26,Denver,Seattle,FastShip,Express,7.4,2025-05-01,2025-05-01,Fog,None
FTL-01377,2025-11-11,Atlanta,San Francisco,FastShip,Express,4.6,2025-11-14,2025-11-14,Snow,None
FTL-01378,2025-09-18,Atlanta,Nashville,FastShip,Economy,22.6,2025-09-21,2025-09-21,Fog,None
FTL-01379,2025-12-01,Phoenix,New York,QuickMove,Economy,48.2,2025-12-05,2025-12-05,Snow,None
FTL-01380,2025-08-04,Chicago,Houston,QuickMove,Express,24.0,2025-08-07,2025-08-07,Clear,None
FTL-01381,2025-07-03,Chicago,New York,QuickMove,Express,2.0,2025-07-06,2025-07-06,Fog,None
FTL-01382,2025-01-02,Phoenix,Seattle,QuickMove,Express,19.5,2025-01-06,2025-01-10,Clear,Sorting error
FTL-01383,2025-05-15,Chicago,Dallas,FastShip,Express,33.9,2025-05-22,2025-05-22,Clear,None
FTL-01384,2025-11-16,Atlanta,Dallas,QuickMove,Economy,4.5,2025-11-19,2025-11-18,Clear,None
FTL-01385,2025-11-16,Phoenix,Miami,QuickMove,Economy,25.3,2025-11-20,2025-11-24,Rain,Carrier delay
FTL-01386,2025-09-22,Phoenix,Los Angeles,LogiPro,Economy,28.2,2025-09-26,2025-09-26,Clear,None
FTL-01387,2025-04-18,Atlanta,Houston,LogiPro,Economy,30.4,2025-04-24,2025-04-24,Clear,None
FTL-01388,2025-03-19,Phoenix,San Francisco,QuickMove,Economy,44.8,2025-03-26,2025-03-26,Fog,None
FTL-01389,2025-01-13,Phoenix,Boston,LogiPro,Express,29.4,2025-01-19,2025-01-23,Snow,Warehouse processing
FTL-01390,2025-10-28,Phoenix,Los Angeles,FastShip,Economy,20.7,2025-11-04,2025-11-03,Rain,None
FTL-01391,2025-01-18,Phoenix,Los Angeles,FastShip,Express,14.9,2025-01-23,2025-01-23,Snow,None
FTL-01392,2025-06-02,Denver,Boston,QuickMove,Economy,31.1,2025-06-09,2025-06-12,Rain,Sorting error
FTL-01393,2025-04-29,Chicago,Boston,FastShip,Express,18.6,2025-05-02,2025-05-02,Rain,None
FTL-01394,2025-04-11,Atlanta,San Francisco,QuickMove,Express,27.1,2025-04-17,2025-04-17,Clear,None
FTL-01395,2025-05-13,Atlanta,Miami,QuickMove,Economy,11.4,2025-05-17,2025-05-17,Clear,None
FTL-01396,2025-06-29,Phoenix,Miami,FastShip,Economy,33.6,2025-07-02,2025-07-01,Clear,None
FTL-01397,2025-07-02,Atlanta,Dallas,LogiPro,Express,45.4,2025-07-09,2025-07-08,Clear,None
FTL-01398,2025-05-28,Chicago,Houston,LogiPro,Economy,10.5,2025-06-01,2025-06-01,Clear,None
FTL-01399,2025-08-24,Phoenix,San Francisco,QuickMove,Express,28.1,2025-08-30,2025-08-30,Fog,None
FTL-01400,2025-12-19,Chicago,Houston,QuickMove,Express,21.8,2025-12-23,2025-12-23,Snow,None
FTL-01401,2025-12-17,Denver,San Francisco,LogiPro,Express,7.8,2025-12-21,2025-12-24,Snow,Warehouse processing
FTL-01402,2025-02-18,Denver,New York,QuickMove,Express,30.7,2025-02-25,2025-02-25,Snow,None
FTL-01403,2025-11-24,Chicago,Boston,LogiPro,Express,15.4,2025-11-29,2025-11-28,Snow,None
FTL-01404,2025-09-26,Phoenix,Miami,LogiPro,Express,35.0,2025-10-01,2025-09-30,Clear,None
FTL-01405,2025-10-27,Denver,Miami,QuickMove,Economy,48.1,2025-11-03,2025-11-03,Fog,None
FTL-01406,2025-10-14,Chicago,Nashville,QuickMove,Economy,2.2,2025-10-18,2025-10-20,Rain,Carrier delay
FTL-01407,2025-08-01,Denver,Seattle,QuickMove,Express,40.6,2025-08-04,2025-08-04,Fog,None
FTL-01408,2025-05-29,Denver,Miami,QuickMove,Economy,34.1,2025-06-04,2025-06-04,Clear,None
FTL-01409,2025-07-15,Chicago,Miami,FastShip,Economy,29.1,2025-07-21,2025-07-20,Clear,None
FTL-01410,2025-11-21,Phoenix,Los Angeles,QuickMove,Economy,18.6,2025-11-27,2025-11-27,Clear,None
FTL-01411,2025-02-11,Phoenix,Houston,LogiPro,Economy,8.4,2025-02-17,2025-02-19,Clear,Sorting error
FTL-01412,2025-02-16,Phoenix,San Francisco,QuickMove,Economy,25.9,2025-02-23,2025-02-27,Clear,Carrier delay
FTL-01413,2025-09-23,Phoenix,New York,FastShip,Economy,1.1,2025-09-26,2025-09-26,Clear,None
FTL-01414,2025-05-12,Chicago,Boston,FastShip,Economy,1.1,2025-05-16,2025-05-16,Rain,None
FTL-01415,2025-06-05,Denver,Dallas,QuickMove,Economy,46.2,2025-06-11,2025-06-10,Clear,None
FTL-01416,2025-09-23,Chicago,Boston,QuickMove,Express,37.6,2025-09-26,2025-09-25,Clear,None
FTL-01417,2025-03-08,Denver,New York,FastShip,Express,7.2,2025-03-13,2025-03-12,Snow,None
FTL-01418,2025-02-02,Phoenix,Nashville,FastShip,Economy,7.2,2025-02-08,2025-02-07,Snow,None
FTL-01419,2025-04-09,Denver,Boston,QuickMove,Express,9.1,2025-04-15,2025-04-14,Clear,None
FTL-01420,2025-02-13,Atlanta,Miami,QuickMove,Economy,32.8,2025-02-18,2025-02-18,Clear,None
FTL-01421,2025-11-12,Chicago,New York,LogiPro,Economy,44.5,2025-11-16,2025-11-16,Rain,None
FTL-01422,2025-10-23,Atlanta,Boston,QuickMove,Express,48.2,2025-10-27,2025-10-27,Rain,None
FTL-01423,2025-01-20,Chicago,Seattle,LogiPro,Economy,41.9,2025-01-27,2025-01-27,Clear,None
FTL-01424,2025-05-02,Atlanta,Minneapolis,FastShip,Economy,27.0,2025-05-05,2025-05-05,Clear,None
FTL-01425,2025-09-12,Phoenix,Minneapolis,LogiPro,Express,49.9,2025-09-15,2025-09-15,Rain,None
FTL-01426,2025-05-13,Atlanta,Boston,FastShip,Express,23.2,2025-05-17,2025-05-16,Clear,None
FTL-01427,2025-09-11,Phoenix,Boston,FastShip,Express,5.3,2025-09-17,2025-09-16,Rain,None
FTL-01428,2025-12-30,Chicago,New York,QuickMove,Express,41.2,2026-01-02,2026-01-04,Snow,Vehicle breakdown
FTL-01429,2025-10-08,Atlanta,New York,LogiPro,Express,20.5,2025-10-12,2025-10-12,Clear,None
FTL-01430,2025-11-12,Chicago,Houston,QuickMove,Economy,34.6,2025-11-15,2025-11-14,Clear,None
FTL-01431,2025-09-05,Atlanta,Minneapolis,FastShip,Express,34.2,2025-09-11,2025-09-11,Rain,None
FTL-01432,2025-10-06,Chicago,Dallas,QuickMove,Express,29.5,2025-10-12,2025-10-11,Clear,None
FTL-01433,2025-06-08,Denver,San Francisco,FastShip,Economy,21.7,2025-06-11,2025-06-10,Clear,None
FTL-01434,2025-06-05,Denver,Boston,FastShip,Economy,1.1,2025-06-08,2025-06-07,Fog,None
FTL-01435,2025-11-12,Phoenix,Miami,FastShip,Express,24.4,2025-11-19,2025-11-18,Clear,None
FTL-01436,2025-10-28,Chicago,Seattle,QuickMove,Express,38.8,2025-10-31,2025-11-03,Fog,Carrier delay
FTL-01437,2025-06-01,Chicago,Houston,QuickMove,Economy,6.5,2025-06-07,2025-06-06,Clear,None
FTL-01438,2025-11-26,Atlanta,Miami,QuickMove,Express,47.5,2025-11-30,2025-12-03,Clear,Vehicle breakdown
FTL-01439,2025-06-12,Chicago,New York,FastShip,Economy,13.8,2025-06-17,2025-06-17,Rain,None
FTL-01440,2025-04-30,Atlanta,New York,FastShip,Economy,19.4,2025-05-07,2025-05-06,Clear,None
FTL-01441,2025-10-26,Denver,New York,LogiPro,Economy,18.7,2025-11-01,2025-10-31,Rain,None
FTL-01442,2025-04-08,Chicago,Minneapolis,FastShip,Economy,7.8,2025-04-11,2025-04-11,Clear,None
FTL-01443,2025-10-10,Chicago,Nashville,QuickMove,Express,49.5,2025-10-14,2025-10-14,Clear,None
FTL-01444,2025-10-20,Atlanta,Nashville,LogiPro,Economy,11.7,2025-10-27,2025-10-27,Rain,None
FTL-01445,2025-02-09,Atlanta,Boston,LogiPro,Express,44.7,2025-02-13,2025-02-13,Clear,None
FTL-01446,2025-08-25,Atlanta,Houston,LogiPro,Economy,3.0,2025-09-01,2025-08-31,Fog,None
FTL-01447,2025-02-16,Atlanta,Miami,FastShip,Economy,3.0,2025-02-22,2025-02-22,Rain,None
FTL-01448,2025-09-13,Atlanta,Nashville,FastShip,Express,9.8,2025-09-20,2025-09-20,Rain,None
FTL-01449,2025-04-05,Denver,Seattle,QuickMove,Express,7.9,2025-04-12,2025-04-12,Clear,None
FTL-01450,2025-01-19,Atlanta,San Francisco,FastShip,Express,10.9,2025-01-25,2025-01-25,Snow,None
FTL-01451,2025-11-25,Denver,San Francisco,LogiPro,Economy,1.1,2025-12-02,2025-12-01,Clear,None
FTL-01452,2025-10-12,Chicago,Nashville,QuickMove,Economy,5.2,2025-10-18,2025-10-22,Clear,Vehicle breakdown
FTL-01453,2025-05-20,Denver,Miami,QuickMove,Express,4.8,2025-05-23,2025-05-22,Clear,None
FTL-01454,2025-07-27,Chicago,Boston,QuickMove,Express,46.0,2025-07-30,2025-08-04,Clear,Vehicle breakdown
FTL-01455,2025-10-05,Phoenix,San Francisco,QuickMove,Economy,46.7,2025-10-10,2025-10-13,Rain,Carrier delay
FTL-01456,2025-01-15,Atlanta,Seattle,LogiPro,Express,4.0,2025-01-22,2025-01-22,Clear,None
FTL-01457,2025-07-25,Chicago,Nashville,LogiPro,Express,12.9,2025-07-29,2025-07-29,Clear,None
FTL-01458,2025-06-29,Denver,Seattle,LogiPro,Express,37.9,2025-07-05,2025-07-04,Clear,None
FTL-01459,2025-10-07,Denver,Dallas,FastShip,Express,35.2,2025-10-12,2025-10-12,Rain,None
FTL-01460,2025-05-27,Denver,Seattle,LogiPro,Economy,17.1,2025-05-31,2025-05-30,Clear,None
FTL-01461,2025-09-03,Phoenix,Seattle,FastShip,Economy,17.4,2025-09-07,2025-09-06,Clear,None
FTL-01462,2025-09-04,Phoenix,Dallas,QuickMove,Express,44.3,2025-09-09,2025-09-09,Rain,None
FTL-01463,2025-05-07,Atlanta,Nashville,LogiPro,Express,46.4,2025-05-13,2025-05-13,Rain,None
FTL-01464,2025-02-14,Chicago,Miami,FastShip,Express,36.5,2025-02-18,2025-02-18,Clear,None
FTL-01465,2025-10-23,Chicago,Dallas,QuickMove,Express,42.2,2025-10-26,2025-10-29,Clear,Vehicle breakdown
FTL-01466,2025-05-11,Denver,New York,QuickMove,Economy,43.3,2025-05-17,2025-05-16,Clear,None
FTL-01467,2025-12-09,Denver,Minneapolis,FastShip,Economy,4.9,2025-12-12,2025-12-11,Snow,None
FTL-01468,2025-10-11,Denver,Boston,FastShip,Economy,10.1,2025-10-18,2025-10-18,Clear,None
FTL-01469,2025-09-02,Denver,Nashville,QuickMove,Express,3.0,2025-09-05,2025-09-05,Clear,None
FTL-01470,2025-10-24,Atlanta,San Francisco,QuickMove,Express,31.3,2025-10-27,2025-10-26,Clear,None
FTL-01471,2025-05-02,Chicago,Minneapolis,FastShip,Express,26.8,2025-05-09,2025-05-09,Clear,None
FTL-01472,2025-09-07,Chicago,New York,FastShip,Economy,27.0,2025-09-10,2025-09-09,Fog,None
FTL-01473,2025-09-15,Chicago,Boston,FastShip,Economy,49.3,2025-09-20,2025-09-20,Rain,None
FTL-01474,2025-07-31,Chicago,San Francisco,LogiPro,Economy,2.9,2025-08-05,2025-08-04,Fog,None
FTL-01475,2025-02-20,Denver,Boston,LogiPro,Economy,45.2,2025-02-27,2025-02-27,Snow,None
FTL-01476,2025-09-23,Phoenix,Seattle,QuickMove,Express,4.4,2025-09-30,2025-09-30,Clear,None
FTL-01477,2025-05-15,Denver,Nashville,LogiPro,Economy,1.6,2025-05-21,2025-05-20,Fog,None
FTL-01478,2025-07-04,Chicago,San Francisco,QuickMove,Economy,9.5,2025-07-10,2025-07-09,Rain,None
FTL-01479,2025-07-24,Chicago,Boston,FastShip,Economy,19.2,2025-07-31,2025-07-30,Clear,None
FTL-01480,2025-06-24,Phoenix,Minneapolis,FastShip,Economy,4.6,2025-06-30,2025-06-30,Snow,None
FTL-01481,2025-07-25,Phoenix,Nashville,QuickMove,Express,48.4,2025-07-31,2025-07-31,Clear,None
FTL-01482,2025-10-10,Denver,Seattle,FastShip,Express,46.5,2025-10-17,2025-10-16,Clear,None
FTL-01483,2025-05-27,Chicago,Boston,FastShip,Economy,42.7,2025-06-02,2025-06-01,Fog,None
FTL-01484,2025-01-06,Denver,Houston,LogiPro,Express,9.7,2025-01-11,2025-01-10,Snow,None
FTL-01485,2025-08-20,Denver,San Francisco,FastShip,Economy,25.5,2025-08-27,2025-08-27,Rain,None
FTL-01486,2025-10-01,Denver,Miami,LogiPro,Economy,13.9,2025-10-06,2025-10-05,Clear,None
FTL-01487,2025-03-06,Phoenix,Seattle,FastShip,Express,33.1,2025-03-12,2025-03-12,Clear,None
FTL-01488,2025-06-16,Atlanta,Seattle,QuickMove,Economy,38.6,2025-06-22,2025-06-25,Rain,Sorting error
FTL-01489,2025-01-29,Denver,Houston,FastShip,Economy,6.3,2025-02-01,2025-02-01,Clear,None
FTL-01490,2025-06-03,Denver,Houston,QuickMove,Economy,49.9,2025-06-09,2025-06-09,Clear,None
FTL-01491,2025-12-14,Atlanta,Miami,QuickMove,Express,21.3,2025-12-19,2025-12-19,Snow,None
FTL-01492,2025-08-09,Atlanta,New York,FastShip,Express,11.2,2025-08-16,2025-08-16,Rain,None
FTL-01493,2025-11-11,Atlanta,Dallas,LogiPro,Express,22.7,2025-11-14,2025-11-16,Snow,Carrier delay
FTL-01494,2025-06-25,Denver,San Francisco,QuickMove,Express,17.6,2025-06-29,2025-06-28,Clear,None
FTL-01495,2025-12-16,Atlanta,San Francisco,FastShip,Economy,1.3,2025-12-20,2025-12-20,Snow,None
FTL-01496,2025-11-25,Phoenix,Seattle,QuickMove,Economy,44.6,2025-11-30,2025-11-29,Clear,None
FTL-01497,2025-09-18,Atlanta,Houston,FastShip,Express,13.1,2025-09-25,2025-09-24,Clear,None
FTL-01498,2025-07-08,Denver,Miami,FastShip,Express,44.2,2025-07-11,2025-07-11,Clear,None
FTL-01499,2025-03-23,Atlanta,Seattle,LogiPro,Economy,28.9,2025-03-28,2025-03-28,Clear,None
FTL-01500,2025-10-25,Denver,Seattle,QuickMove,Express,24.6,2025-10-30,2025-10-29,Clear,None
FTL-01501,2025-10-01,Denver,Boston,FastShip,Express,42.3,2025-10-08,2025-10-08,Clear,None
FTL-01502,2025-06-29,Denver,Houston,FastShip,Express,8.5,2025-07-04,2025-07-03,Clear,None
FTL-01503,2025-08-02,Chicago,New York,QuickMove,Economy,13.6,2025-08-09,2025-08-08,Clear,None
FTL-01504,2025-04-08,Chicago,Nashville,FastShip,Economy,16.3,2025-04-15,2025-04-20,Fog,Carrier delay
FTL-01505,2025-04-15,Chicago,Boston,QuickMove,Express,28.8,2025-04-22,2025-04-22,Clear,None
FTL-01506,2025-05-01,Phoenix,New York,FastShip,Economy,15.8,2025-05-05,2025-05-04,Clear,None
FTL-01507,2025-12-10,Denver,Seattle,QuickMove,Economy,29.4,2025-12-14,2025-12-16,Snow,Carrier delay
FTL-01508,2025-05-15,Phoenix,Nashville,FastShip,Express,30.5,2025-05-21,2025-05-21,Clear,None
FTL-01509,2025-03-04,Denver,Nashville,FastShip,Economy,2.7,2025-03-11,2025-03-14,Snow,Weather disruption
FTL-01510,2025-12-26,Phoenix,Seattle,LogiPro,Economy,34.5,2025-12-31,2025-12-31,Clear,None
FTL-01511,2025-06-08,Phoenix,Dallas,LogiPro,Economy,17.2,2025-06-13,2025-06-12,Clear,None
FTL-01512,2025-08-12,Chicago,Dallas,FastShip,Express,34.1,2025-08-19,2025-08-18,Rain,None
FTL-01513,2025-08-30,Phoenix,Dallas,FastShip,Economy,26.5,2025-09-06,2025-09-05,Clear,None
FTL-01514,2025-10-14,Denver,New York,QuickMove,Express,35.7,2025-10-18,2025-10-17,Clear,None
FTL-01515,2025-05-08,Phoenix,Dallas,FastShip,Economy,33.4,2025-05-12,2025-05-11,Rain,None
FTL-01516,2025-06-25,Phoenix,San Francisco,QuickMove,Economy,9.6,2025-06-29,2025-06-28,Clear,None
FTL-01517,2025-09-23,Atlanta,Houston,LogiPro,Economy,43.8,2025-09-29,2025-09-29,Clear,None
FTL-01518,2025-09-08,Phoenix,San Francisco,LogiPro,Economy,11.2,2025-09-15,2025-09-15,Rain,None
FTL-01519,2025-12-28,Denver,Houston,LogiPro,Economy,12.7,2026-01-01,2025-12-31,Snow,None
FTL-01520,2025-09-04,Chicago,Dallas,LogiPro,Express,16.9,2025-09-11,2025-09-14,Clear,Warehouse processing
FTL-01521,2025-05-13,Denver,Boston,LogiPro,Express,10.0,2025-05-18,2025-05-17,Clear,None
FTL-01522,2025-01-20,Denver,San Francisco,FastShip,Economy,41.0,2025-01-24,2025-01-23,Clear,None
FTL-01523,2025-11-22,Phoenix,Seattle,QuickMove,Express,6.6,2025-11-27,2025-11-27,Clear,None
FTL-01524,2025-08-25,Phoenix,Seattle,QuickMove,Economy,13.7,2025-08-28,2025-08-27,Clear,None
FTL-01525,2025-05-12,Atlanta,Seattle,QuickMove,Economy,6.0,2025-05-18,2025-05-18,Clear,None
FTL-01526,2025-12-07,Chicago,New York,FastShip,Express,37.7,2025-12-13,2025-12-13,Fog,None
FTL-01527,2025-11-20,Phoenix,New York,QuickMove,Express,24.8,2025-11-25,2025-11-25,Rain,None
FTL-01528,2025-07-21,Phoenix,Minneapolis,FastShip,Economy,44.1,2025-07-25,2025-07-26,Clear,Warehouse processing
FTL-01529,2025-12-28,Chicago,Los Angeles,QuickMove,Express,36.2,2026-01-01,2025-12-31,Clear,None
FTL-01530,2025-12-30,Atlanta,San Francisco,QuickMove,Economy,4.4,2026-01-06,2026-01-08,Clear,Weather disruption
FTL-01531,2025-04-19,Denver,Minneapolis,QuickMove,Express,7.0,2025-04-22,2025-04-27,Clear,Sorting error
FTL-01532,2025-09-22,Phoenix,Boston,LogiPro,Economy,24.9,2025-09-29,2025-09-29,Clear,None
FTL-01533,2025-12-08,Phoenix,Dallas,QuickMove,Express,19.4,2025-12-14,2025-12-14,Clear,None
FTL-01534,2025-09-06,Atlanta,Houston,LogiPro,Express,41.6,2025-09-10,2025-09-09,Rain,None
FTL-01535,2025-09-02,Denver,Dallas,FastShip,Economy,10.2,2025-09-08,2025-09-07,Rain,None
FTL-01536,2025-04-18,Denver,Minneapolis,QuickMove,Economy,8.8,2025-04-25,2025-04-25,Clear,None
FTL-01537,2025-05-12,Chicago,Dallas,FastShip,Economy,6.2,2025-05-18,2025-05-17,Fog,None
FTL-01538,2025-04-03,Atlanta,Minneapolis,QuickMove,Economy,34.0,2025-04-06,2025-04-05,Clear,None
FTL-01539,2025-10-22,Denver,New York,QuickMove,Economy,1.4,2025-10-26,2025-10-26,Fog,None
FTL-01540,2025-07-06,Chicago,Dallas,QuickMove,Express,13.5,2025-07-13,2025-07-15,Clear,Carrier delay
FTL-01541,2025-07-01,Denver,New York,QuickMove,Economy,47.2,2025-07-08,2025-07-08,Clear,None
FTL-01542,2025-05-29,Phoenix,Boston,FastShip,Economy,40.7,2025-06-03,2025-06-03,Clear,None
FTL-01543,2025-07-29,Denver,Houston,QuickMove,Economy,31.8,2025-08-05,2025-08-04,Clear,None
FTL-01544,2025-06-21,Phoenix,Houston,QuickMove,Express,18.7,2025-06-28,2025-06-30,Rain,Vehicle breakdown
FTL-01545,2025-07-23,Phoenix,San Francisco,LogiPro,Economy,46.1,2025-07-27,2025-07-27,Clear,None
FTL-01546,2025-06-13,Chicago,Dallas,LogiPro,Economy,12.7,2025-06-18,2025-06-17,Clear,None
FTL-01547,2025-02-24,Denver,Los Angeles,QuickMove,Economy,49.2,2025-03-03,2025-03-06,Snow,Carrier delay
FTL-01548,2025-08-15,Atlanta,Dallas,FastShip,Express,15.0,2025-08-18,2025-08-17,Fog,None
FTL-01549,2025-03-16,Phoenix,Los Angeles,QuickMove,Express,30.4,2025-03-22,2025-03-21,Clear,None
FTL-01550,2025-09-28,Phoenix,Dallas,QuickMove,Economy,12.3,2025-10-02,2025-10-06,Fog,Carrier delay
FTL-01551,2025-10-01,Denver,New York,FastShip,Economy,47.6,2025-10-07,2025-10-07,Clear,None
FTL-01552,2025-01-01,Atlanta,Dallas,LogiPro,Express,30.4,2025-01-04,2025-01-03,Clear,None
FTL-01553,2025-04-29,Phoenix,Houston,LogiPro,Economy,46.6,2025-05-04,2025-05-03,Rain,None
FTL-01554,2025-12-18,Phoenix,Dallas,FastShip,Express,17.5,2025-12-22,2025-12-21,Rain,None
FTL-01555,2025-01-11,Chicago,Nashville,FastShip,Economy,9.0,2025-01-14,2025-01-14,Rain,None
FTL-01556,2025-07-26,Phoenix,New York,LogiPro,Express,4.5,2025-08-02,2025-08-01,Rain,None
FTL-01557,2025-10-26,Denver,Nashville,LogiPro,Economy,28.7,2025-10-31,2025-10-31,Clear,None
FTL-01558,2025-05-03,Phoenix,San Francisco,LogiPro,Express,34.3,2025-05-07,2025-05-07,Rain,None
FTL-01559,2025-06-21,Denver,Seattle,QuickMove,Express,27.3,2025-06-28,2025-06-27,Clear,None
FTL-01560,2025-01-13,Chicago,Boston,QuickMove,Economy,5.9,2025-01-16,2025-01-15,Rain,None
FTL-01561,2025-02-15,Denver,San Francisco,QuickMove,Economy,49.9,2025-02-22,2025-02-22,Snow,None
FTL-01562,2025-05-23,Atlanta,Los Angeles,FastShip,Economy,7.7,2025-05-26,2025-05-25,Clear,None
FTL-01563,2025-03-08,Atlanta,Dallas,QuickMove,Economy,28.7,2025-03-13,2025-03-13,Clear,None
FTL-01564,2025-02-19,Chicago,Seattle,QuickMove,Economy,40.9,2025-02-26,2025-02-26,Clear,None
FTL-01565,2025-09-07,Phoenix,New York,FastShip,Express,34.8,2025-09-12,2025-09-17,Rain,Warehouse processing
FTL-01566,2025-03-04,Chicago,Nashville,FastShip,Economy,20.3,2025-03-09,2025-03-08,Snow,None
FTL-01567,2025-07-05,Atlanta,Dallas,QuickMove,Express,19.3,2025-07-11,2025-07-10,Clear,None
FTL-01568,2025-10-31,Denver,San Francisco,FastShip,Express,8.3,2025-11-05,2025-11-10,Clear,Customs hold
FTL-01569,2025-05-06,Atlanta,New York,QuickMove,Express,39.5,2025-05-10,2025-05-10,Clear,None
FTL-01570,2025-08-18,Atlanta,Minneapolis,FastShip,Express,12.4,2025-08-24,2025-08-24,Clear,None
FTL-01571,2025-08-19,Atlanta,Los Angeles,LogiPro,Express,27.5,2025-08-24,2025-08-24,Clear,None
FTL-01572,2025-10-02,Chicago,Nashville,QuickMove,Economy,20.5,2025-10-05,2025-10-05,Clear,None
FTL-01573,2025-08-14,Phoenix,Seattle,FastShip,Economy,19.8,2025-08-21,2025-08-20,Fog,None
FTL-01574,2025-01-15,Chicago,Houston,QuickMove,Express,11.7,2025-01-20,2025-01-20,Rain,None
FTL-01575,2025-08-09,Denver,Nashville,QuickMove,Express,2.0,2025-08-13,2025-08-18,Clear,Carrier delay
FTL-01576,2025-05-25,Chicago,Boston,LogiPro,Express,27.9,2025-05-31,2025-05-30,Clear,None
FTL-01577,2025-05-01,Denver,Los Angeles,QuickMove,Economy,42.1,2025-05-06,2025-05-05,Clear,None
FTL-01578,2025-06-16,Atlanta,Nashville,FastShip,Express,36.9,2025-06-23,2025-06-22,Clear,None
FTL-01579,2025-05-14,Chicago,Los Angeles,QuickMove,Economy,4.0,2025-05-19,2025-05-19,Clear,None
FTL-01580,2025-11-19,Chicago,Seattle,LogiPro,Economy,24.9,2025-11-23,2025-11-27,Snow,Weather disruption
FTL-01581,2025-06-06,Phoenix,Boston,QuickMove,Economy,34.6,2025-06-13,2025-06-17,Clear,Carrier delay
FTL-01582,2025-10-14,Phoenix,Boston,FastShip,Economy,35.6,2025-10-21,2025-10-21,Clear,None
FTL-01583,2025-06-18,Denver,Seattle,QuickMove,Express,24.2,2025-06-23,2025-06-22,Clear,None
FTL-01584,2025-03-18,Phoenix,Minneapolis,QuickMove,Express,35.4,2025-03-24,2025-03-23,Snow,None
FTL-01585,2025-10-16,Chicago,Boston,LogiPro,Express,8.8,2025-10-21,2025-10-20,Clear,None
FTL-01586,2025-06-20,Phoenix,San Francisco,QuickMove,Express,26.5,2025-06-24,2025-06-24,Clear,None
FTL-01587,2025-08-09,Chicago,Miami,FastShip,Economy,17.5,2025-08-12,2025-08-12,Rain,None
FTL-01588,2025-08-24,Atlanta,Nashville,LogiPro,Economy,41.0,2025-08-28,2025-08-28,Clear,None
FTL-01589,2025-02-23,Denver,Houston,FastShip,Express,45.7,2025-03-02,2025-03-01,Snow,None
FTL-01590,2025-07-17,Chicago,Miami,LogiPro,Economy,27.5,2025-07-23,2025-07-23,Clear,None
FTL-01591,2025-06-29,Denver,Minneapolis,FastShip,Express,26.9,2025-07-04,2025-07-04,Clear,None
FTL-01592,2025-12-31,Denver,Los Angeles,FastShip,Economy,22.9,2026-01-04,2026-01-06,Snow,Vehicle breakdown
FTL-01593,2025-01-27,Chicago,Seattle,LogiPro,Express,42.2,2025-01-30,2025-01-29,Clear,None
FTL-01594,2025-04-21,Chicago,Miami,LogiPro,Economy,14.3,2025-04-25,2025-04-25,Clear,None
FTL-01595,2025-10-05,Phoenix,Minneapolis,LogiPro,Express,6.7,2025-10-11,2025-10-10,Clear,None
FTL-01596,2025-08-31,Atlanta,Dallas,QuickMove,Economy,25.6,2025-09-07,2025-09-09,Snow,Vehicle breakdown
FTL-01597,2025-07-13,Chicago,Los Angeles,QuickMove,Express,7.8,2025-07-20,2025-07-20,Clear,None
FTL-01598,2025-05-17,Denver,Nashville,FastShip,Economy,29.7,2025-05-22,2025-05-22,Clear,None
FTL-01599,2025-04-14,Denver,Minneapolis,FastShip,Economy,15.2,2025-04-19,2025-04-18,Clear,None
FTL-01600,2025-05-31,Phoenix,Houston,QuickMove,Express,17.6,2025-06-06,2025-06-08,Clear,Carrier delay
FTL-01601,2025-11-25,Phoenix,Minneapolis,LogiPro,Economy,13.7,2025-11-29,2025-11-29,Fog,None
FTL-01602,2025-07-02,Chicago,Miami,LogiPro,Economy,34.2,2025-07-05,2025-07-05,Rain,None
FTL-01603,2025-07-03,Chicago,Boston,FastShip,Economy,32.5,2025-07-09,2025-07-08,Rain,None
FTL-01604,2025-06-14,Chicago,Miami,LogiPro,Economy,41.4,2025-06-21,2025-06-21,Rain,None
FTL-01605,2025-04-26,Chicago,San Francisco,FastShip,Express,1.6,2025-04-29,2025-04-29,Rain,None
FTL-01606,2025-02-28,Atlanta,Minneapolis,FastShip,Express,48.6,2025-03-07,2025-03-11,Clear,Carrier delay
FTL-01607,2025-12-28,Denver,Houston,QuickMove,Economy,35.4,2026-01-01,2026-01-01,Snow,None
FTL-01608,2025-06-27,Atlanta,Minneapolis,FastShip,Economy,21.2,2025-07-03,2025-07-02,Snow,None
FTL-01609,2025-06-20,Phoenix,Miami,LogiPro,Express,10.8,2025-06-25,2025-06-27,Clear,Address issue
FTL-01610,2025-10-29,Phoenix,Boston,QuickMove,Express,43.6,2025-11-02,2025-11-02,Rain,None
FTL-01611,2025-01-05,Atlanta,Houston,LogiPro,Economy,25.7,2025-01-11,2025-01-11,Clear,None
FTL-01612,2025-08-27,Chicago,Dallas,QuickMove,Economy,22.4,2025-09-01,2025-09-03,Clear,Address issue
FTL-01613,2025-01-24,Phoenix,Nashville,FastShip,Economy,21.6,2025-01-27,2025-01-26,Clear,None
FTL-01614,2025-03-16,Phoenix,New York,QuickMove,Express,14.2,2025-03-19,2025-03-21,Clear,Sorting error
FTL-01615,2025-08-22,Phoenix,Boston,FastShip,Express,13.0,2025-08-25,2025-08-25,Clear,None
FTL-01616,2025-09-18,Chicago,Los Angeles,QuickMove,Economy,47.7,2025-09-23,2025-09-23,Clear,None
FTL-01617,2025-08-03,Phoenix,Nashville,QuickMove,Economy,6.0,2025-08-08,2025-08-09,Fog,Sorting error
FTL-01618,2025-03-09,Atlanta,Dallas,QuickMove,Economy,10.1,2025-03-13,2025-03-12,Rain,None
FTL-01619,2025-11-03,Denver,Miami,LogiPro,Economy,7.3,2025-11-09,2025-11-08,Clear,None
FTL-01620,2025-01-11,Chicago,New York,FastShip,Economy,27.9,2025-01-14,2025-01-13,Clear,None
FTL-01621,2025-06-21,Phoenix,Nashville,QuickMove,Economy,41.9,2025-06-28,2025-06-28,Rain,None
FTL-01622,2025-03-03,Chicago,Nashville,LogiPro,Express,36.0,2025-03-07,2025-03-06,Rain,None
FTL-01623,2025-02-18,Chicago,Los Angeles,FastShip,Express,10.7,2025-02-22,2025-02-21,Clear,None
FTL-01624,2025-02-12,Denver,Minneapolis,FastShip,Economy,31.7,2025-02-18,2025-02-17,Snow,None
FTL-01625,2025-04-11,Denver,Seattle,FastShip,Express,31.1,2025-04-17,2025-04-17,Rain,None
FTL-01626,2025-12-23,Atlanta,Boston,FastShip,Express,49.1,2025-12-30,2026-01-01,Snow,Weather disruption
FTL-01627,2025-12-12,Phoenix,New York,LogiPro,Economy,26.0,2025-12-15,2025-12-15,Rain,None
FTL-01628,2025-01-01,Chicago,Nashville,LogiPro,Express,20.4,2025-01-05,2025-01-05,Snow,None
FTL-01629,2025-03-31,Denver,Minneapolis,LogiPro,Economy,46.0,2025-04-03,2025-04-03,Snow,None
FTL-01630,2025-12-28,Phoenix,Seattle,FastShip,Economy,11.8,2026-01-04,2026-01-03,Rain,None
FTL-01631,2025-11-23,Denver,New York,FastShip,Express,43.5,2025-11-27,2025-11-27,Snow,None
FTL-01632,2025-03-29,Phoenix,Seattle,FastShip,Express,19.8,2025-04-02,2025-04-01,Snow,None
FTL-01633,2025-09-20,Phoenix,Boston,QuickMove,Express,11.8,2025-09-27,2025-09-27,Clear,None
FTL-01634,2025-04-11,Chicago,New York,FastShip,Economy,10.5,2025-04-18,2025-04-18,Fog,None
FTL-01635,2025-06-11,Atlanta,New York,FastShip,Economy,1.7,2025-06-14,2025-06-13,Clear,None
FTL-01636,2025-12-09,Chicago,Houston,QuickMove,Economy,21.0,2025-12-12,2025-12-11,Rain,None
FTL-01637,2025-03-24,Phoenix,Dallas,LogiPro,Economy,21.0,2025-03-28,2025-03-27,Fog,None
FTL-01638,2025-09-17,Denver,New York,FastShip,Economy,33.9,2025-09-20,2025-09-20,Clear,None
FTL-01639,2025-10-19,Phoenix,Los Angeles,QuickMove,Express,13.8,2025-10-22,2025-10-27,Clear,Vehicle breakdown
FTL-01640,2025-06-05,Phoenix,San Francisco,QuickMove,Express,4.2,2025-06-12,2025-06-13,Clear,Vehicle breakdown
FTL-01641,2025-05-17,Denver,San Francisco,FastShip,Express,12.6,2025-05-20,2025-05-19,Clear,None
FTL-01642,2025-02-04,Atlanta,Nashville,LogiPro,Express,19.0,2025-02-07,2025-02-07,Snow,None
FTL-01643,2025-05-12,Atlanta,Houston,FastShip,Economy,40.4,2025-05-15,2025-05-15,Rain,None
FTL-01644,2025-11-03,Denver,Los Angeles,QuickMove,Express,19.9,2025-11-08,2025-11-07,Clear,None
FTL-01645,2025-10-18,Denver,Nashville,FastShip,Express,41.6,2025-10-21,2025-10-21,Clear,None
FTL-01646,2025-03-23,Denver,Miami,LogiPro,Express,29.7,2025-03-28,2025-03-28,Clear,None
FTL-01647,2025-03-21,Denver,Miami,QuickMove,Express,32.7,2025-03-25,2025-03-24,Snow,None
FTL-01648,2025-02-04,Phoenix,New York,QuickMove,Express,21.9,2025-02-07,2025-02-07,Snow,None
FTL-01649,2025-05-28,Denver,Nashville,FastShip,Express,37.7,2025-06-04,2025-06-04,Rain,None
FTL-01650,2025-10-18,Denver,Los Angeles,LogiPro,Economy,15.4,2025-10-25,2025-10-25,Fog,None
FTL-01651,2025-08-12,Phoenix,Boston,QuickMove,Economy,13.5,2025-08-18,2025-08-18,Clear,None
FTL-01652,2025-04-16,Phoenix,Dallas,QuickMove,Economy,22.8,2025-04-22,2025-04-21,Clear,None
FTL-01653,2025-07-15,Atlanta,New York,QuickMove,Economy,8.6,2025-07-20,2025-07-24,Rain,Address issue
FTL-01654,2025-11-21,Chicago,New York,FastShip,Express,29.6,2025-11-24,2025-11-23,Clear,None
FTL-01655,2025-12-29,Chicago,Nashville,LogiPro,Economy,16.2,2026-01-04,2026-01-03,Fog,None
FTL-01656,2025-11-27,Chicago,Miami,LogiPro,Economy,40.6,2025-12-03,2025-12-07,Snow,Vehicle breakdown
FTL-01657,2025-10-08,Chicago,Seattle,QuickMove,Express,7.5,2025-10-15,2025-10-20,Clear,Weather disruption
FTL-01658,2025-08-25,Chicago,Boston,LogiPro,Express,30.7,2025-08-29,2025-09-02,Clear,Carrier delay
FTL-01659,2025-02-26,Atlanta,Seattle,FastShip,Express,23.6,2025-03-03,2025-03-02,Fog,None
FTL-01660,2025-06-23,Phoenix,Los Angeles,QuickMove,Economy,16.9,2025-06-29,2025-07-02,Clear,Carrier delay
FTL-01661,2025-05-14,Denver,Nashville,QuickMove,Economy,47.8,2025-05-17,2025-05-16,Clear,None
FTL-01662,2025-11-07,Chicago,Los Angeles,QuickMove,Economy,40.9,2025-11-13,2025-11-13,Snow,None
FTL-01663,2025-10-26,Denver,Seattle,FastShip,Economy,8.8,2025-11-01,2025-11-03,Clear,Weather disruption
FTL-01664,2025-08-26,Chicago,San Francisco,FastShip,Express,32.2,2025-08-31,2025-08-30,Clear,None
FTL-01665,2025-11-19,Denver,San Francisco,LogiPro,Economy,19.9,2025-11-24,2025-11-23,Clear,None
FTL-01666,2025-11-20,Phoenix,Miami,FastShip,Express,7.8,2025-11-25,2025-11-24,Clear,None
FTL-01667,2025-10-30,Denver,Nashville,FastShip,Express,31.3,2025-11-05,2025-11-04,Rain,None
FTL-01668,2025-12-24,Denver,Houston,LogiPro,Economy,27.1,2025-12-31,2026-01-05,Clear,Weather disruption
FTL-01669,2025-02-16,Atlanta,San Francisco,FastShip,Express,8.9,2025-02-21,2025-02-20,Clear,None
FTL-01670,2025-10-28,Denver,Seattle,LogiPro,Economy,34.8,2025-11-03,2025-11-03,Clear,None
FTL-01671,2025-02-07,Denver,Seattle,QuickMove,Express,1.8,2025-02-13,2025-02-16,Rain,Carrier delay
FTL-01672,2025-11-08,Phoenix,Boston,QuickMove,Express,27.8,2025-11-12,2025-11-11,Snow,None
FTL-01673,2025-05-18,Chicago,Nashville,QuickMove,Express,43.7,2025-05-23,2025-05-23,Fog,None
FTL-01674,2025-05-27,Phoenix,Seattle,LogiPro,Economy,3.5,2025-06-01,2025-05-31,Clear,None
FTL-01675,2025-06-28,Atlanta,Boston,QuickMove,Economy,42.0,2025-07-04,2025-07-06,Clear,Address issue
FTL-01676,2025-11-14,Atlanta,Seattle,QuickMove,Economy,33.2,2025-11-21,2025-11-25,Clear,Carrier delay
FTL-01677,2025-09-03,Phoenix,Minneapolis,LogiPro,Express,2.4,2025-09-06,2025-09-05,Fog,None
FTL-01678,2025-09-20,Atlanta,Miami,LogiPro,Express,37.8,2025-09-26,2025-09-26,Clear,None
FTL-01679,2025-06-03,Atlanta,Dallas,FastShip,Express,1.4,2025-06-07,2025-06-07,Clear,None
FTL-01680,2025-12-18,Chicago,San Francisco,QuickMove,Express,35.0,2025-12-22,2025-12-23,Snow,Carrier delay
FTL-01681,2025-05-06,Atlanta,New York,QuickMove,Express,14.8,2025-05-12,2025-05-12,Fog,None
FTL-01682,2025-09-22,Atlanta,Miami,QuickMove,Express,8.9,2025-09-27,2025-09-27,Clear,None
FTL-01683,2025-01-29,Denver,Dallas,LogiPro,Economy,38.1,2025-02-05,2025-02-04,Snow,None
FTL-01684,2025-06-27,Denver,Boston,QuickMove,Economy,15.3,2025-07-04,2025-07-04,Fog,None
FTL-01685,2025-09-29,Atlanta,Seattle,QuickMove,Express,31.5,2025-10-06,2025-10-10,Rain,Carrier delay
FTL-01686,2025-12-11,Phoenix,Houston,FastShip,Economy,43.1,2025-12-14,2025-12-13,Fog,None
FTL-01687,2025-02-10,Denver,Houston,FastShip,Economy,10.8,2025-02-13,2025-02-12,Snow,None
FTL-01688,2025-10-29,Denver,San Francisco,FastShip,Economy,9.6,2025-11-02,2025-11-02,Rain,None
FTL-01689,2025-03-05,Atlanta,Seattle,QuickMove,Economy,6.7,2025-03-11,2025-03-10,Clear,None
FTL-01690,2025-07-04,Phoenix,Houston,LogiPro,Express,37.1,2025-07-09,2025-07-09,Snow,None
FTL-01691,2025-06-19,Atlanta,Miami,FastShip,Express,46.6,2025-06-22,2025-06-21,Clear,None
FTL-01692,2025-03-08,Atlanta,Boston,QuickMove,Economy,31.0,2025-03-12,2025-03-15,Clear,Vehicle breakdown
FTL-01693,2025-11-21,Atlanta,Los Angeles,QuickMove,Express,28.1,2025-11-28,2025-11-28,Rain,None
FTL-01694,2025-12-17,Denver,Houston,QuickMove,Economy,44.4,2025-12-20,2025-12-20,Rain,None
FTL-01695,2025-10-25,Phoenix,Miami,FastShip,Economy,37.1,2025-10-28,2025-10-28,Fog,None
FTL-01696,2025-01-24,Chicago,Dallas,QuickMove,Express,24.3,2025-01-30,2025-02-02,Snow,Carrier delay
FTL-01697,2025-10-24,Atlanta,Dallas,QuickMove,Economy,18.9,2025-10-30,2025-10-29,Fog,None
FTL-01698,2025-05-22,Atlanta,Seattle,QuickMove,Economy,32.9,2025-05-27,2025-05-27,Rain,None
FTL-01699,2025-10-27,Atlanta,Minneapolis,FastShip,Express,24.1,2025-11-02,2025-11-02,Clear,None
FTL-01700,2025-04-18,Phoenix,Dallas,FastShip,Express,28.5,2025-04-22,2025-04-21,Clear,None
FTL-01701,2025-03-20,Atlanta,Dallas,FastShip,Economy,44.1,2025-03-23,2025-03-22,Rain,None
FTL-01702,2025-12-03,Atlanta,Los Angeles,QuickMove,Express,32.6,2025-12-08,2025-12-07,Snow,None
FTL-01703,2025-04-16,Atlanta,Nashville,FastShip,Express,49.3,2025-04-20,2025-04-19,Clear,None
FTL-01704,2025-09-21,Chicago,Houston,FastShip,Express,32.5,2025-09-24,2025-09-24,Rain,None
FTL-01705,2025-12-17,Chicago,San Francisco,LogiPro,Economy,39.6,2025-12-24,2025-12-27,Fog,Weather disruption
FTL-01706,2025-03-11,Chicago,Houston,FastShip,Economy,27.9,2025-03-14,2025-03-14,Fog,None
FTL-01707,2025-11-11,Denver,Houston,QuickMove,Economy,32.7,2025-11-16,2025-11-15,Snow,None
FTL-01708,2025-09-07,Denver,Los Angeles,LogiPro,Express,35.4,2025-09-11,2025-09-11,Clear,None
FTL-01709,2025-03-29,Denver,San Francisco,QuickMove,Economy,38.7,2025-04-05,2025-04-04,Snow,None
FTL-01710,2025-02-12,Phoenix,Nashville,FastShip,Express,37.1,2025-02-17,2025-02-20,Clear,Sorting error
FTL-01711,2025-05-24,Phoenix,Dallas,QuickMove,Express,20.8,2025-05-31,2025-05-30,Clear,None
FTL-01712,2025-07-06,Chicago,San Francisco,FastShip,Express,29.1,2025-07-11,2025-07-11,Clear,None
FTL-01713,2025-09-21,Phoenix,Seattle,QuickMove,Express,2.2,2025-09-28,2025-09-28,Rain,None
FTL-01714,2025-04-26,Chicago,New York,QuickMove,Express,35.2,2025-05-03,2025-05-03,Rain,None
FTL-01715,2025-11-06,Denver,Seattle,FastShip,Express,3.4,2025-11-09,2025-11-09,Clear,None
FTL-01716,2025-05-19,Denver,San Francisco,QuickMove,Economy,1.2,2025-05-23,2025-05-22,Snow,None
FTL-01717,2025-02-10,Phoenix,Seattle,FastShip,Express,25.1,2025-02-14,2025-02-14,Snow,None
FTL-01718,2025-10-13,Denver,Nashville,FastShip,Express,5.7,2025-10-19,2025-10-18,Fog,None
FTL-01719,2025-11-12,Atlanta,Minneapolis,QuickMove,Express,32.6,2025-11-18,2025-11-18,Clear,None
FTL-01720,2025-03-31,Denver,Miami,LogiPro,Economy,2.6,2025-04-03,2025-04-03,Rain,None
FTL-01721,2025-03-18,Atlanta,Minneapolis,QuickMove,Economy,47.2,2025-03-22,2025-03-22,Rain,None
FTL-01722,2025-10-28,Chicago,Los Angeles,LogiPro,Express,32.2,2025-10-31,2025-10-30,Clear,None
FTL-01723,2025-11-20,Chicago,Minneapolis,FastShip,Economy,9.4,2025-11-23,2025-11-25,Snow,Weather disruption
FTL-01724,2025-07-12,Atlanta,Minneapolis,QuickMove,Express,27.2,2025-07-17,2025-07-16,Fog,None
FTL-01725,2025-09-01,Phoenix,Dallas,LogiPro,Express,5.8,2025-09-07,2025-09-07,Fog,None
FTL-01726,2025-03-13,Atlanta,New York,FastShip,Express,18.3,2025-03-20,2025-03-20,Clear,None
FTL-01727,2025-07-16,Phoenix,San Francisco,FastShip,Express,5.2,2025-07-22,2025-07-23,Clear,Weather disruption
FTL-01728,2025-02-09,Atlanta,Nashville,QuickMove,Express,38.3,2025-02-13,2025-02-13,Clear,None
FTL-01729,2025-07-10,Chicago,Minneapolis,LogiPro,Economy,12.5,2025-07-15,2025-07-15,Clear,None
FTL-01730,2025-05-29,Phoenix,Houston,LogiPro,Express,19.9,2025-06-04,2025-06-03,Clear,None
FTL-01731,2025-07-05,Phoenix,Boston,LogiPro,Economy,24.3,2025-07-11,2025-07-11,Rain,None
FTL-01732,2025-02-07,Chicago,Los Angeles,QuickMove,Express,42.2,2025-02-11,2025-02-12,Clear,Carrier delay
FTL-01733,2025-08-08,Chicago,Miami,FastShip,Economy,17.2,2025-08-15,2025-08-14,Clear,None
FTL-01734,2025-05-16,Atlanta,New York,LogiPro,Express,23.8,2025-05-21,2025-05-21,Clear,None
FTL-01735,2025-01-09,Denver,Dallas,LogiPro,Express,19.4,2025-01-15,2025-01-15,Clear,None
FTL-01736,2025-05-12,Atlanta,San Francisco,LogiPro,Express,3.5,2025-05-19,2025-05-19,Clear,None
FTL-01737,2025-10-10,Chicago,Seattle,FastShip,Express,31.9,2025-10-13,2025-10-12,Rain,None
FTL-01738,2025-03-17,Atlanta,Houston,QuickMove,Economy,33.3,2025-03-22,2025-03-21,Rain,None
FTL-01739,2025-01-02,Atlanta,Seattle,FastShip,Economy,19.2,2025-01-09,2025-01-08,Clear,None
FTL-01740,2025-06-25,Denver,Miami,FastShip,Express,12.1,2025-07-01,2025-06-30,Clear,None
FTL-01741,2025-01-01,Chicago,Dallas,FastShip,Economy,32.9,2025-01-08,2025-01-07,Rain,None
FTL-01742,2025-04-11,Phoenix,New York,QuickMove,Express,44.0,2025-04-17,2025-04-18,Clear,Carrier delay
FTL-01743,2025-10-21,Phoenix,Minneapolis,LogiPro,Economy,49.6,2025-10-24,2025-10-24,Clear,None
FTL-01744,2025-04-10,Atlanta,Boston,QuickMove,Express,18.1,2025-04-13,2025-04-13,Fog,None
FTL-01745,2025-08-25,Phoenix,Miami,FastShip,Express,43.2,2025-08-31,2025-08-30,Rain,None
FTL-01746,2025-04-12,Denver,New York,FastShip,Economy,21.8,2025-04-16,2025-04-15,Clear,None
FTL-01747,2025-04-10,Phoenix,Minneapolis,QuickMove,Economy,39.3,2025-04-13,2025-04-13,Clear,None
FTL-01748,2025-01-17,Denver,Miami,FastShip,Express,36.0,2025-01-23,2025-01-22,Clear,None
FTL-01749,2025-10-17,Phoenix,New York,LogiPro,Economy,26.1,2025-10-22,2025-10-21,Clear,None
FTL-01750,2025-11-08,Phoenix,Los Angeles,FastShip,Economy,32.7,2025-11-15,2025-11-15,Clear,None
FTL-01751,2025-11-25,Chicago,Seattle,FastShip,Express,31.6,2025-11-30,2025-11-30,Rain,None
FTL-01752,2025-10-09,Atlanta,Houston,FastShip,Economy,7.4,2025-10-15,2025-10-14,Clear,None
FTL-01753,2025-03-14,Denver,Dallas,FastShip,Economy,27.0,2025-03-17,2025-03-20,Clear,Customs hold
FTL-01754,2025-12-01,Denver,Minneapolis,FastShip,Economy,48.5,2025-12-08,2025-12-08,Clear,None
FTL-01755,2025-04-09,Chicago,Houston,QuickMove,Express,43.8,2025-04-16,2025-04-15,Clear,None
FTL-01756,2025-11-14,Denver,Dallas,QuickMove,Economy,24.4,2025-11-20,2025-11-21,Clear,Carrier delay
FTL-01757,2025-03-31,Denver,Dallas,QuickMove,Express,34.8,2025-04-06,2025-04-09,Snow,Weather disruption
FTL-01758,2025-10-21,Atlanta,Dallas,QuickMove,Economy,13.9,2025-10-28,2025-10-27,Clear,None
FTL-01759,2025-02-18,Atlanta,San Francisco,FastShip,Economy,26.9,2025-02-21,2025-02-21,Clear,None
FTL-01760,2025-01-07,Chicago,Dallas,FastShip,Economy,37.1,2025-01-12,2025-01-12,Fog,None
FTL-01761,2025-09-17,Chicago,New York,FastShip,Economy,8.0,2025-09-24,2025-09-28,Clear,Address issue
FTL-01762,2025-11-14,Chicago,New York,FastShip,Economy,39.7,2025-11-18,2025-11-18,Snow,None
FTL-01763,2025-03-22,Phoenix,Houston,FastShip,Economy,40.9,2025-03-26,2025-03-25,Snow,None
FTL-01764,2025-04-29,Chicago,Miami,QuickMove,Economy,33.3,2025-05-04,2025-05-04,Clear,None
FTL-01765,2025-06-06,Atlanta,Los Angeles,LogiPro,Express,48.7,2025-06-09,2025-06-09,Clear,None
FTL-01766,2025-07-24,Chicago,San Francisco,LogiPro,Express,36.2,2025-07-29,2025-07-29,Clear,None
FTL-01767,2025-02-12,Chicago,Nashville,FastShip,Express,1.3,2025-02-19,2025-02-18,Snow,None
FTL-01768,2025-11-19,Atlanta,San Francisco,LogiPro,Economy,19.5,2025-11-26,2025-11-26,Snow,None
FTL-01769,2025-03-31,Chicago,Minneapolis,LogiPro,Express,33.4,2025-04-05,2025-04-04,Clear,None
FTL-01770,2025-09-20,Atlanta,San Francisco,FastShip,Economy,47.2,2025-09-23,2025-09-23,Clear,None
FTL-01771,2025-10-22,Chicago,Houston,LogiPro,Economy,23.6,2025-10-25,2025-10-25,Clear,None
FTL-01772,2025-07-30,Phoenix,San Francisco,QuickMove,Express,18.8,2025-08-06,2025-08-06,Clear,None
FTL-01773,2025-11-24,Phoenix,Los Angeles,LogiPro,Economy,17.5,2025-11-30,2025-11-29,Clear,None
FTL-01774,2025-12-06,Denver,Minneapolis,FastShip,Express,40.7,2025-12-11,2025-12-11,Clear,None
FTL-01775,2025-04-17,Denver,San Francisco,FastShip,Economy,45.1,2025-04-20,2025-04-23,Rain,Weather disruption
FTL-01776,2025-03-30,Chicago,Minneapolis,FastShip,Economy,47.5,2025-04-06,2025-04-05,Clear,None
FTL-01777,2025-03-02,Phoenix,Miami,QuickMove,Economy,3.6,2025-03-09,2025-03-08,Clear,None
FTL-01778,2025-07-19,Denver,Dallas,QuickMove,Economy,12.2,2025-07-26,2025-07-26,Clear,None
FTL-01779,2025-03-28,Chicago,New York,LogiPro,Express,12.6,2025-04-04,2025-04-03,Fog,None
FTL-01780,2025-11-21,Chicago,San Francisco,FastShip,Express,32.1,2025-11-26,2025-11-25,Rain,None
FTL-01781,2025-02-01,Denver,Minneapolis,LogiPro,Express,37.9,2025-02-04,2025-02-06,Snow,Vehicle breakdown
FTL-01782,2025-11-13,Atlanta,Los Angeles,LogiPro,Economy,28.3,2025-11-16,2025-11-15,Snow,None
FTL-01783,2025-08-20,Denver,Dallas,QuickMove,Express,12.6,2025-08-27,2025-08-28,Clear,Weather disruption
FTL-01784,2025-03-28,Atlanta,Nashville,QuickMove,Economy,22.5,2025-04-04,2025-04-07,Snow,Carrier delay
FTL-01785,2025-10-02,Phoenix,San Francisco,FastShip,Express,10.5,2025-10-09,2025-10-13,Clear,Warehouse processing
FTL-01786,2025-11-27,Phoenix,Houston,LogiPro,Express,22.9,2025-12-03,2025-12-03,Snow,None
FTL-01787,2025-07-13,Phoenix,New York,LogiPro,Express,9.9,2025-07-18,2025-07-18,Clear,None
FTL-01788,2025-07-03,Atlanta,New York,LogiPro,Economy,37.3,2025-07-10,2025-07-10,Clear,None
FTL-01789,2025-12-01,Denver,San Francisco,FastShip,Economy,45.4,2025-12-05,2025-12-05,Snow,None
FTL-01790,2025-04-22,Denver,Nashville,FastShip,Economy,20.2,2025-04-28,2025-04-27,Clear,None
FTL-01791,2025-09-03,Phoenix,Houston,QuickMove,Economy,9.3,2025-09-06,2025-09-11,Clear,Carrier delay
FTL-01792,2025-04-23,Denver,Miami,LogiPro,Express,44.9,2025-04-28,2025-04-27,Fog,None
FTL-01793,2025-02-10,Chicago,Nashville,FastShip,Economy,44.4,2025-02-15,2025-02-14,Snow,None
FTL-01794,2025-09-11,Atlanta,Minneapolis,LogiPro,Economy,48.5,2025-09-16,2025-09-16,Clear,None
FTL-01795,2025-09-17,Denver,Los Angeles,LogiPro,Economy,5.9,2025-09-24,2025-09-23,Rain,None
FTL-01796,2025-12-25,Chicago,Nashville,QuickMove,Economy,45.4,2025-12-29,2026-01-03,Clear,Carrier delay
FTL-01797,2025-01-29,Chicago,San Francisco,LogiPro,Express,17.7,2025-02-01,2025-02-01,Clear,None
FTL-01798,2025-10-08,Denver,Los Angeles,QuickMove,Economy,46.2,2025-10-14,2025-10-15,Clear,Vehicle breakdown
FTL-01799,2025-02-04,Atlanta,Boston,LogiPro,Express,46.4,2025-02-08,2025-02-08,Fog,None
FTL-01800,2025-03-30,Atlanta,Houston,FastShip,Express,41.8,2025-04-04,2025-04-04,Snow,None
FTL-01801,2025-11-07,Denver,Dallas,LogiPro,Express,36.9,2025-11-11,2025-11-11,Snow,None
FTL-01802,2025-07-27,Denver,Minneapolis,QuickMove,Economy,6.8,2025-08-01,2025-08-01,Clear,None
FTL-01803,2025-01-28,Phoenix,Minneapolis,QuickMove,Economy,24.4,2025-02-02,2025-02-01,Snow,None
FTL-01804,2025-04-01,Chicago,Nashville,QuickMove,Economy,47.2,2025-04-08,2025-04-08,Fog,None
FTL-01805,2025-08-22,Phoenix,Boston,QuickMove,Express,30.2,2025-08-27,2025-08-26,Clear,None
FTL-01806,2025-08-04,Atlanta,New York,QuickMove,Economy,18.4,2025-08-09,2025-08-12,Clear,Carrier delay
FTL-01807,2025-10-31,Phoenix,San Francisco,FastShip,Express,22.8,2025-11-03,2025-11-02,Clear,None
FTL-01808,2025-09-22,Atlanta,Houston,LogiPro,Express,13.5,2025-09-28,2025-09-28,Clear,None
FTL-01809,2025-04-14,Chicago,Miami,QuickMove,Express,42.8,2025-04-21,2025-04-26,Clear,Vehicle breakdown
FTL-01810,2025-05-04,Chicago,Nashville,QuickMove,Economy,16.0,2025-05-10,2025-05-09,Clear,None
FTL-01811,2025-07-17,Denver,San Francisco,FastShip,Economy,15.1,2025-07-20,2025-07-19,Clear,None
FTL-01812,2025-11-25,Denver,San Francisco,QuickMove,Express,39.6,2025-12-01,2025-12-03,Snow,Vehicle breakdown
FTL-01813,2025-04-24,Denver,Dallas,FastShip,Express,14.9,2025-05-01,2025-05-01,Rain,None
FTL-01814,2025-09-18,Chicago,Boston,LogiPro,Economy,32.0,2025-09-22,2025-09-25,Fog,Carrier delay
FTL-01815,2025-07-01,Phoenix,Miami,FastShip,Economy,33.3,2025-07-07,2025-07-06,Clear,None
FTL-01816,2025-01-02,Atlanta,San Francisco,LogiPro,Express,2.1,2025-01-08,2025-01-08,Clear,None
FTL-01817,2025-02-28,Chicago,Miami,QuickMove,Express,24.3,2025-03-03,2025-03-03,Clear,None
FTL-01818,2025-07-03,Phoenix,Miami,LogiPro,Economy,14.9,2025-07-08,2025-07-08,Clear,None
FTL-01819,2025-11-07,Denver,Seattle,QuickMove,Express,15.6,2025-11-14,2025-11-14,Clear,None
FTL-01820,2025-07-09,Phoenix,Boston,LogiPro,Economy,47.4,2025-07-12,2025-07-11,Clear,None
FTL-01821,2025-05-18,Chicago,Nashville,FastShip,Express,21.6,2025-05-21,2025-05-20,Clear,None
FTL-01822,2025-08-12,Denver,Dallas,QuickMove,Express,16.5,2025-08-15,2025-08-15,Clear,None
FTL-01823,2025-12-24,Denver,Houston,LogiPro,Economy,44.6,2025-12-27,2025-12-27,Snow,None
FTL-01824,2025-02-23,Phoenix,Los Angeles,LogiPro,Economy,33.2,2025-02-26,2025-02-26,Clear,None
FTL-01825,2025-10-17,Chicago,Seattle,QuickMove,Express,31.9,2025-10-22,2025-10-23,Rain,Weather disruption
FTL-01826,2025-01-11,Denver,Nashville,FastShip,Economy,14.0,2025-01-17,2025-01-17,Clear,None
FTL-01827,2025-06-29,Phoenix,New York,FastShip,Express,28.5,2025-07-05,2025-07-09,Clear,Warehouse processing
FTL-01828,2025-12-26,Atlanta,Houston,QuickMove,Economy,11.1,2025-12-30,2025-12-31,Clear,Vehicle breakdown
FTL-01829,2025-01-24,Atlanta,Seattle,QuickMove,Economy,11.8,2025-01-27,2025-01-26,Snow,None
FTL-01830,2025-08-27,Denver,Minneapolis,LogiPro,Express,8.6,2025-08-30,2025-08-30,Clear,None
FTL-01831,2025-01-04,Atlanta,Miami,FastShip,Economy,7.8,2025-01-07,2025-01-06,Snow,None
FTL-01832,2025-08-18,Phoenix,Minneapolis,FastShip,Economy,13.8,2025-08-21,2025-08-22,Rain,Warehouse processing
FTL-01833,2025-02-12,Chicago,Nashville,FastShip,Express,23.7,2025-02-15,2025-02-14,Clear,None
FTL-01834,2025-03-25,Denver,Los Angeles,QuickMove,Express,17.9,2025-04-01,2025-04-03,Clear,Carrier delay
FTL-01835,2025-10-11,Atlanta,Dallas,QuickMove,Economy,20.1,2025-10-14,2025-10-13,Clear,None
FTL-01836,2025-07-01,Denver,Los Angeles,FastShip,Economy,13.5,2025-07-05,2025-07-05,Rain,None
FTL-01837,2025-05-11,Denver,New York,QuickMove,Economy,14.6,2025-05-18,2025-05-17,Rain,None
FTL-01838,2025-06-17,Atlanta,New York,QuickMove,Economy,7.5,2025-06-24,2025-06-28,Rain,Carrier delay
FTL-01839,2025-01-07,Denver,Minneapolis,FastShip,Economy,45.4,2025-01-11,2025-01-11,Fog,None
FTL-01840,2025-11-30,Denver,Houston,FastShip,Express,27.6,2025-12-07,2025-12-06,Clear,None
FTL-01841,2025-08-06,Phoenix,Minneapolis,QuickMove,Economy,11.0,2025-08-12,2025-08-12,Rain,None
FTL-01842,2025-05-12,Denver,Los Angeles,FastShip,Express,7.5,2025-05-17,2025-05-16,Clear,None
FTL-01843,2025-10-30,Phoenix,Los Angeles,LogiPro,Economy,16.0,2025-11-05,2025-11-04,Clear,None
FTL-01844,2025-11-05,Chicago,Minneapolis,FastShip,Economy,39.7,2025-11-11,2025-11-11,Snow,None
FTL-01845,2025-11-24,Denver,Boston,LogiPro,Economy,49.8,2025-11-28,2025-11-27,Snow,None
FTL-01846,2025-01-31,Atlanta,Los Angeles,LogiPro,Express,3.4,2025-02-05,2025-02-04,Clear,None
FTL-01847,2025-11-30,Phoenix,Houston,FastShip,Economy,17.9,2025-12-03,2025-12-03,Clear,None
FTL-01848,2025-08-14,Chicago,Houston,QuickMove,Economy,38.2,2025-08-19,2025-08-19,Fog,None
FTL-01849,2025-08-20,Phoenix,Minneapolis,QuickMove,Economy,15.3,2025-08-24,2025-08-23,Clear,None
FTL-01850,2025-09-24,Atlanta,Houston,QuickMove,Economy,31.2,2025-10-01,2025-10-01,Clear,None
FTL-01851,2025-02-28,Denver,Houston,QuickMove,Economy,45.3,2025-03-06,2025-03-05,Snow,None
FTL-01852,2025-04-16,Denver,Boston,FastShip,Express,11.9,2025-04-22,2025-04-21,Rain,None
FTL-01853,2025-01-06,Chicago,San Francisco,LogiPro,Express,12.8,2025-01-10,2025-01-09,Clear,None
FTL-01854,2025-11-26,Denver,San Francisco,QuickMove,Economy,40.7,2025-11-30,2025-11-30,Snow,None
FTL-01855,2025-03-08,Denver,New York,QuickMove,Economy,15.3,2025-03-14,2025-03-15,Snow,Carrier delay
FTL-01856,2025-03-30,Atlanta,Nashville,LogiPro,Economy,3.9,2025-04-03,2025-04-02,Snow,None
FTL-01857,2025-05-08,Atlanta,Miami,QuickMove,Economy,22.7,2025-05-14,2025-05-13,Clear,None
FTL-01858,2025-12-13,Chicago,Boston,FastShip,Express,23.5,2025-12-17,2025-12-17,Rain,None
FTL-01859,2025-04-23,Chicago,San Francisco,QuickMove,Economy,7.4,2025-04-29,2025-04-30,Snow,Carrier delay
FTL-01860,2025-04-19,Atlanta,San Francisco,QuickMove,Express,23.9,2025-04-22,2025-04-21,Clear,None
FTL-01861,2025-01-09,Atlanta,Nashville,LogiPro,Express,2.8,2025-01-16,2025-01-16,Snow,None
FTL-01862,2025-07-13,Phoenix,Nashville,FastShip,Economy,43.8,2025-07-16,2025-07-16,Clear,None
FTL-01863,2025-11-03,Atlanta,Seattle,FastShip,Economy,22.8,2025-11-10,2025-11-10,Clear,None
FTL-01864,2025-10-04,Atlanta,Los Angeles,FastShip,Economy,12.5,2025-10-07,2025-10-07,Clear,None
FTL-01865,2025-01-15,Chicago,New York,QuickMove,Express,8.3,2025-01-20,2025-01-20,Rain,None
FTL-01866,2025-04-13,Atlanta,Nashville,FastShip,Express,20.1,2025-04-20,2025-04-19,Clear,None
FTL-01867,2025-01-14,Denver,Houston,QuickMove,Economy,13.1,2025-01-20,2025-01-20,Snow,None
FTL-01868,2025-01-23,Atlanta,Los Angeles,QuickMove,Economy,44.7,2025-01-28,2025-01-30,Clear,Vehicle breakdown
FTL-01869,2025-01-01,Denver,Nashville,FastShip,Express,41.0,2025-01-04,2025-01-04,Snow,None
FTL-01870,2025-12-30,Chicago,Minneapolis,FastShip,Economy,16.6,2026-01-06,2026-01-06,Clear,None
FTL-01871,2025-07-06,Phoenix,Boston,FastShip,Express,16.4,2025-07-11,2025-07-11,Clear,None
FTL-01872,2025-05-02,Phoenix,Minneapolis,QuickMove,Economy,4.9,2025-05-07,2025-05-07,Clear,None
FTL-01873,2025-05-19,Phoenix,New York,FastShip,Express,30.9,2025-05-26,2025-05-25,Clear,None
FTL-01874,2025-09-24,Atlanta,Nashville,FastShip,Express,26.7,2025-10-01,2025-10-01,Fog,None
FTL-01875,2025-02-18,Chicago,Houston,LogiPro,Express,48.8,2025-02-21,2025-02-20,Snow,None
FTL-01876,2025-04-13,Atlanta,Miami,FastShip,Economy,11.8,2025-04-16,2025-04-16,Clear,None
FTL-01877,2025-07-25,Denver,Nashville,LogiPro,Economy,23.3,2025-07-31,2025-07-31,Clear,None
FTL-01878,2025-11-28,Phoenix,Boston,LogiPro,Express,34.8,2025-12-04,2025-12-04,Clear,None
FTL-01879,2025-03-18,Chicago,Seattle,QuickMove,Express,19.1,2025-03-24,2025-03-27,Clear,Carrier delay
FTL-01880,2025-05-25,Phoenix,Nashville,FastShip,Express,30.2,2025-05-28,2025-05-28,Rain,None
FTL-01881,2025-08-05,Denver,New York,LogiPro,Economy,7.0,2025-08-11,2025-08-10,Clear,None
FTL-01882,2025-11-29,Atlanta,Dallas,QuickMove,Express,28.5,2025-12-06,2025-12-08,Clear,Carrier delay
FTL-01883,2025-02-28,Chicago,Boston,QuickMove,Express,3.9,2025-03-05,2025-03-04,Snow,None
FTL-01884,2025-08-27,Chicago,Seattle,QuickMove,Economy,32.9,2025-09-02,2025-09-05,Fog,Sorting error
FTL-01885,2025-02-08,Chicago,San Francisco,QuickMove,Economy,27.6,2025-02-11,2025-02-11,Rain,None
FTL-01886,2025-04-12,Denver,Houston,FastShip,Economy,20.6,2025-04-15,2025-04-14,Clear,None
FTL-01887,2025-11-29,Atlanta,Los Angeles,FastShip,Express,5.4,2025-12-04,2025-12-03,Snow,None
FTL-01888,2025-07-23,Denver,Miami,FastShip,Express,17.3,2025-07-28,2025-07-30,Clear,Customs hold
FTL-01889,2025-07-09,Denver,Houston,FastShip,Economy,1.4,2025-07-13,2025-07-12,Rain,None
FTL-01890,2025-06-11,Chicago,Seattle,FastShip,Economy,43.7,2025-06-16,2025-06-15,Rain,None
FTL-01891,2025-11-23,Phoenix,Los Angeles,FastShip,Express,7.0,2025-11-27,2025-11-29,Clear,Weather disruption
FTL-01892,2025-10-26,Denver,Minneapolis,LogiPro,Express,45.6,2025-11-02,2025-11-02,Clear,None
FTL-01893,2025-05-26,Atlanta,Minneapolis,QuickMove,Economy,25.7,2025-06-02,2025-06-02,Clear,None
FTL-01894,2025-05-15,Phoenix,New York,LogiPro,Express,29.2,2025-05-22,2025-05-22,Fog,None
FTL-01895,2025-11-13,Denver,Dallas,QuickMove,Express,24.4,2025-11-20,2025-11-24,Rain,Carrier delay
FTL-01896,2025-09-28,Denver,Nashville,FastShip,Express,40.7,2025-10-02,2025-10-02,Snow,None
FTL-01897,2025-02-10,Denver,New York,FastShip,Express,13.0,2025-02-13,2025-02-13,Snow,None
FTL-01898,2025-04-04,Denver,New York,LogiPro,Economy,9.7,2025-04-09,2025-04-08,Clear,None
FTL-01899,2025-03-10,Chicago,New York,FastShip,Express,40.3,2025-03-15,2025-03-20,Snow,Weather disruption
FTL-01900,2025-12-29,Chicago,Miami,FastShip,Express,26.3,2026-01-03,2026-01-03,Snow,None
FTL-01901,2025-02-09,Atlanta,Nashville,QuickMove,Economy,45.6,2025-02-14,2025-02-14,Clear,None
FTL-01902,2025-08-30,Atlanta,Dallas,FastShip,Express,32.1,2025-09-02,2025-09-02,Clear,None
FTL-01903,2025-09-15,Phoenix,San Francisco,LogiPro,Economy,3.4,2025-09-20,2025-09-25,Rain,Carrier delay
FTL-01904,2025-03-03,Denver,Minneapolis,QuickMove,Economy,33.3,2025-03-09,2025-03-09,Snow,None
FTL-01905,2025-07-21,Atlanta,Boston,QuickMove,Express,6.2,2025-07-28,2025-07-28,Fog,None
FTL-01906,2025-09-23,Atlanta,Dallas,QuickMove,Express,23.4,2025-09-27,2025-09-27,Clear,None
FTL-01907,2025-12-19,Denver,Nashville,QuickMove,Economy,11.3,2025-12-25,2025-12-25,Snow,None
FTL-01908,2025-11-09,Phoenix,Houston,QuickMove,Economy,19.5,2025-11-16,2025-11-17,Snow,Carrier delay
FTL-01909,2025-01-27,Atlanta,Nashville,FastShip,Economy,1.5,2025-02-02,2025-02-01,Clear,None
FTL-01910,2025-08-11,Denver,San Francisco,LogiPro,Economy,46.4,2025-08-15,2025-08-15,Clear,None
FTL-01911,2025-02-25,Atlanta,Los Angeles,QuickMove,Express,38.0,2025-03-02,2025-03-02,Clear,None
FTL-01912,2025-04-29,Atlanta,New York,FastShip,Express,22.3,2025-05-02,2025-05-02,Clear,None
FTL-01913,2025-09-27,Chicago,Minneapolis,QuickMove,Economy,36.7,2025-10-02,2025-10-01,Rain,None
FTL-01914,2025-03-07,Atlanta,Los Angeles,FastShip,Express,4.0,2025-03-14,2025-03-18,Fog,Warehouse processing
FTL-01915,2025-10-07,Denver,Seattle,FastShip,Economy,11.6,2025-10-11,2025-10-11,Clear,None
FTL-01916,2025-10-10,Phoenix,New York,QuickMove,Economy,40.7,2025-10-17,2025-10-17,Clear,None
FTL-01917,2025-07-09,Phoenix,Seattle,FastShip,Express,13.8,2025-07-16,2025-07-16,Clear,None
FTL-01918,2025-10-01,Atlanta,Nashville,LogiPro,Express,6.3,2025-10-05,2025-10-04,Clear,None
FTL-01919,2025-11-02,Phoenix,Boston,FastShip,Economy,5.6,2025-11-07,2025-11-06,Rain,None
FTL-01920,2025-11-20,Phoenix,Minneapolis,LogiPro,Express,4.8,2025-11-26,2025-11-28,Clear,Warehouse processing
FTL-01921,2025-02-12,Chicago,Minneapolis,FastShip,Express,2.5,2025-02-16,2025-02-16,Clear,None
FTL-01922,2025-02-27,Phoenix,Seattle,FastShip,Economy,44.5,2025-03-03,2025-03-07,Rain,Sorting error
FTL-01923,2025-08-12,Atlanta,Boston,LogiPro,Express,30.7,2025-08-17,2025-08-17,Clear,None
FTL-01924,2025-03-29,Chicago,Seattle,QuickMove,Express,12.8,2025-04-03,2025-04-07,Snow,Carrier delay
FTL-01925,2025-04-16,Denver,New York,QuickMove,Economy,24.3,2025-04-22,2025-04-26,Rain,Carrier delay
FTL-01926,2025-10-16,Atlanta,Nashville,QuickMove,Express,28.8,2025-10-20,2025-10-20,Clear,None
FTL-01927,2025-04-14,Phoenix,Nashville,QuickMove,Economy,33.8,2025-04-21,2025-04-20,Clear,None
FTL-01928,2025-08-02,Phoenix,Seattle,LogiPro,Express,46.3,2025-08-07,2025-08-07,Clear,None
FTL-01929,2025-11-13,Atlanta,Miami,FastShip,Express,16.0,2025-11-20,2025-11-20,Rain,None
FTL-01930,2025-04-23,Chicago,Miami,FastShip,Express,1.7,2025-04-26,2025-04-25,Clear,None
FTL-01931,2025-01-31,Phoenix,Boston,LogiPro,Economy,27.1,2025-02-04,2025-02-06,Snow,Warehouse processing
FTL-01932,2025-04-15,Denver,Minneapolis,QuickMove,Express,24.9,2025-04-22,2025-04-21,Fog,None
FTL-01933,2025-05-02,Denver,Boston,QuickMove,Economy,27.6,2025-05-08,2025-05-09,Fog,Address issue
FTL-01934,2025-06-29,Denver,Minneapolis,LogiPro,Economy,48.0,2025-07-02,2025-07-04,Clear,Carrier delay
FTL-01935,2025-08-08,Atlanta,Miami,LogiPro,Economy,1.7,2025-08-15,2025-08-15,Clear,None
FTL-01936,2025-09-22,Denver,Boston,FastShip,Express,4.0,2025-09-26,2025-09-26,Clear,None
FTL-01937,2025-07-14,Atlanta,Boston,LogiPro,Economy,42.8,2025-07-17,2025-07-17,Rain,None
FTL-01938,2025-02-23,Denver,San Francisco,QuickMove,Express,1.2,2025-02-26,2025-02-28,Snow,Address issue
FTL-01939,2025-03-25,Chicago,New York,LogiPro,Express,38.5,2025-03-29,2025-03-29,Snow,None
FTL-01940,2025-12-20,Chicago,Minneapolis,QuickMove,Express,4.5,2025-12-25,2025-12-28,Clear,Carrier delay
FTL-01941,2025-06-22,Chicago,New York,LogiPro,Economy,19.3,2025-06-28,2025-06-28,Clear,None
FTL-01942,2025-09-23,Chicago,Houston,FastShip,Express,4.8,2025-09-28,2025-09-28,Rain,None
FTL-01943,2025-02-13,Atlanta,Nashville,FastShip,Express,6.9,2025-02-18,2025-02-22,Snow,Weather disruption
FTL-01944,2025-02-04,Phoenix,Boston,FastShip,Economy,4.3,2025-02-09,2025-02-08,Clear,None
FTL-01945,2025-01-12,Denver,New York,LogiPro,Express,46.2,2025-01-19,2025-01-21,Snow,Address issue
FTL-01946,2025-07-15,Atlanta,Los Angeles,QuickMove,Express,37.9,2025-07-21,2025-07-21,Clear,None
FTL-01947,2025-07-14,Denver,San Francisco,FastShip,Express,28.9,2025-07-19,2025-07-23,Rain,Address issue
FTL-01948,2025-07-07,Phoenix,Dallas,QuickMove,Economy,41.9,2025-07-12,2025-07-16,Clear,Vehicle breakdown
FTL-01949,2025-01-15,Denver,Dallas,LogiPro,Express,13.4,2025-01-19,2025-01-18,Rain,None
FTL-01950,2025-02-27,Chicago,San Francisco,FastShip,Express,49.9,2025-03-06,2025-03-05,Clear,None
FTL-01951,2025-08-17,Chicago,San Francisco,LogiPro,Economy,36.5,2025-08-20,2025-08-20,Clear,None
FTL-01952,2025-02-17,Denver,Minneapolis,LogiPro,Economy,30.0,2025-02-24,2025-02-23,Snow,None
FTL-01953,2025-04-30,Denver,San Francisco,FastShip,Economy,8.2,2025-05-04,2025-05-03,Rain,None
FTL-01954,2025-11-02,Denver,Dallas,FastShip,Express,18.4,2025-11-08,2025-11-08,Snow,None
FTL-01955,2025-11-29,Atlanta,Los Angeles,QuickMove,Economy,15.4,2025-12-03,2025-12-02,Clear,None
FTL-01956,2025-01-14,Atlanta,Miami,LogiPro,Express,13.6,2025-01-19,2025-01-19,Clear,None
FTL-01957,2025-10-12,Phoenix,Miami,FastShip,Economy,26.0,2025-10-16,2025-10-17,Rain,Warehouse processing
FTL-01958,2025-06-28,Phoenix,Nashville,FastShip,Economy,27.7,2025-07-03,2025-07-02,Clear,None
FTL-01959,2025-03-09,Atlanta,Nashville,LogiPro,Express,15.0,2025-03-16,2025-03-18,Snow,Carrier delay
FTL-01960,2025-03-03,Chicago,New York,FastShip,Economy,9.6,2025-03-08,2025-03-07,Snow,None
FTL-01961,2025-12-01,Denver,New York,FastShip,Economy,24.1,2025-12-05,2025-12-05,Snow,None
FTL-01962,2025-11-14,Phoenix,Miami,LogiPro,Economy,3.4,2025-11-20,2025-11-25,Rain,Warehouse processing
FTL-01963,2025-02-26,Chicago,Los Angeles,LogiPro,Economy,28.3,2025-03-02,2025-03-02,Snow,None
FTL-01964,2025-07-10,Chicago,Los Angeles,FastShip,Economy,13.3,2025-07-16,2025-07-16,Clear,None
FTL-01965,2025-12-29,Atlanta,Boston,FastShip,Express,48.9,2026-01-03,2026-01-03,Rain,None
FTL-01966,2025-02-03,Phoenix,Nashville,FastShip,Economy,48.2,2025-02-09,2025-02-08,Snow,None
FTL-01967,2025-01-22,Atlanta,New York,QuickMove,Economy,39.7,2025-01-25,2025-01-26,Fog,Sorting error
FTL-01968,2025-05-22,Chicago,Nashville,QuickMove,Economy,45.8,2025-05-29,2025-05-28,Rain,None
FTL-01969,2025-07-06,Atlanta,Houston,QuickMove,Economy,14.6,2025-07-10,2025-07-09,Rain,None
FTL-01970,2025-11-29,Chicago,Dallas,FastShip,Express,5.2,2025-12-02,2025-12-01,Rain,None
FTL-01971,2025-10-05,Atlanta,Los Angeles,QuickMove,Economy,25.6,2025-10-11,2025-10-11,Rain,None
FTL-01972,2025-08-27,Phoenix,Minneapolis,FastShip,Express,6.8,2025-09-03,2025-09-05,Clear,Warehouse processing
FTL-01973,2025-01-01,Denver,Houston,FastShip,Express,31.8,2025-01-04,2025-01-03,Clear,None
FTL-01974,2025-07-27,Chicago,Nashville,LogiPro,Economy,13.2,2025-08-03,2025-08-03,Fog,None
FTL-01975,2025-01-01,Atlanta,New York,QuickMove,Economy,25.9,2025-01-04,2025-01-09,Rain,Weather disruption
FTL-01976,2025-07-29,Chicago,New York,QuickMove,Express,10.9,2025-08-05,2025-08-04,Clear,None
FTL-01977,2025-04-12,Phoenix,Nashville,FastShip,Economy,49.9,2025-04-15,2025-04-15,Clear,None
FTL-01978,2025-10-10,Phoenix,Dallas,LogiPro,Express,45.3,2025-10-14,2025-10-13,Rain,None
FTL-01979,2025-11-21,Atlanta,Seattle,QuickMove,Economy,29.8,2025-11-26,2025-11-26,Clear,None
FTL-01980,2025-04-15,Atlanta,Nashville,FastShip,Express,37.9,2025-04-18,2025-04-22,Rain,Address issue
FTL-01981,2025-11-13,Atlanta,Miami,FastShip,Economy,30.0,2025-11-17,2025-11-17,Clear,None
FTL-01982,2025-01-29,Atlanta,New York,QuickMove,Express,46.1,2025-02-03,2025-02-03,Rain,None
FTL-01983,2025-10-07,Atlanta,Nashville,FastShip,Economy,46.6,2025-10-14,2025-10-13,Clear,None
FTL-01984,2025-07-09,Denver,Boston,QuickMove,Economy,26.3,2025-07-14,2025-07-13,Clear,None
FTL-01985,2025-10-25,Chicago,Miami,FastShip,Express,15.9,2025-10-31,2025-10-30,Fog,None
FTL-01986,2025-02-21,Atlanta,Houston,QuickMove,Economy,14.0,2025-02-25,2025-03-01,Rain,Carrier delay
FTL-01987,2025-05-15,Chicago,Boston,LogiPro,Economy,47.0,2025-05-18,2025-05-18,Rain,None
FTL-01988,2025-11-14,Phoenix,Minneapolis,LogiPro,Economy,29.5,2025-11-20,2025-11-20,Rain,None
FTL-01989,2025-02-17,Phoenix,Nashville,QuickMove,Express,10.4,2025-02-23,2025-02-26,Snow,Carrier delay
FTL-01990,2025-03-30,Atlanta,Minneapolis,QuickMove,Express,45.4,2025-04-04,2025-04-04,Clear,None
FTL-01991,2025-10-07,Chicago,Nashville,FastShip,Express,43.3,2025-10-10,2025-10-12,Clear,Weather disruption
FTL-01992,2025-02-15,Chicago,Los Angeles,QuickMove,Express,41.5,2025-02-18,2025-02-18,Snow,None
FTL-01993,2025-03-24,Chicago,Seattle,QuickMove,Economy,19.1,2025-03-27,2025-03-26,Clear,None
FTL-01994,2025-03-29,Atlanta,Los Angeles,QuickMove,Express,16.4,2025-04-03,2025-04-03,Fog,None
FTL-01995,2025-08-10,Denver,Los Angeles,QuickMove,Express,15.9,2025-08-17,2025-08-16,Rain,None
FTL-01996,2025-05-16,Chicago,Minneapolis,QuickMove,Economy,31.4,2025-05-19,2025-05-24,Clear,Carrier delay
FTL-01997,2025-01-05,Chicago,Nashville,LogiPro,Express,22.7,2025-01-10,2025-01-10,Fog,None
FTL-01998,2025-02-24,Denver,Nashville,FastShip,Economy,46.9,2025-03-03,2025-03-03,Clear,None
FTL-01999,2025-05-23,Denver,New York,FastShip,Economy,35.1,2025-05-27,2025-05-26,Clear,None
FTL-02000,2025-03-01,Denver,San Francisco,FastShip,Economy,1.8,2025-03-08,2025-03-07,Clear,None
FTL-02001,2025-05-02,Phoenix,Minneapolis,FastShip,Express,11.3,2025-05-07,2025-05-07,Clear,None
FTL-02002,2025-04-25,Phoenix,New York,FastShip,Express,26.3,2025-04-28,2025-04-27,Clear,None
FTL-02003,2025-12-29,Atlanta,Nashville,LogiPro,Economy,8.3,2026-01-01,2025-12-31,Clear,None
FTL-02004,2025-11-30,Chicago,Dallas,QuickMove,Economy,31.7,2025-12-05,2025-12-04,Snow,None
FTL-02005,2025-02-09,Phoenix,San Francisco,QuickMove,Express,17.8,2025-02-16,2025-02-17,Rain,Carrier delay
FTL-02006,2025-01-02,Chicago,Minneapolis,FastShip,Express,46.4,2025-01-09,2025-01-09,Clear,None
FTL-02007,2025-03-24,Chicago,San Francisco,FastShip,Economy,7.8,2025-03-27,2025-03-27,Snow,None
FTL-02008,2025-07-02,Denver,Seattle,FastShip,Express,37.5,2025-07-07,2025-07-06,Clear,None
FTL-02009,2025-04-24,Phoenix,San Francisco,LogiPro,Economy,16.4,2025-04-30,2025-04-29,Clear,None
FTL-02010,2025-11-22,Phoenix,Dallas,QuickMove,Express,7.0,2025-11-25,2025-11-24,Clear,None
FTL-02011,2025-04-07,Chicago,Nashville,QuickMove,Express,38.3,2025-04-14,2025-04-13,Rain,None
FTL-02012,2025-09-14,Denver,Los Angeles,QuickMove,Economy,47.4,2025-09-20,2025-09-19,Clear,None
FTL-02013,2025-02-06,Chicago,Los Angeles,LogiPro,Express,25.1,2025-02-12,2025-02-12,Rain,None
FTL-02014,2025-04-16,Phoenix,New York,QuickMove,Express,25.7,2025-04-19,2025-04-19,Rain,None
FTL-02015,2025-12-24,Atlanta,Minneapolis,FastShip,Express,36.8,2025-12-28,2025-12-31,Snow,Weather disruption
FTL-02016,2025-07-26,Phoenix,New York,LogiPro,Economy,5.6,2025-07-30,2025-07-30,Clear,None
FTL-02017,2025-08-05,Chicago,Boston,QuickMove,Economy,45.4,2025-08-08,2025-08-10,Clear,Address issue
FTL-02018,2025-01-12,Atlanta,Dallas,FastShip,Economy,22.1,2025-01-15,2025-01-14,Clear,None
FTL-02019,2025-06-13,Phoenix,Dallas,LogiPro,Economy,22.1,2025-06-18,2025-06-21,Rain,Warehouse processing
FTL-02020,2025-07-10,Denver,Miami,QuickMove,Express,20.0,2025-07-16,2025-07-21,Clear,Address issue
FTL-02021,2025-11-05,Phoenix,Nashville,FastShip,Express,41.9,2025-11-12,2025-11-12,Snow,None
FTL-02022,2025-05-18,Denver,Minneapolis,FastShip,Express,25.0,2025-05-22,2025-05-21,Clear,None
FTL-02023,2025-06-21,Atlanta,Boston,FastShip,Express,3.0,2025-06-25,2025-06-24,Rain,None
FTL-02024,2025-09-28,Atlanta,Seattle,FastShip,Express,28.9,2025-10-03,2025-10-03,Clear,None
FTL-02025,2025-12-26,Chicago,Miami,QuickMove,Express,46.4,2025-12-31,2026-01-03,Snow,Vehicle breakdown
FTL-02026,2025-06-13,Chicago,Miami,FastShip,Economy,23.0,2025-06-20,2025-06-19,Rain,None
FTL-02027,2025-05-13,Phoenix,Boston,FastShip,Economy,15.7,2025-05-19,2025-05-19,Rain,None
FTL-02028,2025-10-03,Chicago,Minneapolis,LogiPro,Express,7.0,2025-10-06,2025-10-06,Clear,None
FTL-02029,2025-01-29,Phoenix,New York,QuickMove,Express,47.1,2025-02-02,2025-02-02,Rain,None
FTL-02030,2025-01-15,Atlanta,Minneapolis,QuickMove,Economy,22.3,2025-01-19,2025-01-24,Rain,Carrier delay
FTL-02031,2025-01-29,Phoenix,Nashville,FastShip,Express,19.0,2025-02-01,2025-02-03,Rain,Weather disruption
FTL-02032,2025-04-22,Phoenix,Boston,FastShip,Economy,18.7,2025-04-28,2025-05-03,Clear,Address issue
FTL-02033,2025-02-13,Chicago,Seattle,QuickMove,Economy,5.6,2025-02-20,2025-02-21,Fog,Carrier delay
FTL-02034,2025-11-11,Atlanta,Boston,LogiPro,Express,25.2,2025-11-18,2025-11-17,Clear,None
FTL-02035,2025-12-28,Chicago,Boston,LogiPro,Economy,16.6,2026-01-03,2026-01-03,Snow,None
FTL-02036,2025-07-18,Phoenix,Miami,FastShip,Express,45.6,2025-07-25,2025-07-25,Rain,None
FTL-02037,2025-07-03,Atlanta,Nashville,QuickMove,Economy,25.2,2025-07-08,2025-07-12,Rain,Carrier delay
FTL-02038,2025-01-13,Atlanta,Boston,LogiPro,Economy,47.9,2025-01-19,2025-01-19,Clear,None
FTL-02039,2025-10-31,Denver,Los Angeles,LogiPro,Economy,23.8,2025-11-05,2025-11-04,Clear,None
FTL-02040,2025-05-05,Chicago,Minneapolis,LogiPro,Economy,24.5,2025-05-12,2025-05-12,Rain,None
FTL-02041,2025-10-14,Phoenix,Miami,FastShip,Economy,34.3,2025-10-17,2025-10-18,Fog,Weather disruption
FTL-02042,2025-02-27,Denver,Los Angeles,QuickMove,Economy,23.7,2025-03-04,2025-03-05,Clear,Carrier delay
FTL-02043,2025-07-10,Denver,Boston,FastShip,Express,12.9,2025-07-13,2025-07-14,Clear,Address issue
FTL-02044,2025-03-05,Chicago,New York,FastShip,Economy,27.0,2025-03-10,2025-03-09,Snow,None
FTL-02045,2025-05-23,Denver,Seattle,FastShip,Economy,40.1,2025-05-28,2025-05-27,Rain,None
FTL-02046,2025-07-25,Denver,Seattle,LogiPro,Economy,40.6,2025-08-01,2025-07-31,Clear,None
FTL-02047,2025-11-23,Denver,Minneapolis,FastShip,Economy,42.5,2025-11-28,2025-11-27,Snow,None
FTL-02048,2025-02-20,Phoenix,Houston,FastShip,Economy,30.0,2025-02-26,2025-02-26,Snow,None
FTL-02049,2025-04-20,Atlanta,San Francisco,QuickMove,Express,42.2,2025-04-25,2025-04-25,Rain,None
FTL-02050,2025-04-20,Denver,Miami,FastShip,Economy,10.7,2025-04-23,2025-04-23,Clear,None
FTL-02051,2025-08-15,Denver,Boston,FastShip,Express,29.6,2025-08-22,2025-08-22,Rain,None
FTL-02052,2025-04-26,Atlanta,Los Angeles,QuickMove,Express,37.7,2025-04-29,2025-04-29,Fog,None
FTL-02053,2025-11-06,Denver,San Francisco,FastShip,Economy,41.5,2025-11-10,2025-11-09,Rain,None
FTL-02054,2025-01-20,Chicago,Minneapolis,QuickMove,Economy,33.0,2025-01-24,2025-01-24,Snow,None
FTL-02055,2025-04-07,Phoenix,New York,LogiPro,Economy,43.6,2025-04-11,2025-04-11,Rain,None
FTL-02056,2025-12-02,Chicago,Nashville,QuickMove,Express,20.1,2025-12-05,2025-12-04,Snow,None
FTL-02057,2025-08-09,Phoenix,Boston,FastShip,Express,37.0,2025-08-14,2025-08-14,Rain,None
FTL-02058,2025-08-19,Phoenix,Seattle,FastShip,Economy,8.7,2025-08-23,2025-08-23,Rain,None
FTL-02059,2025-12-02,Atlanta,Boston,FastShip,Express,32.5,2025-12-05,2025-12-04,Rain,None
FTL-02060,2025-11-22,Phoenix,Houston,QuickMove,Express,38.7,2025-11-28,2025-11-28,Clear,None
FTL-02061,2025-08-29,Chicago,Seattle,LogiPro,Economy,5.4,2025-09-02,2025-09-02,Clear,None
FTL-02062,2025-05-09,Atlanta,Los Angeles,FastShip,Express,21.8,2025-05-16,2025-05-15,Clear,None
FTL-02063,2025-01-03,Denver,Nashville,FastShip,Express,14.8,2025-01-06,2025-01-06,Clear,None
FTL-02064,2025-03-27,Denver,Seattle,FastShip,Express,6.2,2025-03-30,2025-03-29,Rain,None
FTL-02065,2025-04-13,Denver,Minneapolis,QuickMove,Economy,20.5,2025-04-18,2025-04-17,Clear,None
FTL-02066,2025-07-17,Phoenix,Nashville,QuickMove,Express,40.9,2025-07-23,2025-07-23,Snow,None
FTL-02067,2025-11-20,Phoenix,San Francisco,FastShip,Express,35.0,2025-11-25,2025-11-24,Snow,None
FTL-02068,2025-06-18,Denver,Dallas,FastShip,Express,26.7,2025-06-23,2025-06-23,Clear,None
FTL-02069,2025-03-20,Phoenix,New York,FastShip,Economy,40.3,2025-03-26,2025-03-31,Snow,Sorting error
FTL-02070,2025-11-12,Atlanta,Dallas,FastShip,Economy,18.4,2025-11-16,2025-11-16,Clear,None
FTL-02071,2025-01-07,Phoenix,Nashville,QuickMove,Economy,49.7,2025-01-12,2025-01-11,Rain,None
FTL-02072,2025-05-25,Atlanta,Dallas,LogiPro,Economy,8.4,2025-05-30,2025-05-30,Rain,None
FTL-02073,2025-02-12,Denver,Houston,QuickMove,Express,41.0,2025-02-15,2025-02-18,Snow,Sorting error
FTL-02074,2025-04-03,Phoenix,Seattle,QuickMove,Economy,29.3,2025-04-06,2025-04-07,Clear,Carrier delay
FTL-02075,2025-07-05,Atlanta,Los Angeles,FastShip,Economy,26.3,2025-07-11,2025-07-11,Clear,None
FTL-02076,2025-03-20,Denver,New York,QuickMove,Express,28.5,2025-03-23,2025-03-22,Clear,None
FTL-02077,2025-03-21,Denver,San Francisco,FastShip,Express,23.8,2025-03-25,2025-03-24,Snow,None
FTL-02078,2025-01-06,Chicago,Houston,FastShip,Economy,38.6,2025-01-12,2025-01-11,Snow,None
FTL-02079,2025-08-12,Denver,Los Angeles,QuickMove,Economy,45.4,2025-08-16,2025-08-17,Clear,Sorting error
FTL-02080,2025-03-27,Phoenix,Nashville,QuickMove,Express,15.9,2025-04-02,2025-04-03,Clear,Carrier delay
FTL-02081,2025-05-21,Phoenix,Houston,FastShip,Economy,11.8,2025-05-24,2025-05-24,Fog,None
FTL-02082,2025-02-14,Atlanta,Nashville,LogiPro,Economy,13.0,2025-02-19,2025-02-19,Clear,None
FTL-02083,2025-05-04,Phoenix,Miami,QuickMove,Express,13.7,2025-05-08,2025-05-07,Fog,None
FTL-02084,2025-06-27,Chicago,San Francisco,QuickMove,Economy,37.3,2025-07-01,2025-07-01,Clear,None
FTL-02085,2025-08-01,Phoenix,Nashville,FastShip,Express,18.2,2025-08-08,2025-08-10,Clear,Sorting error
FTL-02086,2025-07-23,Phoenix,Dallas,FastShip,Economy,42.9,2025-07-27,2025-07-27,Clear,None
FTL-02087,2025-10-27,Denver,Seattle,LogiPro,Economy,41.6,2025-10-30,2025-10-30,Rain,None
FTL-02088,2025-11-25,Denver,Nashville,FastShip,Express,16.3,2025-11-30,2025-11-30,Clear,None
FTL-02089,2025-06-02,Atlanta,Seattle,LogiPro,Express,25.6,2025-06-09,2025-06-08,Clear,None
FTL-02090,2025-05-01,Chicago,Dallas,QuickMove,Economy,31.2,2025-05-05,2025-05-05,Clear,None
FTL-02091,2025-01-10,Phoenix,Los Angeles,FastShip,Economy,2.9,2025-01-13,2025-01-15,Rain,Warehouse processing
FTL-02092,2025-08-07,Phoenix,Boston,QuickMove,Economy,27.2,2025-08-14,2025-08-16,Clear,Carrier delay
FTL-02093,2025-06-25,Denver,Boston,QuickMove,Economy,22.3,2025-07-02,2025-07-02,Clear,None
FTL-02094,2025-02-05,Phoenix,Seattle,QuickMove,Express,45.9,2025-02-08,2025-02-11,Snow,Sorting error
FTL-02095,2025-01-23,Phoenix,Dallas,FastShip,Economy,37.4,2025-01-28,2025-01-28,Clear,None
FTL-02096,2025-12-11,Denver,Minneapolis,QuickMove,Express,40.0,2025-12-15,2025-12-15,Snow,None
FTL-02097,2025-11-02,Atlanta,New York,FastShip,Economy,8.3,2025-11-07,2025-11-06,Rain,None
FTL-02098,2025-08-22,Phoenix,Nashville,QuickMove,Express,30.4,2025-08-27,2025-08-27,Clear,None
FTL-02099,2025-03-28,Denver,Dallas,FastShip,Economy,2.3,2025-03-31,2025-03-30,Fog,None
FTL-02100,2025-11-28,Chicago,Seattle,LogiPro,Express,39.0,2025-12-03,2025-12-06,Fog,Carrier delay
FTL-02101,2025-12-14,Denver,San Francisco,FastShip,Economy,15.6,2025-12-21,2025-12-21,Fog,None
FTL-02102,2025-06-22,Phoenix,Dallas,LogiPro,Economy,12.8,2025-06-25,2025-06-25,Clear,None
FTL-02103,2025-05-11,Denver,Boston,QuickMove,Express,12.0,2025-05-16,2025-05-15,Clear,None
FTL-02104,2025-12-28,Atlanta,Houston,FastShip,Economy,37.7,2025-12-31,2025-12-30,Clear,None
FTL-02105,2025-06-27,Phoenix,New York,QuickMove,Economy,5.0,2025-06-30,2025-06-29,Rain,None
FTL-02106,2025-07-02,Phoenix,Minneapolis,QuickMove,Economy,49.8,2025-07-07,2025-07-12,Clear,Carrier delay
FTL-02107,2025-07-11,Denver,Miami,QuickMove,Express,22.3,2025-07-18,2025-07-18,Fog,None
FTL-02108,2025-09-01,Atlanta,San Francisco,FastShip,Economy,34.1,2025-09-05,2025-09-05,Clear,None
FTL-02109,2025-12-22,Denver,Los Angeles,FastShip,Express,15.1,2025-12-29,2025-12-28,Snow,None
FTL-02110,2025-05-20,Chicago,Seattle,FastShip,Economy,21.0,2025-05-25,2025-05-25,Clear,None
FTL-02111,2025-01-04,Chicago,Houston,LogiPro,Economy,34.5,2025-01-10,2025-01-10,Snow,None
FTL-02112,2025-08-15,Phoenix,Dallas,FastShip,Express,5.9,2025-08-18,2025-08-18,Clear,None
FTL-02113,2025-02-13,Phoenix,Boston,FastShip,Express,20.8,2025-02-19,2025-02-19,Fog,None
FTL-02114,2025-06-19,Phoenix,New York,LogiPro,Express,15.6,2025-06-23,2025-06-22,Clear,None
FTL-02115,2025-11-28,Phoenix,Houston,LogiPro,Economy,43.2,2025-12-01,2025-12-01,Snow,None
FTL-02116,2025-07-24,Chicago,Nashville,FastShip,Economy,9.3,2025-07-28,2025-07-27,Snow,None
FTL-02117,2025-11-19,Denver,San Francisco,QuickMove,Economy,43.5,2025-11-22,2025-11-22,Clear,None
FTL-02118,2025-08-07,Phoenix,Los Angeles,FastShip,Express,17.7,2025-08-14,2025-08-18,Clear,Address issue
FTL-02119,2025-12-17,Phoenix,Houston,LogiPro,Express,25.3,2025-12-23,2025-12-25,Snow,Address issue
FTL-02120,2025-05-16,Denver,Minneapolis,LogiPro,Express,44.2,2025-05-21,2025-05-20,Clear,None
FTL-02121,2025-06-29,Phoenix,Nashville,LogiPro,Express,24.9,2025-07-04,2025-07-04,Rain,None
FTL-02122,2025-08-11,Atlanta,Nashville,LogiPro,Express,27.4,2025-08-15,2025-08-15,Rain,None
FTL-02123,2025-03-21,Phoenix,Boston,FastShip,Economy,26.0,2025-03-27,2025-03-30,Snow,Carrier delay
FTL-02124,2025-09-24,Phoenix,Miami,LogiPro,Economy,40.9,2025-09-30,2025-09-29,Clear,None
FTL-02125,2025-04-11,Phoenix,Minneapolis,QuickMove,Express,43.0,2025-04-17,2025-04-17,Fog,None
FTL-02126,2025-01-13,Denver,Dallas,FastShip,Express,43.7,2025-01-18,2025-01-17,Snow,None
FTL-02127,2025-06-25,Atlanta,Seattle,QuickMove,Economy,48.5,2025-06-30,2025-06-30,Rain,None
FTL-02128,2025-09-16,Chicago,Seattle,LogiPro,Express,11.4,2025-09-21,2025-09-21,Rain,None
FTL-02129,2025-06-05,Atlanta,Nashville,LogiPro,Economy,26.2,2025-06-10,2025-06-10,Fog,None
FTL-02130,2025-03-14,Denver,Boston,FastShip,Express,43.4,2025-03-20,2025-03-23,Clear,Weather disruption
FTL-02131,2025-10-28,Atlanta,Nashville,FastShip,Economy,35.2,2025-11-02,2025-11-02,Clear,None
FTL-02132,2025-10-15,Chicago,Dallas,QuickMove,Economy,45.4,2025-10-22,2025-10-22,Clear,None
FTL-02133,2025-11-23,Atlanta,New York,QuickMove,Express,21.0,2025-11-28,2025-11-27,Clear,None
FTL-02134,2025-08-31,Atlanta,Dallas,FastShip,Express,32.5,2025-09-04,2025-09-04,Clear,None
FTL-02135,2025-07-06,Atlanta,New York,QuickMove,Economy,45.0,2025-07-13,2025-07-18,Clear,Vehicle breakdown
FTL-02136,2025-11-16,Denver,Nashville,FastShip,Express,32.4,2025-11-22,2025-11-21,Snow,None
FTL-02137,2025-01-04,Chicago,Miami,QuickMove,Economy,39.6,2025-01-11,2025-01-10,Snow,None
FTL-02138,2025-05-05,Phoenix,Houston,LogiPro,Express,18.5,2025-05-10,2025-05-10,Rain,None
FTL-02139,2025-07-31,Denver,Dallas,FastShip,Economy,44.8,2025-08-04,2025-08-03,Snow,None
FTL-02140,2025-02-25,Phoenix,New York,FastShip,Express,26.6,2025-03-01,2025-03-04,Clear,Warehouse processing
FTL-02141,2025-04-21,Chicago,Miami,FastShip,Economy,40.3,2025-04-28,2025-04-28,Clear,None
FTL-02142,2025-11-24,Phoenix,Minneapolis,FastShip,Economy,42.5,2025-11-27,2025-11-27,Snow,None
FTL-02143,2025-05-27,Phoenix,Dallas,FastShip,Express,47.4,2025-05-31,2025-05-31,Clear,None
FTL-02144,2025-08-17,Chicago,San Francisco,FastShip,Economy,8.3,2025-08-20,2025-08-19,Clear,None
FTL-02145,2025-08-26,Chicago,Los Angeles,FastShip,Economy,4.4,2025-08-31,2025-08-30,Clear,None
FTL-02146,2025-08-23,Atlanta,Los Angeles,FastShip,Economy,2.2,2025-08-27,2025-08-27,Clear,None
FTL-02147,2025-10-17,Phoenix,Houston,QuickMove,Economy,23.7,2025-10-21,2025-10-25,Fog,Weather disruption
FTL-02148,2025-03-11,Atlanta,Houston,QuickMove,Express,33.9,2025-03-16,2025-03-15,Snow,None
FTL-02149,2025-01-22,Denver,Los Angeles,QuickMove,Express,22.1,2025-01-25,2025-01-25,Rain,None
FTL-02150,2025-02-13,Phoenix,Seattle,QuickMove,Economy,5.4,2025-02-20,2025-02-21,Snow,Vehicle breakdown
FTL-02151,2025-05-27,Denver,Houston,FastShip,Economy,31.5,2025-06-03,2025-06-03,Clear,None
FTL-02152,2025-08-13,Chicago,Minneapolis,QuickMove,Express,43.0,2025-08-18,2025-08-18,Clear,None
FTL-02153,2025-10-29,Phoenix,Seattle,FastShip,Express,45.5,2025-11-01,2025-10-31,Rain,None
FTL-02154,2025-10-30,Atlanta,New York,QuickMove,Economy,10.2,2025-11-02,2025-11-04,Fog,Carrier delay
FTL-02155,2025-01-02,Denver,San Francisco,QuickMove,Economy,15.0,2025-01-09,2025-01-09,Snow,None
FTL-02156,2025-12-17,Denver,San Francisco,LogiPro,Express,12.8,2025-12-23,2025-12-24,Clear,Weather disruption
FTL-02157,2025-03-24,Chicago,Miami,FastShip,Economy,9.1,2025-03-27,2025-03-29,Snow,Warehouse processing
FTL-02158,2025-06-25,Phoenix,Nashville,FastShip,Express,48.4,2025-07-01,2025-07-01,Fog,None
FTL-02159,2025-12-14,Chicago,Miami,QuickMove,Express,11.3,2025-12-20,2025-12-20,Clear,None
FTL-02160,2025-05-04,Phoenix,New York,LogiPro,Express,43.4,2025-05-09,2025-05-09,Clear,None
FTL-02161,2025-03-23,Atlanta,Dallas,QuickMove,Economy,41.2,2025-03-26,2025-03-28,Rain,Carrier delay
FTL-02162,2025-08-09,Denver,San Francisco,QuickMove,Express,23.1,2025-08-12,2025-08-11,Fog,None
FTL-02163,2025-05-12,Denver,Seattle,FastShip,Economy,30.1,2025-05-17,2025-05-16,Clear,None
FTL-02164,2025-12-17,Denver,New York,FastShip,Express,47.2,2025-12-24,2025-12-23,Snow,None
FTL-02165,2025-08-18,Phoenix,Seattle,QuickMove,Economy,42.7,2025-08-24,2025-08-28,Clear,Carrier delay
FTL-02166,2025-07-02,Denver,Los Angeles,FastShip,Economy,43.3,2025-07-07,2025-07-06,Clear,None
FTL-02167,2025-05-30,Denver,Nashville,QuickMove,Express,9.2,2025-06-03,2025-06-02,Clear,None
FTL-02168,2025-07-01,Phoenix,Dallas,FastShip,Economy,11.6,2025-07-08,2025-07-07,Clear,None
FTL-02169,2025-07-10,Chicago,Seattle,QuickMove,Express,21.3,2025-07-13,2025-07-13,Fog,None
FTL-02170,2025-09-17,Phoenix,Los Angeles,QuickMove,Economy,16.1,2025-09-24,2025-09-25,Clear,Carrier delay
FTL-02171,2025-06-17,Phoenix,Houston,FastShip,Economy,34.0,2025-06-24,2025-06-23,Rain,None
FTL-02172,2025-12-09,Phoenix,Dallas,QuickMove,Economy,34.5,2025-12-16,2025-12-21,Rain,Vehicle breakdown
FTL-02173,2025-07-19,Atlanta,Minneapolis,FastShip,Economy,47.0,2025-07-24,2025-07-23,Clear,None
FTL-02174,2025-02-27,Atlanta,Seattle,QuickMove,Economy,15.1,2025-03-02,2025-03-03,Fog,Carrier delay
FTL-02175,2025-07-11,Phoenix,Houston,QuickMove,Express,33.4,2025-07-14,2025-07-13,Snow,None
FTL-02176,2025-11-25,Atlanta,Dallas,FastShip,Economy,14.0,2025-11-30,2025-11-30,Clear,None
FTL-02177,2025-05-01,Chicago,San Francisco,QuickMove,Express,36.8,2025-05-04,2025-05-03,Rain,None
FTL-02178,2025-02-11,Phoenix,Seattle,FastShip,Express,11.4,2025-02-18,2025-02-17,Rain,None
FTL-02179,2025-06-21,Phoenix,Miami,FastShip,Economy,48.4,2025-06-26,2025-06-26,Rain,None
FTL-02180,2025-06-28,Phoenix,Minneapolis,LogiPro,Express,20.5,2025-07-01,2025-06-30,Rain,None
FTL-02181,2025-12-27,Atlanta,Houston,LogiPro,Economy,1.6,2026-01-01,2026-01-01,Clear,None
FTL-02182,2025-07-16,Chicago,San Francisco,LogiPro,Express,21.4,2025-07-21,2025-07-20,Fog,None
FTL-02183,2025-08-11,Phoenix,Minneapolis,FastShip,Express,7.0,2025-08-18,2025-08-18,Snow,None
FTL-02184,2025-09-16,Chicago,Houston,LogiPro,Economy,30.7,2025-09-23,2025-09-22,Fog,None
FTL-02185,2025-04-15,Atlanta,Houston,QuickMove,Economy,41.6,2025-04-19,2025-04-19,Rain,None
FTL-02186,2025-08-13,Chicago,New York,FastShip,Express,37.2,2025-08-19,2025-08-18,Clear,None
FTL-02187,2025-02-10,Atlanta,Nashville,FastShip,Economy,13.2,2025-02-13,2025-02-17,Fog,Weather disruption
FTL-02188,2025-04-26,Denver,Dallas,QuickMove,Economy,35.2,2025-04-30,2025-04-30,Fog,None
FTL-02189,2025-02-26,Phoenix,Houston,QuickMove,Economy,29.0,2025-03-01,2025-03-03,Rain,Carrier delay
FTL-02190,2025-02-27,Phoenix,Nashville,FastShip,Express,10.2,2025-03-06,2025-03-05,Rain,None
FTL-02191,2025-08-01,Atlanta,Boston,QuickMove,Economy,20.1,2025-08-05,2025-08-06,Fog,Weather disruption
FTL-02192,2025-10-02,Denver,Los Angeles,QuickMove,Economy,18.4,2025-10-08,2025-10-07,Fog,None
FTL-02193,2025-11-12,Chicago,Dallas,LogiPro,Economy,42.1,2025-11-15,2025-11-17,Fog,Vehicle breakdown
FTL-02194,2025-11-30,Chicago,Minneapolis,QuickMove,Economy,10.2,2025-12-04,2025-12-03,Clear,None
FTL-02195,2025-01-15,Phoenix,Minneapolis,QuickMove,Express,46.2,2025-01-21,2025-01-21,Snow,None
FTL-02196,2025-02-13,Phoenix,Miami,QuickMove,Economy,25.2,2025-02-19,2025-02-24,Clear,Carrier delay
FTL-02197,2025-03-13,Phoenix,Dallas,FastShip,Economy,13.2,2025-03-18,2025-03-18,Rain,None
FTL-02198,2025-10-06,Chicago,Miami,FastShip,Economy,30.4,2025-10-11,2025-10-10,Rain,None
FTL-02199,2025-07-02,Chicago,Nashville,FastShip,Economy,22.3,2025-07-07,2025-07-10,Rain,Carrier delay
FTL-02200,2025-10-22,Phoenix,Nashville,QuickMove,Express,38.6,2025-10-26,2025-10-30,Clear,Vehicle breakdown
FTL-02201,2025-03-23,Phoenix,New York,QuickMove,Express,13.9,2025-03-26,2025-03-31,Snow,Vehicle breakdown
FTL-02202,2025-08-18,Chicago,Miami,FastShip,Economy,41.4,2025-08-24,2025-08-24,Clear,None
FTL-02203,2025-02-05,Atlanta,Houston,QuickMove,Economy,29.2,2025-02-08,2025-02-07,Rain,None
FTL-02204,2025-07-05,Atlanta,Minneapolis,FastShip,Economy,28.7,2025-07-09,2025-07-14,Clear,Weather disruption
FTL-02205,2025-04-25,Denver,New York,LogiPro,Express,11.9,2025-05-02,2025-05-01,Rain,None
FTL-02206,2025-09-14,Phoenix,Dallas,FastShip,Economy,19.0,2025-09-20,2025-09-19,Clear,None
FTL-02207,2025-11-05,Phoenix,Dallas,QuickMove,Express,28.8,2025-11-08,2025-11-08,Fog,None
FTL-02208,2025-10-26,Chicago,Miami,QuickMove,Economy,34.0,2025-10-29,2025-10-29,Rain,None
FTL-02209,2025-10-28,Denver,Minneapolis,FastShip,Economy,26.6,2025-11-02,2025-11-02,Clear,None
FTL-02210,2025-03-10,Denver,Miami,QuickMove,Express,3.6,2025-03-17,2025-03-22,Snow,Carrier delay
FTL-02211,2025-10-27,Chicago,Miami,QuickMove,Economy,38.2,2025-10-31,2025-10-30,Clear,None
FTL-02212,2025-03-28,Chicago,Miami,FastShip,Express,26.1,2025-03-31,2025-03-30,Fog,None
FTL-02213,2025-08-01,Atlanta,New York,QuickMove,Economy,38.3,2025-08-04,2025-08-03,Clear,None
FTL-02214,2025-03-24,Phoenix,Miami,QuickMove,Express,20.8,2025-03-28,2025-03-27,Clear,None
FTL-02215,2025-05-18,Phoenix,Miami,LogiPro,Economy,26.6,2025-05-25,2025-05-24,Clear,None
FTL-02216,2025-08-08,Denver,San Francisco,LogiPro,Economy,20.1,2025-08-14,2025-08-14,Clear,None
FTL-02217,2025-02-26,Chicago,Dallas,FastShip,Economy,8.7,2025-03-04,2025-03-04,Rain,None
FTL-02218,2025-08-15,Chicago,Nashville,QuickMove,Express,17.6,2025-08-19,2025-08-19,Clear,None
FTL-02219,2025-05-03,Denver,New York,FastShip,Economy,39.0,2025-05-07,2025-05-07,Fog,None
FTL-02220,2025-07-25,Atlanta,Boston,FastShip,Express,42.4,2025-07-31,2025-07-31,Clear,None
FTL-02221,2025-02-11,Chicago,Seattle,QuickMove,Express,10.2,2025-02-16,2025-02-15,Clear,None
FTL-02222,2025-05-21,Chicago,Dallas,LogiPro,Economy,21.3,2025-05-28,2025-05-27,Rain,None
FTL-02223,2025-01-31,Denver,Los Angeles,QuickMove,Economy,21.0,2025-02-07,2025-02-08,Snow,Weather disruption
FTL-02224,2025-12-13,Atlanta,Houston,QuickMove,Economy,41.6,2025-12-18,2025-12-18,Snow,None
FTL-02225,2025-01-20,Denver,Houston,QuickMove,Express,39.9,2025-01-26,2025-01-26,Clear,None
FTL-02226,2025-10-01,Atlanta,Dallas,FastShip,Express,20.7,2025-10-06,2025-10-05,Rain,None
FTL-02227,2025-07-15,Chicago,Houston,QuickMove,Express,42.6,2025-07-21,2025-07-21,Clear,None
FTL-02228,2025-08-25,Chicago,Miami,QuickMove,Express,4.6,2025-08-30,2025-08-29,Rain,None
FTL-02229,2025-06-22,Chicago,New York,LogiPro,Express,25.4,2025-06-26,2025-06-26,Clear,None
FTL-02230,2025-03-22,Denver,San Francisco,FastShip,Economy,29.9,2025-03-29,2025-03-29,Snow,None
FTL-02231,2025-07-25,Atlanta,Miami,FastShip,Express,16.6,2025-08-01,2025-07-31,Clear,None
FTL-02232,2025-08-04,Atlanta,San Francisco,FastShip,Express,10.6,2025-08-07,2025-08-07,Clear,None
FTL-02233,2025-01-26,Chicago,Nashville,FastShip,Economy,33.9,2025-01-30,2025-01-30,Snow,None
FTL-02234,2025-07-07,Denver,New York,QuickMove,Economy,4.8,2025-07-12,2025-07-13,Clear,Carrier delay
FTL-02235,2025-09-22,Phoenix,San Francisco,FastShip,Economy,19.3,2025-09-28,2025-09-27,Clear,None
FTL-02236,2025-10-07,Chicago,Boston,FastShip,Economy,35.1,2025-10-13,2025-10-12,Clear,None
FTL-02237,2025-05-19,Chicago,Dallas,FastShip,Economy,11.2,2025-05-22,2025-05-22,Clear,None
FTL-02238,2025-05-25,Atlanta,Houston,QuickMove,Express,4.7,2025-05-31,2025-05-31,Snow,None
FTL-02239,2025-06-19,Atlanta,Miami,FastShip,Economy,35.2,2025-06-23,2025-06-23,Rain,None
FTL-02240,2025-09-18,Chicago,New York,QuickMove,Economy,20.1,2025-09-24,2025-09-24,Clear,None
FTL-02241,2025-09-08,Chicago,Nashville,QuickMove,Express,40.8,2025-09-12,2025-09-12,Clear,None
FTL-02242,2025-05-15,Atlanta,Seattle,QuickMove,Express,38.3,2025-05-19,2025-05-19,Fog,None
FTL-02243,2025-04-21,Denver,San Francisco,QuickMove,Economy,26.1,2025-04-26,2025-04-27,Clear,Sorting error
FTL-02244,2025-08-09,Denver,Minneapolis,QuickMove,Express,47.6,2025-08-13,2025-08-13,Fog,None
FTL-02245,2025-11-13,Denver,Los Angeles,FastShip,Express,49.5,2025-11-17,2025-11-17,Snow,None
FTL-02246,2025-03-17,Atlanta,Boston,QuickMove,Express,20.4,2025-03-20,2025-03-20,Rain,None
FTL-02247,2025-04-13,Atlanta,New York,LogiPro,Economy,3.7,2025-04-18,2025-04-17,Clear,None
FTL-02248,2025-03-19,Atlanta,Seattle,FastShip,Express,39.5,2025-03-23,2025-03-22,Rain,None
FTL-02249,2025-02-05,Denver,Nashville,LogiPro,Express,19.8,2025-02-10,2025-02-09,Clear,None
FTL-02250,2025-05-23,Atlanta,Minneapolis,LogiPro,Express,25.2,2025-05-29,2025-05-29,Clear,None
FTL-02251,2025-02-26,Atlanta,New York,QuickMove,Economy,44.0,2025-03-02,2025-03-02,Fog,None
FTL-02252,2025-11-28,Denver,Los Angeles,FastShip,Express,38.6,2025-12-04,2025-12-04,Snow,None
FTL-02253,2025-09-17,Denver,Boston,LogiPro,Express,42.6,2025-09-23,2025-09-22,Rain,None
FTL-02254,2025-05-20,Phoenix,Seattle,FastShip,Express,4.1,2025-05-25,2025-05-28,Rain,Sorting error
FTL-02255,2025-10-09,Atlanta,Miami,QuickMove,Express,18.5,2025-10-15,2025-10-15,Rain,None
FTL-02256,2025-06-20,Phoenix,Minneapolis,FastShip,Economy,40.0,2025-06-25,2025-06-28,Rain,Carrier delay
FTL-02257,2025-07-16,Chicago,Miami,LogiPro,Express,43.1,2025-07-23,2025-07-22,Clear,None
FTL-02258,2025-05-28,Denver,New York,LogiPro,Express,14.5,2025-06-03,2025-06-07,Clear,Weather disruption
FTL-02259,2025-05-13,Atlanta,Dallas,LogiPro,Express,3.3,2025-05-20,2025-05-23,Clear,Weather disruption
FTL-02260,2025-09-01,Denver,San Francisco,QuickMove,Economy,35.1,2025-09-06,2025-09-05,Clear,None
FTL-02261,2025-09-08,Phoenix,Miami,QuickMove,Economy,12.7,2025-09-12,2025-09-15,Rain,Carrier delay
FTL-02262,2025-02-15,Chicago,Miami,LogiPro,Express,10.0,2025-02-19,2025-02-18,Snow,None
FTL-02263,2025-12-02,Chicago,Houston,FastShip,Economy,30.0,2025-12-07,2025-12-07,Clear,None
FTL-02264,2025-02-05,Denver,Houston,QuickMove,Economy,15.0,2025-02-12,2025-02-11,Fog,None
FTL-02265,2025-06-22,Phoenix,New York,LogiPro,Express,38.1,2025-06-28,2025-06-27,Clear,None
FTL-02266,2025-11-27,Atlanta,Boston,FastShip,Express,49.2,2025-12-04,2025-12-09,Clear,Carrier delay
FTL-02267,2025-03-18,Denver,Miami,QuickMove,Economy,34.2,2025-03-25,2025-03-24,Clear,None
FTL-02268,2025-01-29,Chicago,San Francisco,LogiPro,Economy,47.3,2025-02-03,2025-02-02,Snow,None
FTL-02269,2025-05-25,Denver,San Francisco,QuickMove,Express,5.2,2025-05-28,2025-05-28,Clear,None
FTL-02270,2025-01-30,Phoenix,Minneapolis,LogiPro,Express,35.4,2025-02-04,2025-02-03,Clear,None
FTL-02271,2025-10-08,Chicago,New York,FastShip,Economy,20.3,2025-10-12,2025-10-12,Clear,None
FTL-02272,2025-01-26,Denver,Seattle,FastShip,Express,41.2,2025-01-31,2025-01-30,Rain,None
FTL-02273,2025-02-23,Chicago,Houston,LogiPro,Economy,2.9,2025-02-27,2025-03-02,Snow,Weather disruption
FTL-02274,2025-02-28,Phoenix,Dallas,LogiPro,Express,32.5,2025-03-03,2025-03-02,Clear,None
FTL-02275,2025-02-26,Atlanta,Dallas,QuickMove,Express,6.2,2025-03-03,2025-03-03,Clear,None
FTL-02276,2025-02-05,Denver,Dallas,QuickMove,Express,32.0,2025-02-10,2025-02-10,Rain,None
FTL-02277,2025-07-23,Chicago,Miami,LogiPro,Economy,16.2,2025-07-28,2025-07-27,Rain,None
FTL-02278,2025-02-12,Atlanta,Minneapolis,FastShip,Express,22.8,2025-02-15,2025-02-14,Snow,None
FTL-02279,2025-04-19,Denver,Los Angeles,FastShip,Express,37.6,2025-04-23,2025-04-22,Clear,None
FTL-02280,2025-07-15,Phoenix,New York,FastShip,Economy,18.1,2025-07-19,2025-07-19,Fog,None
FTL-02281,2025-07-25,Denver,Nashville,FastShip,Economy,25.3,2025-07-29,2025-07-29,Clear,None
FTL-02282,2025-06-07,Denver,New York,LogiPro,Economy,12.8,2025-06-10,2025-06-09,Clear,None
FTL-02283,2025-11-14,Denver,Houston,LogiPro,Express,21.2,2025-11-20,2025-11-20,Clear,None
FTL-02284,2025-03-20,Phoenix,Minneapolis,QuickMove,Economy,31.6,2025-03-26,2025-03-29,Clear,Carrier delay
FTL-02285,2025-01-05,Phoenix,Dallas,QuickMove,Express,21.1,2025-01-11,2025-01-11,Snow,None
FTL-02286,2025-06-22,Denver,New York,QuickMove,Economy,41.6,2025-06-26,2025-06-26,Rain,None
FTL-02287,2025-07-10,Phoenix,Dallas,FastShip,Express,48.7,2025-07-13,2025-07-16,Clear,Sorting error
FTL-02288,2025-08-11,Chicago,Houston,FastShip,Economy,37.4,2025-08-18,2025-08-18,Clear,None
FTL-02289,2025-04-20,Chicago,Nashville,QuickMove,Express,24.4,2025-04-25,2025-04-30,Fog,Carrier delay
FTL-02290,2025-03-13,Phoenix,Houston,QuickMove,Express,44.1,2025-03-18,2025-03-22,Snow,Carrier delay
FTL-02291,2025-10-30,Phoenix,Houston,LogiPro,Economy,31.9,2025-11-02,2025-11-07,Rain,Weather disruption
FTL-02292,2025-10-29,Phoenix,New York,FastShip,Economy,40.9,2025-11-03,2025-11-03,Clear,None
FTL-02293,2025-07-28,Phoenix,Miami,LogiPro,Express,17.2,2025-08-04,2025-08-03,Clear,None
FTL-02294,2025-11-02,Phoenix,Miami,FastShip,Express,37.8,2025-11-08,2025-11-07,Clear,None
FTL-02295,2025-06-20,Chicago,Houston,QuickMove,Economy,43.7,2025-06-23,2025-06-22,Fog,None
FTL-02296,2025-06-15,Chicago,Los Angeles,QuickMove,Economy,19.9,2025-06-19,2025-06-24,Clear,Weather disruption
FTL-02297,2025-12-19,Phoenix,Los Angeles,QuickMove,Express,41.6,2025-12-26,2025-12-25,Fog,None
FTL-02298,2025-02-20,Denver,Minneapolis,QuickMove,Economy,3.4,2025-02-26,2025-02-25,Rain,None
FTL-02299,2025-09-15,Denver,Dallas,FastShip,Economy,27.2,2025-09-21,2025-09-21,Fog,None
FTL-02300,2025-06-12,Chicago,Boston,QuickMove,Economy,24.5,2025-06-15,2025-06-16,Fog,Vehicle breakdown
FTL-02301,2025-03-08,Chicago,Seattle,LogiPro,Economy,40.5,2025-03-15,2025-03-15,Clear,None
FTL-02302,2025-01-04,Denver,Los Angeles,QuickMove,Economy,13.8,2025-01-08,2025-01-07,Clear,None
FTL-02303,2025-04-17,Denver,Seattle,LogiPro,Express,11.9,2025-04-24,2025-04-24,Fog,None
FTL-02304,2025-02-28,Atlanta,Houston,FastShip,Economy,25.8,2025-03-03,2025-03-02,Clear,None
FTL-02305,2025-09-04,Denver,Minneapolis,QuickMove,Economy,33.6,2025-09-08,2025-09-08,Rain,None
FTL-02306,2025-04-06,Denver,San Francisco,FastShip,Economy,31.6,2025-04-10,2025-04-10,Clear,None
FTL-02307,2025-06-02,Phoenix,Los Angeles,LogiPro,Express,21.7,2025-06-06,2025-06-11,Clear,Address issue
FTL-02308,2025-06-04,Phoenix,Seattle,FastShip,Economy,2.3,2025-06-11,2025-06-15,Clear,Warehouse processing
FTL-02309,2025-04-06,Atlanta,Dallas,FastShip,Express,45.9,2025-04-12,2025-04-11,Clear,None
FTL-02310,2025-03-01,Chicago,Miami,FastShip,Express,35.1,2025-03-04,2025-03-03,Rain,None
FTL-02311,2025-04-22,Chicago,New York,LogiPro,Express,45.4,2025-04-26,2025-04-25,Rain,None
FTL-02312,2025-09-02,Chicago,Houston,LogiPro,Economy,43.9,2025-09-09,2025-09-09,Fog,None
FTL-02313,2025-02-11,Phoenix,Miami,QuickMove,Economy,34.8,2025-02-17,2025-02-16,Rain,None
FTL-02314,2025-10-03,Phoenix,Dallas,FastShip,Economy,13.7,2025-10-07,2025-10-07,Clear,None
FTL-02315,2025-07-28,Denver,Seattle,FastShip,Economy,49.8,2025-08-01,2025-08-01,Clear,None
FTL-02316,2025-03-28,Phoenix,Seattle,QuickMove,Express,20.6,2025-04-01,2025-04-03,Clear,Vehicle breakdown
FTL-02317,2025-04-16,Atlanta,Minneapolis,FastShip,Economy,45.4,2025-04-22,2025-04-22,Clear,None
FTL-02318,2025-05-12,Denver,Seattle,LogiPro,Economy,12.3,2025-05-18,2025-05-17,Clear,None
FTL-02319,2025-08-10,Denver,Houston,LogiPro,Express,23.2,2025-08-15,2025-08-15,Clear,None
FTL-02320,2025-09-28,Denver,Seattle,LogiPro,Express,22.4,2025-10-05,2025-10-04,Clear,None
FTL-02321,2025-05-20,Phoenix,Miami,QuickMove,Express,35.0,2025-05-27,2025-05-27,Clear,None
FTL-02322,2025-08-02,Chicago,Nashville,QuickMove,Express,34.0,2025-08-08,2025-08-08,Clear,None
FTL-02323,2025-03-04,Atlanta,Houston,QuickMove,Economy,2.3,2025-03-11,2025-03-12,Fog,Carrier delay
FTL-02324,2025-06-03,Atlanta,Boston,FastShip,Economy,21.2,2025-06-10,2025-06-10,Clear,None
FTL-02325,2025-08-31,Atlanta,San Francisco,FastShip,Express,40.1,2025-09-06,2025-09-06,Rain,None
FTL-02326,2025-02-21,Phoenix,San Francisco,QuickMove,Express,47.2,2025-02-24,2025-02-25,Clear,Weather disruption
FTL-02327,2025-10-28,Phoenix,San Francisco,QuickMove,Express,17.1,2025-10-31,2025-11-03,Clear,Sorting error
FTL-02328,2025-05-21,Chicago,San Francisco,LogiPro,Express,12.2,2025-05-24,2025-05-24,Fog,None
FTL-02329,2025-05-11,Phoenix,Seattle,QuickMove,Express,5.5,2025-05-15,2025-05-15,Clear,None
FTL-02330,2025-02-08,Atlanta,Seattle,QuickMove,Economy,13.2,2025-02-12,2025-02-14,Rain,Carrier delay
FTL-02331,2025-11-13,Denver,Houston,FastShip,Economy,5.1,2025-11-18,2025-11-18,Snow,None
FTL-02332,2025-03-03,Atlanta,Los Angeles,QuickMove,Express,29.8,2025-03-06,2025-03-11,Rain,Sorting error
FTL-02333,2025-01-03,Denver,Nashville,QuickMove,Economy,24.8,2025-01-07,2025-01-06,Snow,None
FTL-02334,2025-03-02,Denver,Nashville,LogiPro,Economy,41.8,2025-03-06,2025-03-08,Snow,Warehouse processing
FTL-02335,2025-06-23,Phoenix,San Francisco,QuickMove,Economy,44.2,2025-06-30,2025-06-30,Clear,None
FTL-02336,2025-03-12,Atlanta,Nashville,QuickMove,Economy,32.8,2025-03-15,2025-03-16,Rain,Vehicle breakdown
FTL-02337,2025-05-01,Atlanta,Nashville,QuickMove,Economy,22.2,2025-05-06,2025-05-06,Clear,None
FTL-02338,2025-10-24,Denver,Minneapolis,LogiPro,Express,33.8,2025-10-27,2025-10-27,Clear,None
FTL-02339,2025-08-31,Atlanta,Houston,FastShip,Economy,27.4,2025-09-06,2025-09-05,Clear,None
FTL-02340,2025-03-13,Chicago,San Francisco,FastShip,Express,23.7,2025-03-17,2025-03-21,Snow,Weather disruption
FTL-02341,2025-10-28,Phoenix,Minneapolis,QuickMove,Express,3.2,2025-11-03,2025-11-05,Clear,Vehicle breakdown
FTL-02342,2025-03-12,Denver,Houston,QuickMove,Economy,42.8,2025-03-15,2025-03-15,Snow,None
FTL-02343,2025-07-16,Atlanta,Los Angeles,LogiPro,Economy,5.4,2025-07-20,2025-07-19,Fog,None
FTL-02344,2025-12-10,Denver,Minneapolis,FastShip,Express,11.2,2025-12-17,2025-12-17,Snow,None
FTL-02345,2025-09-06,Atlanta,New York,LogiPro,Economy,46.9,2025-09-12,2025-09-11,Clear,None
FTL-02346,2025-05-04,Atlanta,Dallas,LogiPro,Economy,27.1,2025-05-07,2025-05-07,Clear,None
FTL-02347,2025-02-04,Chicago,Nashville,FastShip,Economy,16.2,2025-02-11,2025-02-11,Clear,None
FTL-02348,2025-11-26,Atlanta,Dallas,FastShip,Economy,17.1,2025-11-29,2025-11-28,Clear,None
FTL-02349,2025-05-07,Atlanta,Minneapolis,QuickMove,Express,45.6,2025-05-12,2025-05-11,Clear,None
FTL-02350,2025-10-12,Denver,San Francisco,FastShip,Economy,14.2,2025-10-17,2025-10-17,Clear,None
FTL-02351,2025-11-25,Phoenix,San Francisco,QuickMove,Economy,28.3,2025-11-28,2025-11-30,Rain,Carrier delay
FTL-02352,2025-11-13,Chicago,Minneapolis,FastShip,Express,2.0,2025-11-18,2025-11-17,Snow,None
FTL-02353,2025-03-16,Denver,Houston,QuickMove,Economy,13.6,2025-03-20,2025-03-20,Fog,None
FTL-02354,2025-05-01,Phoenix,Boston,FastShip,Economy,32.0,2025-05-06,2025-05-05,Clear,None
FTL-02355,2025-02-11,Atlanta,Nashville,FastShip,Express,15.5,2025-02-18,2025-02-18,Snow,None
FTL-02356,2025-06-22,Chicago,Minneapolis,FastShip,Express,16.7,2025-06-26,2025-06-26,Clear,None
FTL-02357,2025-08-26,Phoenix,Houston,QuickMove,Express,27.8,2025-08-29,2025-08-28,Clear,None
FTL-02358,2025-08-13,Denver,Minneapolis,QuickMove,Economy,35.5,2025-08-20,2025-08-20,Rain,None
FTL-02359,2025-10-23,Atlanta,Boston,FastShip,Express,47.4,2025-10-26,2025-10-25,Clear,None
FTL-02360,2025-03-17,Phoenix,Miami,FastShip,Express,15.3,2025-03-24,2025-03-23,Snow,None
FTL-02361,2025-06-16,Phoenix,Minneapolis,QuickMove,Economy,31.7,2025-06-23,2025-06-23,Clear,None
FTL-02362,2025-04-04,Atlanta,Miami,QuickMove,Express,18.6,2025-04-08,2025-04-09,Clear,Carrier delay
FTL-02363,2025-11-23,Chicago,Nashville,QuickMove,Express,35.0,2025-11-28,2025-12-03,Clear,Address issue
FTL-02364,2025-09-15,Denver,Los Angeles,QuickMove,Express,23.7,2025-09-19,2025-09-19,Fog,None
FTL-02365,2025-04-21,Atlanta,Los Angeles,QuickMove,Economy,15.2,2025-04-27,2025-04-27,Fog,None
FTL-02366,2025-05-09,Chicago,Nashville,FastShip,Economy,30.8,2025-05-16,2025-05-16,Rain,None
FTL-02367,2025-07-19,Chicago,Houston,QuickMove,Express,7.4,2025-07-22,2025-07-26,Clear,Sorting error
FTL-02368,2025-09-23,Denver,New York,LogiPro,Express,31.0,2025-09-28,2025-09-28,Clear,None
FTL-02369,2025-07-23,Denver,San Francisco,LogiPro,Express,46.1,2025-07-28,2025-07-27,Clear,None
FTL-02370,2025-09-06,Chicago,Nashville,FastShip,Economy,24.7,2025-09-10,2025-09-10,Clear,None
FTL-02371,2025-08-01,Chicago,Nashville,FastShip,Express,38.1,2025-08-04,2025-08-03,Clear,None
FTL-02372,2025-08-17,Atlanta,Houston,QuickMove,Economy,40.5,2025-08-21,2025-08-25,Clear,Carrier delay
FTL-02373,2025-02-22,Denver,Houston,FastShip,Express,18.7,2025-02-25,2025-02-25,Snow,None
FTL-02374,2025-01-01,Phoenix,Los Angeles,QuickMove,Express,36.0,2025-01-04,2025-01-03,Rain,None
FTL-02375,2025-07-16,Chicago,San Francisco,FastShip,Economy,43.0,2025-07-22,2025-07-21,Rain,None
FTL-02376,2025-01-10,Chicago,Nashville,QuickMove,Express,25.3,2025-01-13,2025-01-14,Fog,Carrier delay
FTL-02377,2025-03-03,Phoenix,Houston,FastShip,Express,5.1,2025-03-06,2025-03-06,Clear,None
FTL-02378,2025-11-21,Atlanta,Minneapolis,FastShip,Economy,45.3,2025-11-24,2025-11-23,Rain,None
FTL-02379,2025-02-04,Phoenix,Boston,FastShip,Express,29.6,2025-02-11,2025-02-11,Clear,None
FTL-02380,2025-07-29,Phoenix,New York,FastShip,Economy,33.8,2025-08-02,2025-08-01,Clear,None
FTL-02381,2025-07-23,Atlanta,Houston,QuickMove,Express,30.5,2025-07-30,2025-07-30,Clear,None
FTL-02382,2025-01-25,Phoenix,Minneapolis,LogiPro,Express,7.1,2025-01-31,2025-01-31,Clear,None
FTL-02383,2025-12-20,Atlanta,San Francisco,QuickMove,Economy,9.0,2025-12-24,2025-12-24,Clear,None
FTL-02384,2025-11-17,Phoenix,Miami,QuickMove,Express,15.2,2025-11-20,2025-11-25,Rain,Sorting error
FTL-02385,2025-05-11,Chicago,Los Angeles,QuickMove,Express,15.8,2025-05-18,2025-05-21,Rain,Vehicle breakdown
FTL-02386,2025-12-31,Atlanta,Dallas,FastShip,Economy,16.4,2026-01-04,2026-01-03,Clear,None
FTL-02387,2025-12-03,Atlanta,Seattle,QuickMove,Express,23.7,2025-12-07,2025-12-06,Snow,None
FTL-02388,2025-10-08,Chicago,Dallas,LogiPro,Economy,30.4,2025-10-13,2025-10-12,Clear,None
FTL-02389,2025-01-25,Phoenix,Houston,QuickMove,Express,10.0,2025-02-01,2025-02-05,Clear,Vehicle breakdown
FTL-02390,2025-06-25,Chicago,Minneapolis,QuickMove,Economy,15.2,2025-07-01,2025-07-01,Clear,None
FTL-02391,2025-11-11,Denver,New York,QuickMove,Economy,46.5,2025-11-15,2025-11-14,Snow,None
FTL-02392,2025-09-10,Atlanta,Boston,LogiPro,Express,39.4,2025-09-15,2025-09-15,Clear,None
FTL-02393,2025-04-06,Denver,Seattle,QuickMove,Economy,17.9,2025-04-10,2025-04-14,Rain,Carrier delay
FTL-02394,2025-01-14,Atlanta,San Francisco,FastShip,Economy,27.2,2025-01-20,2025-01-19,Rain,None
FTL-02395,2025-05-08,Chicago,San Francisco,LogiPro,Express,4.7,2025-05-14,2025-05-13,Clear,None
FTL-02396,2025-12-29,Chicago,Los Angeles,QuickMove,Economy,15.6,2026-01-02,2026-01-02,Rain,None
FTL-02397,2025-09-14,Phoenix,Seattle,FastShip,Express,34.5,2025-09-21,2025-09-26,Clear,Weather disruption
FTL-02398,2025-07-13,Phoenix,Miami,QuickMove,Express,5.5,2025-07-18,2025-07-20,Rain,Carrier delay
FTL-02399,2025-04-13,Chicago,Houston,FastShip,Economy,47.3,2025-04-16,2025-04-16,Clear,None
FTL-02400,2025-11-15,Denver,New York,QuickMove,Economy,48.3,2025-11-21,2025-11-20,Fog,None
FTL-02401,2025-06-16,Atlanta,San Francisco,LogiPro,Express,30.5,2025-06-22,2025-06-21,Clear,None
FTL-02402,2025-11-16,Chicago,Boston,FastShip,Express,28.9,2025-11-19,2025-11-21,Snow,Weather disruption
FTL-02403,2025-03-25,Denver,Minneapolis,LogiPro,Economy,22.9,2025-03-28,2025-03-27,Clear,None
FTL-02404,2025-03-03,Phoenix,Los Angeles,FastShip,Express,9.8,2025-03-07,2025-03-06,Rain,None
FTL-02405,2025-01-05,Chicago,Seattle,QuickMove,Economy,34.6,2025-01-08,2025-01-08,Clear,None
FTL-02406,2025-09-09,Atlanta,Dallas,QuickMove,Economy,19.5,2025-09-13,2025-09-18,Clear,Carrier delay
FTL-02407,2025-09-29,Atlanta,Dallas,FastShip,Economy,12.9,2025-10-05,2025-10-10,Clear,Carrier delay
FTL-02408,2025-02-19,Atlanta,Dallas,FastShip,Express,27.4,2025-02-25,2025-02-25,Rain,None
FTL-02409,2025-04-06,Chicago,San Francisco,QuickMove,Express,38.8,2025-04-09,2025-04-09,Clear,None
FTL-02410,2025-04-19,Chicago,Minneapolis,QuickMove,Express,32.0,2025-04-23,2025-04-23,Rain,None
FTL-02411,2025-11-19,Denver,Minneapolis,QuickMove,Express,36.2,2025-11-23,2025-11-22,Rain,None
FTL-02412,2025-08-13,Denver,Miami,LogiPro,Economy,30.9,2025-08-16,2025-08-16,Rain,None
FTL-02413,2025-04-06,Atlanta,Houston,QuickMove,Express,21.9,2025-04-13,2025-04-12,Clear,None
FTL-02414,2025-03-31,Chicago,Nashville,FastShip,Express,5.5,2025-04-04,2025-04-06,Rain,Weather disruption
FTL-02415,2025-12-31,Phoenix,Dallas,FastShip,Economy,38.4,2026-01-06,2026-01-07,Snow,Carrier delay
FTL-02416,2025-02-02,Chicago,Minneapolis,FastShip,Express,39.4,2025-02-07,2025-02-09,Snow,Weather disruption
FTL-02417,2025-07-21,Atlanta,Dallas,FastShip,Express,47.7,2025-07-28,2025-07-27,Clear,None
FTL-02418,2025-09-16,Atlanta,Miami,QuickMove,Express,2.5,2025-09-23,2025-09-22,Rain,None
FTL-02419,2025-08-04,Denver,Minneapolis,FastShip,Express,22.0,2025-08-11,2025-08-11,Clear,None
FTL-02420,2025-11-15,Denver,Seattle,FastShip,Economy,26.5,2025-11-20,2025-11-19,Snow,None
FTL-02421,2025-11-28,Denver,Minneapolis,LogiPro,Express,44.7,2025-12-02,2025-12-01,Clear,None
FTL-02422,2025-07-04,Atlanta,Los Angeles,QuickMove,Express,4.8,2025-07-11,2025-07-10,Clear,None
FTL-02423,2025-08-10,Denver,Miami,QuickMove,Economy,39.6,2025-08-17,2025-08-17,Rain,None
FTL-02424,2025-08-21,Atlanta,San Francisco,LogiPro,Express,5.7,2025-08-25,2025-08-24,Rain,None
FTL-02425,2025-08-15,Denver,Miami,FastShip,Express,48.7,2025-08-20,2025-08-19,Fog,None
FTL-02426,2025-09-19,Atlanta,Houston,FastShip,Economy,38.9,2025-09-25,2025-09-25,Rain,None
FTL-02427,2025-09-27,Atlanta,Minneapolis,QuickMove,Express,38.2,2025-10-01,2025-09-30,Fog,None
FTL-02428,2025-07-22,Denver,Dallas,LogiPro,Express,31.1,2025-07-26,2025-07-25,Clear,None
FTL-02429,2025-01-18,Denver,Houston,QuickMove,Economy,35.0,2025-01-22,2025-01-22,Clear,None
FTL-02430,2025-12-17,Atlanta,San Francisco,QuickMove,Express,44.2,2025-12-24,2025-12-29,Clear,Carrier delay
FTL-02431,2025-07-20,Chicago,Nashville,FastShip,Economy,27.6,2025-07-24,2025-07-23,Fog,None
FTL-02432,2025-07-24,Atlanta,Boston,QuickMove,Express,45.4,2025-07-29,2025-07-29,Clear,None
FTL-02433,2025-03-22,Denver,Minneapolis,QuickMove,Economy,42.6,2025-03-28,2025-03-28,Rain,None
FTL-02434,2025-07-25,Phoenix,Seattle,QuickMove,Economy,21.8,2025-07-30,2025-08-02,Clear,Weather disruption
FTL-02435,2025-08-31,Phoenix,Nashville,FastShip,Express,18.4,2025-09-07,2025-09-06,Rain,None
FTL-02436,2025-04-29,Atlanta,Seattle,LogiPro,Express,12.0,2025-05-02,2025-05-01,Clear,None
FTL-02437,2025-12-08,Phoenix,Minneapolis,QuickMove,Express,11.5,2025-12-13,2025-12-13,Clear,None
FTL-02438,2025-08-20,Phoenix,Los Angeles,QuickMove,Express,49.6,2025-08-26,2025-08-26,Rain,None
FTL-02439,2025-11-04,Chicago,Minneapolis,LogiPro,Economy,5.4,2025-11-08,2025-11-12,Rain,Carrier delay
FTL-02440,2025-10-08,Phoenix,Seattle,QuickMove,Express,6.1,2025-10-12,2025-10-11,Clear,None
FTL-02441,2025-12-11,Atlanta,Minneapolis,FastShip,Express,11.0,2025-12-18,2025-12-22,Rain,Carrier delay
FTL-02442,2025-02-05,Phoenix,Nashville,QuickMove,Economy,41.9,2025-02-10,2025-02-10,Fog,None
FTL-02443,2025-12-30,Atlanta,Boston,QuickMove,Express,16.9,2026-01-06,2026-01-09,Clear,Vehicle breakdown
FTL-02444,2025-12-17,Chicago,Seattle,FastShip,Economy,14.3,2025-12-24,2025-12-24,Clear,None
FTL-02445,2025-01-18,Atlanta,Miami,QuickMove,Economy,39.4,2025-01-23,2025-01-23,Snow,None
FTL-02446,2025-03-31,Chicago,Los Angeles,QuickMove,Express,9.9,2025-04-05,2025-04-05,Snow,None
FTL-02447,2025-02-21,Atlanta,Minneapolis,FastShip,Economy,8.9,2025-02-24,2025-02-24,Clear,None
FTL-02448,2025-11-08,Chicago,Nashville,LogiPro,Economy,23.6,2025-11-11,2025-11-10,Snow,None
FTL-02449,2025-08-12,Denver,Houston,LogiPro,Economy,49.0,2025-08-15,2025-08-14,Clear,None
FTL-02450,2025-12-07,Denver,Boston,FastShip,Economy,13.6,2025-12-12,2025-12-12,Rain,None
FTL-02451,2025-11-24,Phoenix,Los Angeles,QuickMove,Express,12.7,2025-11-30,2025-12-05,Fog,Carrier delay
FTL-02452,2025-04-10,Atlanta,New York,QuickMove,Express,2.1,2025-04-16,2025-04-16,Clear,None
FTL-02453,2025-12-28,Phoenix,Houston,QuickMove,Economy,1.8,2026-01-04,2026-01-05,Clear,Weather disruption
FTL-02454,2025-07-22,Phoenix,Seattle,QuickMove,Express,49.2,2025-07-26,2025-07-25,Rain,None
FTL-02455,2025-11-24,Chicago,Dallas,LogiPro,Express,2.9,2025-11-28,2025-11-28,Rain,None
FTL-02456,2025-10-13,Atlanta,Boston,QuickMove,Express,45.1,2025-10-16,2025-10-16,Rain,None
FTL-02457,2025-07-04,Denver,San Francisco,FastShip,Express,26.5,2025-07-09,2025-07-08,Clear,None
FTL-02458,2025-04-16,Chicago,Boston,FastShip,Economy,45.8,2025-04-23,2025-04-23,Clear,None
FTL-02459,2025-12-03,Chicago,San Francisco,FastShip,Economy,27.4,2025-12-06,2025-12-06,Snow,None
FTL-02460,2025-07-18,Atlanta,San Francisco,QuickMove,Economy,29.0,2025-07-22,2025-07-22,Rain,None
FTL-02461,2025-09-11,Phoenix,Minneapolis,FastShip,Express,2.1,2025-09-14,2025-09-15,Rain,Warehouse processing
FTL-02462,2025-12-25,Denver,Dallas,LogiPro,Express,10.4,2025-12-30,2025-12-29,Clear,None
FTL-02463,2025-01-02,Phoenix,Miami,QuickMove,Express,28.1,2025-01-05,2025-01-10,Rain,Carrier delay
FTL-02464,2025-01-30,Atlanta,Houston,QuickMove,Express,27.2,2025-02-05,2025-02-07,Snow,Weather disruption
FTL-02465,2025-08-13,Denver,Miami,QuickMove,Express,24.8,2025-08-18,2025-08-17,Clear,None
FTL-02466,2025-01-05,Phoenix,Los Angeles,QuickMove,Express,24.8,2025-01-09,2025-01-09,Rain,None
FTL-02467,2025-08-14,Atlanta,Boston,FastShip,Express,16.2,2025-08-21,2025-08-21,Clear,None
FTL-02468,2025-08-29,Denver,Nashville,FastShip,Economy,21.1,2025-09-05,2025-09-08,Clear,Weather disruption
FTL-02469,2025-10-28,Denver,San Francisco,QuickMove,Economy,34.3,2025-10-31,2025-10-30,Fog,None
FTL-02470,2025-05-17,Phoenix,Miami,QuickMove,Economy,23.8,2025-05-21,2025-05-21,Clear,None
FTL-02471,2025-05-02,Denver,Los Angeles,FastShip,Economy,9.3,2025-05-06,2025-05-06,Clear,None
FTL-02472,2025-05-06,Denver,Minneapolis,FastShip,Economy,32.5,2025-05-12,2025-05-11,Rain,None
FTL-02473,2025-04-24,Phoenix,Nashville,QuickMove,Express,21.0,2025-04-27,2025-05-02,Clear,Carrier delay
FTL-02474,2025-08-30,Phoenix,Nashville,QuickMove,Economy,8.1,2025-09-04,2025-09-03,Fog,None
FTL-02475,2025-12-06,Atlanta,New York,FastShip,Economy,13.3,2025-12-09,2025-12-08,Fog,None
FTL-02476,2025-09-10,Chicago,Houston,LogiPro,Economy,36.1,2025-09-15,2025-09-15,Rain,None
FTL-02477,2025-10-19,Phoenix,Dallas,QuickMove,Express,33.7,2025-10-26,2025-10-29,Rain,Vehicle breakdown
FTL-02478,2025-01-23,Chicago,Miami,FastShip,Economy,26.3,2025-01-30,2025-01-29,Snow,None
FTL-02479,2025-07-06,Denver,Boston,QuickMove,Economy,40.5,2025-07-13,2025-07-13,Clear,None
FTL-02480,2025-08-26,Atlanta,Miami,LogiPro,Economy,28.3,2025-09-02,2025-09-02,Fog,None
FTL-02481,2025-11-11,Phoenix,Boston,FastShip,Economy,8.5,2025-11-17,2025-11-18,Snow,Warehouse processing
FTL-02482,2025-10-17,Phoenix,Houston,QuickMove,Economy,19.7,2025-10-22,2025-10-25,Clear,Carrier delay
FTL-02483,2025-11-28,Chicago,Minneapolis,QuickMove,Express,37.5,2025-12-04,2025-12-07,Rain,Carrier delay
FTL-02484,2025-05-11,Denver,Houston,QuickMove,Express,49.1,2025-05-15,2025-05-15,Clear,None
FTL-02485,2025-03-26,Phoenix,Los Angeles,QuickMove,Economy,48.6,2025-03-29,2025-03-28,Clear,None
FTL-02486,2025-05-22,Chicago,Minneapolis,QuickMove,Express,3.7,2025-05-28,2025-05-30,Rain,Address issue
FTL-02487,2025-08-04,Denver,Boston,QuickMove,Economy,35.0,2025-08-07,2025-08-10,Fog,Carrier delay
FTL-02488,2025-10-25,Chicago,Dallas,QuickMove,Economy,35.5,2025-10-31,2025-10-31,Clear,None
FTL-02489,2025-02-14,Phoenix,Nashville,FastShip,Economy,17.8,2025-02-18,2025-02-18,Fog,None
FTL-02490,2025-07-25,Phoenix,Los Angeles,QuickMove,Express,22.3,2025-07-28,2025-07-28,Clear,None
FTL-02491,2025-09-02,Denver,Boston,FastShip,Express,21.1,2025-09-08,2025-09-08,Clear,None
FTL-02492,2025-06-01,Atlanta,New York,LogiPro,Economy,32.9,2025-06-06,2025-06-06,Rain,None
FTL-02493,2025-11-18,Atlanta,Dallas,QuickMove,Economy,3.7,2025-11-22,2025-11-21,Clear,None
FTL-02494,2025-09-27,Denver,Boston,LogiPro,Express,20.5,2025-10-02,2025-10-02,Clear,None
FTL-02495,2025-02-07,Denver,Boston,LogiPro,Economy,49.8,2025-02-13,2025-02-13,Fog,None
FTL-02496,2025-06-21,Phoenix,New York,QuickMove,Economy,4.6,2025-06-28,2025-06-30,Snow,Carrier delay
FTL-02497,2025-10-31,Denver,Seattle,LogiPro,Economy,30.3,2025-11-06,2025-11-05,Rain,None
FTL-02498,2025-07-08,Chicago,Dallas,FastShip,Express,8.9,2025-07-15,2025-07-15,Clear,None
FTL-02499,2025-12-04,Denver,Nashville,LogiPro,Economy,12.3,2025-12-11,2025-12-11,Rain,None
FTL-02500,2025-03-03,Atlanta,Dallas,LogiPro,Economy,14.0,2025-03-06,2025-03-05,Clear,None
FTL-02501,2025-01-08,Atlanta,Nashville,QuickMove,Economy,49.5,2025-01-11,2025-01-11,Clear,None
FTL-02502,2025-06-18,Phoenix,Boston,LogiPro,Express,41.8,2025-06-25,2025-06-24,Clear,None
FTL-02503,2025-12-12,Chicago,Houston,LogiPro,Economy,40.4,2025-12-17,2025-12-17,Clear,None
FTL-02504,2025-08-29,Chicago,Houston,LogiPro,Economy,28.2,2025-09-01,2025-09-01,Clear,None
FTL-02505,2025-12-31,Atlanta,Los Angeles,QuickMove,Economy,18.3,2026-01-03,2026-01-03,Rain,None
FTL-02506,2025-12-29,Chicago,Seattle,QuickMove,Economy,43.0,2026-01-04,2026-01-05,Clear,Carrier delay
FTL-02507,2025-02-16,Chicago,Minneapolis,FastShip,Express,5.0,2025-02-19,2025-02-19,Snow,None
FTL-02508,2025-11-24,Atlanta,Los Angeles,FastShip,Express,22.2,2025-11-28,2025-12-03,Clear,Carrier delay
FTL-02509,2025-02-07,Denver,Dallas,FastShip,Express,33.6,2025-02-11,2025-02-10,Snow,None
FTL-02510,2025-04-17,Chicago,Houston,FastShip,Economy,46.4,2025-04-24,2025-04-25,Clear,Warehouse processing
FTL-02511,2025-12-24,Denver,Nashville,QuickMove,Express,46.8,2025-12-27,2025-12-29,Snow,Weather disruption
FTL-02512,2025-06-09,Denver,Miami,FastShip,Economy,14.8,2025-06-15,2025-06-20,Clear,Vehicle breakdown
FTL-02513,2025-06-24,Denver,Los Angeles,LogiPro,Express,25.8,2025-07-01,2025-07-01,Clear,None
FTL-02514,2025-05-11,Phoenix,Boston,QuickMove,Express,42.8,2025-05-14,2025-05-16,Rain,Vehicle breakdown
FTL-02515,2025-02-21,Denver,Miami,LogiPro,Express,32.1,2025-02-24,2025-02-23,Clear,None
FTL-02516,2025-05-06,Atlanta,New York,FastShip,Economy,11.0,2025-05-13,2025-05-14,Clear,Carrier delay
FTL-02517,2025-09-11,Atlanta,New York,LogiPro,Express,24.1,2025-09-17,2025-09-17,Rain,None
FTL-02518,2025-04-01,Atlanta,Los Angeles,FastShip,Economy,25.6,2025-04-06,2025-04-05,Fog,None
FTL-02519,2025-09-15,Phoenix,Nashville,LogiPro,Express,14.0,2025-09-22,2025-09-23,Fog,Warehouse processing
FTL-02520,2025-01-13,Phoenix,Seattle,QuickMove,Economy,15.3,2025-01-18,2025-01-21,Clear,Carrier delay
FTL-02521,2025-02-10,Denver,Minneapolis,LogiPro,Economy,46.3,2025-02-14,2025-02-14,Fog,None
FTL-02522,2025-08-17,Phoenix,Seattle,FastShip,Express,10.8,2025-08-23,2025-08-22,Clear,None
FTL-02523,2025-02-21,Denver,Minneapolis,QuickMove,Express,21.7,2025-02-25,2025-03-01,Snow,Carrier delay
FTL-02524,2025-12-29,Chicago,Nashville,LogiPro,Express,8.5,2026-01-01,2025-12-31,Snow,None
FTL-02525,2025-07-02,Atlanta,Seattle,LogiPro,Express,44.9,2025-07-08,2025-07-07,Clear,None
FTL-02526,2025-03-10,Phoenix,Miami,QuickMove,Economy,12.7,2025-03-13,2025-03-14,Snow,Carrier delay
FTL-02527,2025-01-20,Chicago,San Francisco,LogiPro,Economy,33.9,2025-01-26,2025-01-25,Snow,None
FTL-02528,2025-05-26,Atlanta,Seattle,QuickMove,Economy,31.3,2025-06-02,2025-06-04,Clear,Sorting error
FTL-02529,2025-02-08,Atlanta,Nashville,FastShip,Express,41.7,2025-02-12,2025-02-11,Rain,None
FTL-02530,2025-05-24,Denver,San Francisco,FastShip,Economy,8.3,2025-05-28,2025-05-28,Clear,None
FTL-02531,2025-05-28,Chicago,Miami,FastShip,Economy,37.5,2025-06-01,2025-06-06,Rain,Address issue
FTL-02532,2025-03-16,Phoenix,San Francisco,QuickMove,Economy,14.9,2025-03-22,2025-03-21,Clear,None
FTL-02533,2025-07-14,Atlanta,Dallas,LogiPro,Economy,28.7,2025-07-17,2025-07-16,Clear,None
FTL-02534,2025-01-11,Denver,Minneapolis,FastShip,Economy,37.2,2025-01-16,2025-01-16,Snow,None
FTL-02535,2025-03-18,Phoenix,Minneapolis,LogiPro,Economy,44.3,2025-03-22,2025-03-21,Snow,None
FTL-02536,2025-03-11,Chicago,Nashville,FastShip,Express,39.2,2025-03-16,2025-03-15,Snow,None
FTL-02537,2025-07-21,Phoenix,Minneapolis,QuickMove,Express,5.9,2025-07-25,2025-07-24,Clear,None
FTL-02538,2025-12-19,Chicago,Seattle,FastShip,Economy,16.7,2025-12-22,2025-12-22,Clear,None
FTL-02539,2025-11-07,Atlanta,Miami,FastShip,Express,49.3,2025-11-12,2025-11-12,Clear,None
FTL-02540,2025-08-12,Denver,New York,FastShip,Economy,39.5,2025-08-19,2025-08-19,Clear,None
FTL-02541,2025-09-25,Chicago,Los Angeles,LogiPro,Express,46.2,2025-10-02,2025-10-01,Rain,None
FTL-02542,2025-12-28,Denver,Dallas,QuickMove,Express,14.3,2026-01-04,2026-01-04,Snow,None
FTL-02543,2025-06-08,Atlanta,Boston,FastShip,Express,15.0,2025-06-11,2025-06-11,Rain,None
FTL-02544,2025-10-04,Chicago,Minneapolis,LogiPro,Economy,9.9,2025-10-07,2025-10-07,Clear,None
FTL-02545,2025-06-29,Chicago,Dallas,FastShip,Economy,25.5,2025-07-06,2025-07-06,Clear,None
FTL-02546,2025-12-09,Phoenix,Miami,FastShip,Express,20.1,2025-12-14,2025-12-14,Clear,None
FTL-02547,2025-01-20,Phoenix,Los Angeles,QuickMove,Economy,30.7,2025-01-26,2025-01-29,Clear,Carrier delay
FTL-02548,2025-03-29,Atlanta,Dallas,FastShip,Economy,4.7,2025-04-02,2025-04-01,Clear,None
FTL-02549,2025-12-20,Phoenix,Los Angeles,QuickMove,Economy,44.9,2025-12-26,2025-12-28,Clear,Carrier delay
FTL-02550,2025-12-14,Phoenix,Boston,QuickMove,Economy,18.8,2025-12-18,2025-12-19,Snow,Carrier delay
FTL-02551,2025-07-31,Atlanta,Nashville,FastShip,Economy,37.2,2025-08-06,2025-08-05,Clear,None
FTL-02552,2025-01-03,Atlanta,Houston,FastShip,Express,16.4,2025-01-09,2025-01-08,Clear,None
FTL-02553,2025-07-02,Denver,Boston,QuickMove,Express,2.1,2025-07-07,2025-07-12,Clear,Vehicle breakdown
FTL-02554,2025-10-31,Atlanta,Seattle,QuickMove,Express,47.8,2025-11-05,2025-11-05,Fog,None
FTL-02555,2025-08-08,Phoenix,Seattle,QuickMove,Express,41.9,2025-08-13,2025-08-17,Rain,Carrier delay
FTL-02556,2025-04-07,Atlanta,Los Angeles,FastShip,Express,2.4,2025-04-13,2025-04-12,Snow,None
FTL-02557,2025-06-06,Atlanta,Nashville,LogiPro,Express,49.7,2025-06-09,2025-06-08,Clear,None
FTL-02558,2025-08-18,Chicago,San Francisco,LogiPro,Economy,32.1,2025-08-23,2025-08-22,Clear,None
FTL-02559,2025-04-16,Chicago,Minneapolis,LogiPro,Economy,33.4,2025-04-22,2025-04-22,Clear,None
FTL-02560,2025-03-25,Chicago,Nashville,QuickMove,Economy,10.2,2025-03-30,2025-03-29,Rain,None
FTL-02561,2025-07-06,Atlanta,Miami,FastShip,Economy,37.6,2025-07-09,2025-07-09,Clear,None
FTL-02562,2025-05-16,Denver,Dallas,FastShip,Economy,32.2,2025-05-22,2025-05-21,Clear,None
FTL-02563,2025-04-24,Chicago,New York,LogiPro,Express,5.2,2025-04-28,2025-04-28,Clear,None
FTL-02564,2025-01-06,Chicago,San Francisco,FastShip,Express,36.2,2025-01-11,2025-01-10,Fog,None
FTL-02565,2025-07-15,Phoenix,Los Angeles,LogiPro,Express,26.0,2025-07-20,2025-07-20,Rain,None
FTL-02566,2025-06-06,Phoenix,Los Angeles,FastShip,Express,41.8,2025-06-10,2025-06-10,Clear,None
FTL-02567,2025-12-03,Denver,Nashville,FastShip,Express,46.8,2025-12-06,2025-12-05,Clear,None
FTL-02568,2025-10-14,Chicago,Minneapolis,QuickMove,Economy,32.5,2025-10-20,2025-10-20,Rain,None
FTL-02569,2025-12-07,Chicago,New York,FastShip,Express,14.2,2025-12-10,2025-12-10,Snow,None
FTL-02570,2025-11-06,Atlanta,Los Angeles,FastShip,Express,35.7,2025-11-10,2025-11-09,Clear,None
FTL-02571,2025-04-13,Phoenix,Boston,QuickMove,Economy,17.6,2025-04-20,2025-04-23,Clear,Carrier delay
FTL-02572,2025-11-18,Atlanta,Dallas,LogiPro,Economy,7.2,2025-11-21,2025-11-26,Rain,Customs hold
FTL-02573,2025-02-18,Atlanta,Los Angeles,FastShip,Express,10.3,2025-02-21,2025-02-20,Clear,None
FTL-02574,2025-03-17,Phoenix,Dallas,LogiPro,Economy,4.5,2025-03-20,2025-03-20,Clear,None
FTL-02575,2025-08-13,Atlanta,New York,LogiPro,Express,47.3,2025-08-16,2025-08-16,Clear,None
FTL-02576,2025-04-22,Atlanta,Dallas,QuickMove,Express,45.8,2025-04-28,2025-04-28,Rain,None
FTL-02577,2025-04-30,Atlanta,Los Angeles,FastShip,Economy,28.8,2025-05-04,2025-05-03,Clear,None
FTL-02578,2025-07-22,Atlanta,Dallas,QuickMove,Economy,38.1,2025-07-29,2025-07-31,Clear,Carrier delay
FTL-02579,2025-02-21,Denver,Los Angeles,QuickMove,Economy,18.0,2025-02-26,2025-03-02,Rain,Carrier delay
FTL-02580,2025-06-15,Atlanta,Seattle,QuickMove,Economy,5.5,2025-06-21,2025-06-24,Rain,Sorting error
FTL-02581,2025-05-29,Denver,Houston,QuickMove,Express,20.1,2025-06-05,2025-06-09,Rain,Carrier delay
FTL-02582,2025-06-22,Chicago,New York,QuickMove,Economy,11.6,2025-06-25,2025-06-25,Rain,None
FTL-02583,2025-04-29,Chicago,Miami,FastShip,Express,1.2,2025-05-04,2025-05-04,Clear,None
FTL-02584,2025-03-17,Atlanta,Houston,LogiPro,Express,5.4,2025-03-20,2025-03-20,Snow,None
FTL-02585,2025-12-17,Denver,San Francisco,LogiPro,Economy,7.3,2025-12-20,2025-12-19,Clear,None
FTL-02586,2025-06-17,Denver,New York,FastShip,Economy,20.7,2025-06-23,2025-06-23,Rain,None
FTL-02587,2025-06-21,Chicago,Dallas,LogiPro,Express,36.8,2025-06-25,2025-06-24,Fog,None
FTL-02588,2025-03-27,Chicago,New York,QuickMove,Express,40.2,2025-03-31,2025-03-31,Snow,None
FTL-02589,2025-05-27,Chicago,Minneapolis,QuickMove,Economy,26.1,2025-06-02,2025-06-02,Clear,None
FTL-02590,2025-09-21,Denver,San Francisco,QuickMove,Economy,1.5,2025-09-24,2025-09-25,Fog,Sorting error
FTL-02591,2025-11-24,Denver,Seattle,FastShip,Economy,19.3,2025-11-27,2025-11-29,Snow,Carrier delay
FTL-02592,2025-02-14,Atlanta,Los Angeles,FastShip,Economy,28.5,2025-02-17,2025-02-16,Rain,None
FTL-02593,2025-02-17,Chicago,New York,FastShip,Economy,16.1,2025-02-23,2025-02-23,Snow,None
FTL-02594,2025-10-02,Phoenix,Boston,LogiPro,Express,26.3,2025-10-09,2025-10-11,Fog,Address issue
FTL-02595,2025-05-09,Atlanta,Boston,FastShip,Economy,17.1,2025-05-12,2025-05-11,Clear,None
FTL-02596,2025-05-18,Denver,Los Angeles,QuickMove,Economy,38.4,2025-05-24,2025-05-24,Clear,None
FTL-02597,2025-04-09,Chicago,San Francisco,LogiPro,Express,1.7,2025-04-15,2025-04-15,Fog,None
FTL-02598,2025-02-14,Chicago,Los Angeles,FastShip,Economy,40.4,2025-02-19,2025-02-18,Snow,None
FTL-02599,2025-09-06,Phoenix,New York,QuickMove,Express,32.8,2025-09-10,2025-09-11,Rain,Sorting error
FTL-02600,2025-11-08,Phoenix,Minneapolis,QuickMove,Express,4.7,2025-11-11,2025-11-11,Clear,None
FTL-02601,2025-03-13,Denver,Nashville,FastShip,Economy,48.1,2025-03-20,2025-03-19,Snow,None
FTL-02602,2025-10-22,Phoenix,Houston,FastShip,Express,16.2,2025-10-28,2025-11-02,Clear,Sorting error
FTL-02603,2025-04-16,Atlanta,Boston,FastShip,Economy,30.0,2025-04-20,2025-04-19,Clear,None
FTL-02604,2025-11-03,Atlanta,Boston,LogiPro,Express,8.8,2025-11-09,2025-11-09,Rain,None
FTL-02605,2025-03-12,Denver,Seattle,FastShip,Express,15.0,2025-03-16,2025-03-16,Clear,None
FTL-02606,2025-02-16,Atlanta,Seattle,QuickMove,Express,36.3,2025-02-22,2025-02-21,Clear,None
FTL-02607,2025-03-23,Phoenix,San Francisco,LogiPro,Economy,27.1,2025-03-30,2025-03-29,Clear,None
FTL-02608,2025-12-25,Phoenix,Los Angeles,FastShip,Express,30.6,2025-12-29,2025-12-28,Clear,None
FTL-02609,2025-01-13,Phoenix,Dallas,FastShip,Economy,11.1,2025-01-19,2025-01-19,Snow,None
FTL-02610,2025-11-10,Phoenix,Miami,FastShip,Economy,49.9,2025-11-13,2025-11-13,Clear,None
FTL-02611,2025-01-01,Denver,Miami,QuickMove,Economy,30.4,2025-01-08,2025-01-07,Snow,None
FTL-02612,2025-02-22,Atlanta,New York,QuickMove,Economy,23.0,2025-03-01,2025-03-01,Clear,None
FTL-02613,2025-01-08,Chicago,Miami,QuickMove,Express,38.9,2025-01-12,2025-01-12,Rain,None
FTL-02614,2025-07-29,Atlanta,New York,QuickMove,Express,12.2,2025-08-04,2025-08-03,Clear,None
FTL-02615,2025-01-04,Atlanta,Los Angeles,FastShip,Economy,9.8,2025-01-10,2025-01-09,Clear,None
FTL-02616,2025-10-12,Denver,Boston,QuickMove,Express,15.7,2025-10-17,2025-10-21,Clear,Carrier delay
FTL-02617,2025-01-06,Denver,Boston,QuickMove,Express,44.9,2025-01-12,2025-01-11,Snow,None
FTL-02618,2025-01-31,Phoenix,New York,QuickMove,Express,30.4,2025-02-07,2025-02-06,Rain,None
FTL-02619,2025-10-27,Chicago,Houston,QuickMove,Economy,17.6,2025-11-02,2025-11-04,Rain,Carrier delay
FTL-02620,2025-08-27,Phoenix,New York,FastShip,Express,46.1,2025-09-01,2025-09-01,Rain,None
FTL-02621,2025-12-02,Denver,San Francisco,QuickMove,Economy,2.8,2025-12-08,2025-12-07,Rain,None
FTL-02622,2025-12-01,Chicago,Minneapolis,FastShip,Express,11.5,2025-12-05,2025-12-04,Snow,None
FTL-02623,2025-10-03,Chicago,Boston,QuickMove,Express,8.0,2025-10-06,2025-10-11,Rain,Vehicle breakdown
FTL-02624,2025-08-15,Phoenix,Dallas,FastShip,Economy,44.3,2025-08-20,2025-08-20,Rain,None
FTL-02625,2025-03-30,Atlanta,Los Angeles,QuickMove,Express,28.9,2025-04-06,2025-04-05,Clear,None
FTL-02626,2025-07-14,Atlanta,Seattle,FastShip,Express,32.1,2025-07-21,2025-07-20,Clear,None
FTL-02627,2025-06-20,Atlanta,Miami,FastShip,Economy,24.4,2025-06-24,2025-06-24,Rain,None
FTL-02628,2025-11-21,Phoenix,Los Angeles,LogiPro,Economy,46.7,2025-11-24,2025-11-24,Clear,None
FTL-02629,2025-01-29,Denver,Dallas,QuickMove,Economy,40.7,2025-02-01,2025-02-01,Fog,None
FTL-02630,2025-01-30,Denver,Boston,FastShip,Economy,25.0,2025-02-03,2025-02-03,Rain,None
FTL-02631,2025-02-11,Atlanta,Boston,QuickMove,Express,31.5,2025-02-17,2025-02-16,Snow,None
FTL-02632,2025-08-20,Phoenix,New York,LogiPro,Express,27.8,2025-08-23,2025-08-23,Clear,None
FTL-02633,2025-08-15,Denver,Houston,FastShip,Express,5.8,2025-08-18,2025-08-18,Fog,None
FTL-02634,2025-03-23,Phoenix,Boston,FastShip,Express,24.1,2025-03-27,2025-03-27,Snow,None
FTL-02635,2025-07-18,Atlanta,Nashville,LogiPro,Economy,35.8,2025-07-24,2025-07-23,Clear,None
FTL-02636,2025-03-15,Denver,Miami,FastShip,Express,23.4,2025-03-22,2025-03-22,Clear,None
FTL-02637,2025-02-18,Denver,Seattle,FastShip,Express,15.9,2025-02-21,2025-02-20,Fog,None
FTL-02638,2025-01-13,Phoenix,New York,FastShip,Express,35.3,2025-01-18,2025-01-18,Snow,None
FTL-02639,2025-12-30,Chicago,Dallas,FastShip,Economy,32.4,2026-01-06,2026-01-05,Rain,None
FTL-02640,2025-03-11,Phoenix,Nashville,LogiPro,Economy,12.1,2025-03-17,2025-03-17,Clear,None
FTL-02641,2025-05-24,Denver,Minneapolis,LogiPro,Express,21.2,2025-05-30,2025-05-29,Rain,None
FTL-02642,2025-12-15,Phoenix,Minneapolis,FastShip,Economy,17.3,2025-12-19,2025-12-19,Rain,None
FTL-02643,2025-01-12,Chicago,Seattle,QuickMove,Economy,4.4,2025-01-16,2025-01-20,Clear,Sorting error
FTL-02644,2025-03-17,Atlanta,Seattle,LogiPro,Express,49.2,2025-03-24,2025-03-24,Clear,None
FTL-02645,2025-11-05,Atlanta,Boston,QuickMove,Express,16.4,2025-11-09,2025-11-13,Snow,Sorting error
FTL-02646,2025-06-28,Phoenix,Nashville,FastShip,Economy,49.2,2025-07-05,2025-07-05,Fog,None
FTL-02647,2025-08-19,Denver,San Francisco,LogiPro,Express,22.1,2025-08-22,2025-08-21,Clear,None
FTL-02648,2025-11-22,Chicago,New York,QuickMove,Economy,30.5,2025-11-26,2025-11-25,Clear,None
FTL-02649,2025-07-03,Phoenix,New York,LogiPro,Economy,26.5,2025-07-06,2025-07-06,Fog,None
FTL-02650,2025-08-19,Atlanta,Miami,FastShip,Express,41.8,2025-08-23,2025-08-23,Clear,None
FTL-02651,2025-03-16,Phoenix,Seattle,FastShip,Express,26.0,2025-03-21,2025-03-22,Fog,Carrier delay
FTL-02652,2025-12-14,Chicago,Seattle,QuickMove,Economy,1.0,2025-12-20,2025-12-19,Clear,None
FTL-02653,2025-09-17,Phoenix,Houston,FastShip,Economy,32.0,2025-09-20,2025-09-20,Clear,None
FTL-02654,2025-11-12,Chicago,Houston,QuickMove,Economy,4.4,2025-11-17,2025-11-16,Fog,None
FTL-02655,2025-04-25,Atlanta,Boston,QuickMove,Express,11.9,2025-04-29,2025-04-29,Rain,None
FTL-02656,2025-02-15,Phoenix,Minneapolis,QuickMove,Economy,31.6,2025-02-21,2025-02-22,Fog,Carrier delay
FTL-02657,2025-12-11,Chicago,Los Angeles,FastShip,Express,34.3,2025-12-15,2025-12-15,Snow,None
FTL-02658,2025-02-06,Denver,Miami,LogiPro,Express,49.6,2025-02-11,2025-02-10,Snow,None
FTL-02659,2025-07-06,Chicago,New York,QuickMove,Economy,46.4,2025-07-13,2025-07-12,Clear,None
FTL-02660,2025-07-07,Denver,Seattle,QuickMove,Economy,1.1,2025-07-14,2025-07-13,Fog,None
FTL-02661,2025-06-23,Phoenix,Minneapolis,LogiPro,Express,26.7,2025-06-26,2025-06-26,Clear,None
FTL-02662,2025-04-16,Atlanta,Nashville,QuickMove,Economy,12.6,2025-04-20,2025-04-19,Snow,None
FTL-02663,2025-12-21,Atlanta,San Francisco,LogiPro,Economy,48.6,2025-12-28,2025-12-28,Fog,None
FTL-02664,2025-02-09,Atlanta,Dallas,FastShip,Express,43.7,2025-02-16,2025-02-16,Snow,None
FTL-02665,2025-07-22,Chicago,New York,QuickMove,Express,46.9,2025-07-27,2025-07-27,Clear,None
FTL-02666,2025-08-19,Denver,Seattle,FastShip,Economy,8.4,2025-08-26,2025-08-25,Clear,None
FTL-02667,2025-05-30,Atlanta,San Francisco,QuickMove,Express,4.6,2025-06-03,2025-06-03,Clear,None
FTL-02668,2025-12-30,Atlanta,Houston,FastShip,Express,11.2,2026-01-05,2026-01-05,Clear,None
FTL-02669,2025-06-12,Denver,Boston,QuickMove,Express,49.6,2025-06-17,2025-06-17,Fog,None
FTL-02670,2025-07-12,Atlanta,San Francisco,QuickMove,Economy,17.4,2025-07-17,2025-07-17,Clear,None
FTL-02671,2025-03-12,Phoenix,San Francisco,FastShip,Express,48.7,2025-03-18,2025-03-19,Clear,Address issue
FTL-02672,2025-11-09,Phoenix,Boston,LogiPro,Economy,36.9,2025-11-16,2025-11-15,Clear,None
FTL-02673,2025-01-30,Atlanta,San Francisco,FastShip,Express,5.2,2025-02-04,2025-02-03,Snow,None
FTL-02674,2025-02-03,Phoenix,Boston,QuickMove,Express,18.5,2025-02-06,2025-02-07,Clear,Carrier delay
FTL-02675,2025-11-16,Denver,Miami,FastShip,Express,32.2,2025-11-23,2025-11-23,Snow,None
FTL-02676,2025-01-11,Chicago,Dallas,FastShip,Express,49.1,2025-01-14,2025-01-14,Clear,None
FTL-02677,2025-08-13,Denver,Dallas,QuickMove,Express,9.7,2025-08-19,2025-08-18,Fog,None
FTL-02678,2025-01-24,Chicago,Boston,FastShip,Express,30.6,2025-01-29,2025-01-31,Clear,Carrier delay
FTL-02679,2025-04-01,Chicago,San Francisco,LogiPro,Express,49.7,2025-04-07,2025-04-06,Rain,None
FTL-02680,2025-05-14,Chicago,San Francisco,QuickMove,Economy,36.2,2025-05-19,2025-05-19,Rain,None
FTL-02681,2025-09-04,Denver,Nashville,QuickMove,Express,20.5,2025-09-11,2025-09-10,Clear,None
FTL-02682,2025-09-27,Atlanta,New York,QuickMove,Express,39.3,2025-10-02,2025-10-02,Clear,None
FTL-02683,2025-06-06,Denver,Boston,QuickMove,Economy,18.1,2025-06-12,2025-06-12,Clear,None
FTL-02684,2025-02-05,Chicago,Houston,QuickMove,Express,42.0,2025-02-11,2025-02-16,Snow,Carrier delay
FTL-02685,2025-02-12,Atlanta,Dallas,QuickMove,Economy,28.0,2025-02-15,2025-02-19,Clear,Carrier delay
FTL-02686,2025-03-01,Phoenix,Boston,FastShip,Express,36.7,2025-03-05,2025-03-05,Clear,None
FTL-02687,2025-11-10,Phoenix,Houston,FastShip,Express,34.4,2025-11-16,2025-11-16,Rain,None
FTL-02688,2025-08-06,Denver,Dallas,FastShip,Economy,4.0,2025-08-10,2025-08-09,Rain,None
FTL-02689,2025-06-05,Denver,Boston,FastShip,Economy,2.4,2025-06-12,2025-06-11,Clear,None
FTL-02690,2025-02-09,Denver,Houston,LogiPro,Express,37.0,2025-02-12,2025-02-11,Clear,None
FTL-02691,2025-10-18,Denver,San Francisco,FastShip,Economy,29.3,2025-10-24,2025-10-23,Clear,None
FTL-02692,2025-06-01,Denver,Nashville,LogiPro,Express,48.8,2025-06-04,2025-06-04,Snow,None
FTL-02693,2025-03-29,Atlanta,Dallas,FastShip,Economy,3.2,2025-04-01,2025-04-01,Snow,None
FTL-02694,2025-08-04,Phoenix,San Francisco,LogiPro,Economy,38.3,2025-08-08,2025-08-07,Clear,None
FTL-02695,2025-11-08,Atlanta,Dallas,LogiPro,Economy,40.9,2025-11-15,2025-11-14,Fog,None
FTL-02696,2025-06-04,Chicago,Los Angeles,LogiPro,Express,19.7,2025-06-07,2025-06-07,Clear,None
FTL-02697,2025-12-23,Chicago,Minneapolis,LogiPro,Express,22.7,2025-12-29,2026-01-01,Snow,Warehouse processing
FTL-02698,2025-04-05,Phoenix,San Francisco,QuickMove,Economy,3.8,2025-04-11,2025-04-13,Fog,Carrier delay
FTL-02699,2025-02-05,Phoenix,Nashville,QuickMove,Economy,32.7,2025-02-10,2025-02-09,Clear,None
FTL-02700,2025-05-03,Denver,New York,LogiPro,Express,44.5,2025-05-10,2025-05-12,Rain,Weather disruption
FTL-02701,2025-04-29,Denver,Seattle,QuickMove,Economy,15.7,2025-05-05,2025-05-06,Clear,Carrier delay
FTL-02702,2025-07-26,Phoenix,Houston,QuickMove,Economy,8.2,2025-07-30,2025-07-30,Rain,None
FTL-02703,2025-04-21,Phoenix,Dallas,QuickMove,Express,48.5,2025-04-27,2025-04-26,Snow,None
FTL-02704,2025-04-28,Phoenix,Minneapolis,QuickMove,Express,27.5,2025-05-01,2025-05-03,Clear,Vehicle breakdown
FTL-02705,2025-04-03,Atlanta,Minneapolis,QuickMove,Economy,44.0,2025-04-10,2025-04-09,Clear,None
FTL-02706,2025-06-21,Denver,Los Angeles,QuickMove,Express,48.3,2025-06-24,2025-06-23,Clear,None
FTL-02707,2025-10-21,Atlanta,Minneapolis,QuickMove,Express,26.1,2025-10-26,2025-10-31,Rain,Vehicle breakdown
FTL-02708,2025-02-13,Atlanta,New York,QuickMove,Express,18.1,2025-02-18,2025-02-17,Snow,None
FTL-02709,2025-11-04,Atlanta,Los Angeles,QuickMove,Express,6.9,2025-11-09,2025-11-09,Clear,None
FTL-02710,2025-08-11,Atlanta,Boston,FastShip,Economy,18.2,2025-08-15,2025-08-14,Snow,None
FTL-02711,2025-07-23,Phoenix,Miami,QuickMove,Economy,16.5,2025-07-26,2025-07-25,Clear,None
FTL-02712,2025-04-30,Chicago,San Francisco,FastShip,Express,6.6,2025-05-04,2025-05-03,Fog,None
FTL-02713,2025-09-05,Denver,Miami,LogiPro,Express,6.8,2025-09-09,2025-09-09,Rain,None
FTL-02714,2025-01-22,Atlanta,Seattle,QuickMove,Express,4.2,2025-01-26,2025-01-31,Clear,Vehicle breakdown
FTL-02715,2025-06-27,Denver,Miami,LogiPro,Economy,44.2,2025-07-02,2025-07-01,Clear,None
FTL-02716,2025-10-29,Chicago,New York,FastShip,Economy,18.6,2025-11-03,2025-11-03,Fog,None
FTL-02717,2025-07-25,Phoenix,Dallas,QuickMove,Economy,16.2,2025-07-29,2025-08-03,Clear,Carrier delay
FTL-02718,2025-07-28,Atlanta,Boston,FastShip,Economy,10.6,2025-07-31,2025-07-31,Rain,None
FTL-02719,2025-01-25,Atlanta,Nashville,FastShip,Economy,2.4,2025-01-28,2025-01-28,Rain,None
FTL-02720,2025-03-31,Denver,New York,QuickMove,Economy,27.4,2025-04-04,2025-04-07,Snow,Carrier delay
FTL-02721,2025-12-04,Denver,Boston,LogiPro,Economy,41.6,2025-12-11,2025-12-10,Snow,None
FTL-02722,2025-12-25,Denver,Dallas,QuickMove,Express,42.4,2025-12-28,2026-01-02,Snow,Vehicle breakdown
FTL-02723,2025-07-22,Atlanta,Miami,QuickMove,Economy,23.9,2025-07-27,2025-07-27,Clear,None
FTL-02724,2025-12-27,Chicago,Houston,QuickMove,Express,33.7,2026-01-03,2026-01-02,Snow,None
FTL-02725,2025-08-06,Denver,Boston,FastShip,Express,49.9,2025-08-11,2025-08-10,Rain,None
FTL-02726,2025-08-16,Chicago,Boston,FastShip,Economy,30.0,2025-08-22,2025-08-22,Clear,None
FTL-02727,2025-01-27,Chicago,Dallas,FastShip,Economy,30.5,2025-02-03,2025-02-03,Clear,None
FTL-02728,2025-02-08,Chicago,Minneapolis,QuickMove,Express,49.4,2025-02-14,2025-02-15,Fog,Carrier delay
FTL-02729,2025-05-15,Denver,Seattle,QuickMove,Economy,5.0,2025-05-18,2025-05-17,Clear,None
FTL-02730,2025-03-03,Atlanta,San Francisco,LogiPro,Express,29.3,2025-03-08,2025-03-07,Snow,None
FTL-02731,2025-02-15,Phoenix,Boston,LogiPro,Express,22.3,2025-02-19,2025-02-23,Rain,Address issue
FTL-02732,2025-10-26,Phoenix,Miami,LogiPro,Economy,49.5,2025-11-01,2025-10-31,Fog,None
FTL-02733,2025-11-14,Chicago,Miami,FastShip,Economy,41.5,2025-11-19,2025-11-19,Snow,None
FTL-02734,2025-03-22,Atlanta,Miami,LogiPro,Express,21.7,2025-03-28,2025-03-27,Clear,None
FTL-02735,2025-08-27,Chicago,Nashville,FastShip,Express,17.2,2025-09-03,2025-09-03,Rain,None
FTL-02736,2025-08-12,Chicago,Dallas,LogiPro,Economy,46.2,2025-08-19,2025-08-19,Clear,None
FTL-02737,2025-01-08,Chicago,Miami,FastShip,Express,41.1,2025-01-14,2025-01-17,Clear,Address issue
FTL-02738,2025-06-12,Phoenix,Boston,FastShip,Economy,21.4,2025-06-17,2025-06-16,Clear,None
FTL-02739,2025-12-01,Denver,Dallas,LogiPro,Economy,5.3,2025-12-04,2025-12-04,Snow,None
FTL-02740,2025-11-11,Phoenix,Boston,FastShip,Express,40.7,2025-11-17,2025-11-16,Fog,None
FTL-02741,2025-10-26,Phoenix,Boston,QuickMove,Express,24.6,2025-10-30,2025-11-04,Rain,Vehicle breakdown
FTL-02742,2025-07-06,Atlanta,San Francisco,LogiPro,Express,28.0,2025-07-11,2025-07-11,Rain,None
FTL-02743,2025-05-06,Phoenix,New York,QuickMove,Express,19.6,2025-05-09,2025-05-08,Rain,None
FTL-02744,2025-06-27,Phoenix,Miami,QuickMove,Express,47.1,2025-06-30,2025-06-29,Clear,None
FTL-02745,2025-12-15,Phoenix,San Francisco,QuickMove,Economy,4.2,2025-12-22,2025-12-27,Rain,Sorting error
FTL-02746,2025-05-19,Atlanta,Houston,LogiPro,Express,47.8,2025-05-22,2025-05-22,Rain,None
FTL-02747,2025-03-05,Phoenix,San Francisco,FastShip,Economy,32.4,2025-03-10,2025-03-14,Clear,Warehouse processing
FTL-02748,2025-02-16,Phoenix,New York,FastShip,Economy,3.9,2025-02-23,2025-02-28,Fog,Warehouse processing
FTL-02749,2025-11-15,Chicago,Los Angeles,QuickMove,Express,42.6,2025-11-21,2025-11-24,Clear,Carrier delay
FTL-02750,2025-02-01,Phoenix,Los Angeles,FastShip,Express,24.1,2025-02-08,2025-02-08,Clear,None
FTL-02751,2025-08-20,Phoenix,Miami,FastShip,Express,34.6,2025-08-23,2025-08-22,Clear,None
FTL-02752,2025-06-13,Denver,Seattle,QuickMove,Economy,10.7,2025-06-20,2025-06-20,Rain,None
FTL-02753,2025-09-16,Atlanta,Nashville,FastShip,Express,19.9,2025-09-21,2025-09-21,Fog,None
FTL-02754,2025-09-14,Chicago,San Francisco,QuickMove,Express,23.6,2025-09-19,2025-09-20,Clear,Carrier delay
FTL-02755,2025-04-26,Phoenix,Dallas,FastShip,Economy,22.3,2025-04-30,2025-04-29,Clear,None
FTL-02756,2025-10-01,Atlanta,Miami,QuickMove,Economy,32.6,2025-10-06,2025-10-06,Clear,None
FTL-02757,2025-05-20,Phoenix,Houston,FastShip,Express,14.7,2025-05-26,2025-05-30,Clear,Address issue
FTL-02758,2025-07-23,Phoenix,Dallas,QuickMove,Express,30.3,2025-07-30,2025-07-30,Rain,None
FTL-02759,2025-12-16,Chicago,Seattle,LogiPro,Economy,45.2,2025-12-22,2025-12-21,Rain,None
FTL-02760,2025-08-19,Denver,Miami,FastShip,Express,36.0,2025-08-26,2025-08-25,Fog,None
FTL-02761,2025-09-21,Denver,Seattle,FastShip,Express,14.1,2025-09-28,2025-09-28,Clear,None
FTL-02762,2025-10-21,Phoenix,Dallas,LogiPro,Express,37.1,2025-10-27,2025-10-29,Rain,Weather disruption
FTL-02763,2025-09-12,Phoenix,Minneapolis,QuickMove,Economy,47.9,2025-09-15,2025-09-18,Clear,Vehicle breakdown
FTL-02764,2025-02-03,Denver,Nashville,LogiPro,Economy,35.1,2025-02-09,2025-02-08,Snow,None
FTL-02765,2025-03-15,Chicago,Minneapolis,FastShip,Express,24.2,2025-03-21,2025-03-20,Snow,None
FTL-02766,2025-02-04,Chicago,Minneapolis,LogiPro,Economy,44.0,2025-02-11,2025-02-11,Snow,None
FTL-02767,2025-12-23,Phoenix,Nashville,FastShip,Express,49.0,2025-12-26,2025-12-25,Clear,None
FTL-02768,2025-08-08,Chicago,Minneapolis,FastShip,Economy,17.7,2025-08-14,2025-08-15,Rain,Warehouse processing
FTL-02769,2025-01-30,Atlanta,Seattle,QuickMove,Express,43.8,2025-02-04,2025-02-04,Clear,None
FTL-02770,2025-12-03,Phoenix,Nashville,FastShip,Express,38.0,2025-12-10,2025-12-09,Fog,None
FTL-02771,2025-12-14,Phoenix,Nashville,FastShip,Economy,26.3,2025-12-19,2025-12-18,Clear,None
FTL-02772,2025-08-13,Phoenix,Dallas,QuickMove,Express,3.4,2025-08-16,2025-08-15,Clear,None
FTL-02773,2025-12-28,Denver,San Francisco,FastShip,Express,45.9,2026-01-01,2025-12-31,Snow,None
FTL-02774,2025-03-02,Phoenix,Miami,LogiPro,Express,44.4,2025-03-05,2025-03-08,Snow,Sorting error
FTL-02775,2025-12-31,Atlanta,Minneapolis,QuickMove,Express,34.3,2026-01-06,2026-01-05,Clear,None
FTL-02776,2025-02-21,Denver,San Francisco,LogiPro,Express,31.4,2025-02-27,2025-02-27,Clear,None
FTL-02777,2025-01-06,Phoenix,Dallas,LogiPro,Express,12.7,2025-01-11,2025-01-11,Rain,None
FTL-02778,2025-12-05,Atlanta,New York,QuickMove,Economy,17.1,2025-12-10,2025-12-09,Rain,None
FTL-02779,2025-03-18,Atlanta,Minneapolis,QuickMove,Economy,2.2,2025-03-22,2025-03-21,Clear,None
FTL-02780,2025-10-18,Denver,Seattle,LogiPro,Express,35.7,2025-10-21,2025-10-21,Clear,None
FTL-02781,2025-07-11,Atlanta,Miami,FastShip,Economy,10.9,2025-07-18,2025-07-17,Clear,None
FTL-02782,2025-09-26,Phoenix,San Francisco,FastShip,Economy,30.9,2025-09-30,2025-09-29,Clear,None
FTL-02783,2025-10-03,Phoenix,Miami,QuickMove,Express,35.3,2025-10-09,2025-10-14,Clear,Vehicle breakdown
FTL-02784,2025-03-02,Phoenix,Los Angeles,LogiPro,Economy,30.9,2025-03-05,2025-03-05,Rain,None
FTL-02785,2025-04-06,Phoenix,Miami,FastShip,Economy,37.6,2025-04-09,2025-04-08,Clear,None
FTL-02786,2025-09-21,Phoenix,Los Angeles,LogiPro,Economy,23.6,2025-09-25,2025-09-25,Fog,None
FTL-02787,2025-05-31,Atlanta,Houston,LogiPro,Express,19.9,2025-06-03,2025-06-02,Clear,None
FTL-02788,2025-11-04,Chicago,Dallas,LogiPro,Express,13.9,2025-11-10,2025-11-09,Fog,None
FTL-02789,2025-05-26,Denver,Miami,LogiPro,Express,6.9,2025-05-29,2025-05-28,Clear,None
FTL-02790,2025-08-04,Phoenix,New York,LogiPro,Express,36.9,2025-08-11,2025-08-10,Clear,None
FTL-02791,2025-01-04,Atlanta,Minneapolis,FastShip,Economy,21.0,2025-01-11,2025-01-10,Snow,None
FTL-02792,2025-12-29,Chicago,Los Angeles,LogiPro,Express,19.1,2026-01-02,2026-01-01,Clear,None
FTL-02793,2025-10-07,Phoenix,Minneapolis,QuickMove,Economy,20.8,2025-10-13,2025-10-13,Rain,None
FTL-02794,2025-09-17,Chicago,Boston,QuickMove,Express,48.5,2025-09-23,2025-09-22,Rain,None
FTL-02795,2025-09-16,Denver,Los Angeles,QuickMove,Express,39.9,2025-09-22,2025-09-21,Clear,None
FTL-02796,2025-03-04,Phoenix,Dallas,FastShip,Express,41.3,2025-03-08,2025-03-07,Clear,None
FTL-02797,2025-06-06,Phoenix,Nashville,QuickMove,Economy,42.8,2025-06-10,2025-06-15,Clear,Sorting error
FTL-02798,2025-03-25,Denver,Minneapolis,FastShip,Express,20.0,2025-03-28,2025-03-28,Clear,None
FTL-02799,2025-05-28,Denver,Miami,FastShip,Economy,32.1,2025-06-01,2025-06-01,Clear,None
FTL-02800,2025-04-26,Chicago,Boston,FastShip,Express,17.1,2025-05-03,2025-05-03,Snow,None
FTL-02801,2025-12-16,Atlanta,New York,QuickMove,Economy,47.6,2025-12-23,2025-12-23,Rain,None
FTL-02802,2025-04-07,Chicago,Houston,LogiPro,Express,43.4,2025-04-13,2025-04-13,Fog,None
FTL-02803,2025-11-07,Denver,Dallas,FastShip,Economy,13.9,2025-11-10,2025-11-10,Snow,None
FTL-02804,2025-09-18,Atlanta,Minneapolis,FastShip,Economy,43.8,2025-09-22,2025-09-23,Clear,Vehicle breakdown
FTL-02805,2025-02-28,Chicago,Houston,LogiPro,Express,22.9,2025-03-03,2025-03-02,Clear,None
FTL-02806,2025-03-06,Phoenix,Houston,LogiPro,Economy,1.9,2025-03-12,2025-03-11,Snow,None
FTL-02807,2025-04-21,Atlanta,New York,QuickMove,Economy,49.8,2025-04-25,2025-04-25,Rain,None
FTL-02808,2025-04-18,Denver,Boston,FastShip,Express,21.6,2025-04-24,2025-04-24,Clear,None
FTL-02809,2025-01-11,Denver,Miami,QuickMove,Economy,21.7,2025-01-16,2025-01-19,Snow,Carrier delay
FTL-02810,2025-03-31,Denver,Seattle,FastShip,Express,4.7,2025-04-05,2025-04-09,Clear,Warehouse processing
FTL-02811,2025-07-04,Phoenix,Nashville,FastShip,Economy,13.0,2025-07-07,2025-07-06,Clear,None
FTL-02812,2025-01-18,Phoenix,Dallas,QuickMove,Economy,48.3,2025-01-25,2025-01-25,Snow,None
FTL-02813,2025-05-02,Atlanta,Los Angeles,LogiPro,Economy,3.6,2025-05-06,2025-05-06,Clear,None
FTL-02814,2025-08-05,Denver,Seattle,LogiPro,Economy,41.8,2025-08-10,2025-08-10,Fog,None
FTL-02815,2025-03-29,Denver,Houston,LogiPro,Economy,15.6,2025-04-05,2025-04-05,Rain,None
FTL-02816,2025-06-18,Atlanta,New York,QuickMove,Economy,38.2,2025-06-22,2025-06-23,Clear,Vehicle breakdown
FTL-02817,2025-12-24,Phoenix,Seattle,QuickMove,Economy,46.0,2025-12-29,2025-12-29,Rain,None
FTL-02818,2025-08-23,Denver,Houston,LogiPro,Express,19.8,2025-08-30,2025-08-30,Fog,None
FTL-02819,2025-05-08,Atlanta,Los Angeles,LogiPro,Express,31.2,2025-05-14,2025-05-14,Clear,None
FTL-02820,2025-07-01,Atlanta,Minneapolis,QuickMove,Economy,27.5,2025-07-04,2025-07-04,Clear,None
FTL-02821,2025-06-06,Atlanta,Seattle,FastShip,Economy,1.1,2025-06-13,2025-06-13,Clear,None
FTL-02822,2025-11-19,Phoenix,Los Angeles,FastShip,Economy,17.2,2025-11-22,2025-11-22,Snow,None
FTL-02823,2025-01-21,Denver,Los Angeles,QuickMove,Economy,48.5,2025-01-26,2025-01-25,Snow,None
FTL-02824,2025-04-25,Atlanta,Los Angeles,LogiPro,Economy,10.0,2025-04-30,2025-04-30,Rain,None
FTL-02825,2025-04-22,Atlanta,Dallas,QuickMove,Express,45.1,2025-04-25,2025-04-24,Fog,None
FTL-02826,2025-02-09,Atlanta,Seattle,QuickMove,Economy,29.4,2025-02-15,2025-02-15,Fog,None
FTL-02827,2025-04-12,Phoenix,Houston,QuickMove,Express,14.8,2025-04-18,2025-04-18,Fog,None
FTL-02828,2025-07-15,Phoenix,Minneapolis,QuickMove,Economy,16.8,2025-07-20,2025-07-20,Clear,None
FTL-02829,2025-12-06,Denver,San Francisco,FastShip,Express,23.7,2025-12-10,2025-12-15,Snow,Carrier delay
FTL-02830,2025-11-18,Denver,Dallas,QuickMove,Economy,45.9,2025-11-24,2025-11-28,Clear,Carrier delay
FTL-02831,2025-11-08,Phoenix,New York,FastShip,Express,49.0,2025-11-12,2025-11-11,Clear,None
FTL-02832,2025-03-11,Denver,Miami,QuickMove,Express,30.0,2025-03-15,2025-03-15,Snow,None
FTL-02833,2025-05-07,Phoenix,Los Angeles,QuickMove,Economy,20.9,2025-05-12,2025-05-17,Clear,Carrier delay
FTL-02834,2025-08-31,Denver,Houston,QuickMove,Economy,5.9,2025-09-07,2025-09-07,Clear,None
FTL-02835,2025-10-27,Phoenix,Seattle,QuickMove,Express,9.5,2025-11-02,2025-11-01,Clear,None
FTL-02836,2025-03-14,Denver,Los Angeles,FastShip,Economy,26.3,2025-03-21,2025-03-20,Fog,None
FTL-02837,2025-08-27,Denver,Nashville,FastShip,Economy,14.0,2025-08-30,2025-08-30,Clear,None
FTL-02838,2025-03-31,Denver,Boston,QuickMove,Express,1.8,2025-04-05,2025-04-05,Snow,None
FTL-02839,2025-05-18,Denver,New York,FastShip,Economy,45.0,2025-05-24,2025-05-24,Clear,None
FTL-02840,2025-06-05,Phoenix,Houston,QuickMove,Economy,17.6,2025-06-09,2025-06-09,Rain,None
FTL-02841,2025-05-05,Atlanta,Miami,FastShip,Express,42.6,2025-05-12,2025-05-11,Rain,None
FTL-02842,2025-12-20,Phoenix,San Francisco,LogiPro,Economy,29.2,2025-12-27,2025-12-26,Snow,None
FTL-02843,2025-08-06,Atlanta,San Francisco,FastShip,Economy,24.7,2025-08-09,2025-08-08,Snow,None
FTL-02844,2025-07-26,Denver,San Francisco,FastShip,Economy,33.5,2025-07-30,2025-08-03,Clear,Customs hold
FTL-02845,2025-09-13,Atlanta,New York,LogiPro,Express,5.3,2025-09-20,2025-09-20,Clear,None
FTL-02846,2025-08-20,Denver,Minneapolis,FastShip,Express,5.4,2025-08-26,2025-08-25,Clear,None
FTL-02847,2025-02-16,Phoenix,New York,QuickMove,Economy,19.7,2025-02-22,2025-02-24,Snow,Carrier delay
FTL-02848,2025-08-27,Chicago,Nashville,LogiPro,Economy,25.5,2025-09-02,2025-09-01,Clear,None
FTL-02849,2025-08-10,Denver,San Francisco,FastShip,Express,49.0,2025-08-13,2025-08-13,Fog,None
FTL-02850,2025-03-31,Phoenix,Miami,QuickMove,Economy,44.7,2025-04-03,2025-04-02,Clear,None
FTL-02851,2025-04-08,Denver,Los Angeles,QuickMove,Express,49.9,2025-04-12,2025-04-11,Rain,None
FTL-02852,2025-08-05,Chicago,Dallas,QuickMove,Economy,44.1,2025-08-12,2025-08-12,Clear,None
FTL-02853,2025-06-05,Denver,Seattle,QuickMove,Express,35.6,2025-06-12,2025-06-16,Clear,Vehicle breakdown
FTL-02854,2025-10-27,Chicago,Seattle,QuickMove,Express,48.7,2025-11-01,2025-11-06,Rain,Carrier delay
FTL-02855,2025-10-25,Atlanta,Nashville,LogiPro,Express,42.1,2025-10-30,2025-10-30,Clear,None
FTL-02856,2025-03-03,Phoenix,Boston,FastShip,Economy,24.9,2025-03-06,2025-03-06,Clear,None
FTL-02857,2025-10-11,Chicago,Boston,QuickMove,Express,42.9,2025-10-16,2025-10-16,Clear,None
FTL-02858,2025-10-19,Chicago,Los Angeles,LogiPro,Economy,27.9,2025-10-22,2025-10-21,Rain,None
FTL-02859,2025-10-28,Denver,Miami,FastShip,Express,30.0,2025-11-03,2025-11-08,Clear,Vehicle breakdown
FTL-02860,2025-03-14,Chicago,Boston,FastShip,Express,1.9,2025-03-20,2025-03-20,Clear,None
FTL-02861,2025-10-08,Phoenix,New York,FastShip,Economy,44.0,2025-10-13,2025-10-13,Clear,None
FTL-02862,2025-01-18,Chicago,New York,FastShip,Economy,48.0,2025-01-23,2025-01-22,Snow,None
FTL-02863,2025-12-28,Phoenix,Minneapolis,QuickMove,Economy,20.1,2026-01-02,2026-01-05,Clear,Carrier delay
FTL-02864,2025-12-22,Chicago,Nashville,QuickMove,Economy,18.8,2025-12-29,2025-12-29,Rain,None
FTL-02865,2025-07-10,Phoenix,Seattle,QuickMove,Express,5.2,2025-07-13,2025-07-12,Rain,None
FTL-02866,2025-04-05,Denver,Minneapolis,QuickMove,Express,18.0,2025-04-10,2025-04-09,Clear,None
FTL-02867,2025-07-25,Phoenix,Houston,LogiPro,Economy,2.3,2025-07-29,2025-07-29,Clear,None
FTL-02868,2025-03-18,Denver,Nashville,LogiPro,Economy,43.2,2025-03-23,2025-03-22,Snow,None
FTL-02869,2025-08-17,Denver,Seattle,LogiPro,Express,38.7,2025-08-24,2025-08-23,Fog,None
FTL-02870,2025-06-09,Chicago,Nashville,QuickMove,Express,4.8,2025-06-16,2025-06-15,Clear,None
FTL-02871,2025-06-12,Phoenix,Seattle,QuickMove,Express,8.9,2025-06-19,2025-06-20,Fog,Sorting error
FTL-02872,2025-08-12,Denver,Nashville,QuickMove,Economy,7.8,2025-08-17,2025-08-19,Clear,Sorting error
FTL-02873,2025-02-09,Phoenix,New York,LogiPro,Economy,35.3,2025-02-16,2025-02-20,Snow,Warehouse processing
FTL-02874,2025-09-24,Atlanta,New York,FastShip,Economy,25.5,2025-09-30,2025-09-30,Clear,None
FTL-02875,2025-06-27,Denver,Los Angeles,FastShip,Economy,17.5,2025-07-03,2025-07-03,Rain,None
FTL-02876,2025-03-13,Denver,Dallas,QuickMove,Express,38.9,2025-03-17,2025-03-22,Clear,Weather disruption
FTL-02877,2025-09-01,Denver,San Francisco,QuickMove,Express,28.3,2025-09-06,2025-09-05,Clear,None
FTL-02878,2025-08-29,Denver,San Francisco,QuickMove,Express,8.1,2025-09-04,2025-09-03,Clear,None
FTL-02879,2025-05-31,Phoenix,San Francisco,QuickMove,Express,43.4,2025-06-04,2025-06-03,Rain,None
FTL-02880,2025-11-04,Denver,Miami,FastShip,Economy,28.2,2025-11-07,2025-11-07,Snow,None
FTL-02881,2025-01-18,Denver,Miami,QuickMove,Economy,24.8,2025-01-21,2025-01-26,Snow,Carrier delay
FTL-02882,2025-08-14,Phoenix,New York,QuickMove,Express,46.7,2025-08-17,2025-08-21,Clear,Vehicle breakdown
FTL-02883,2025-06-01,Atlanta,Dallas,LogiPro,Economy,26.4,2025-06-06,2025-06-06,Rain,None
FTL-02884,2025-11-06,Chicago,San Francisco,QuickMove,Express,12.7,2025-11-10,2025-11-11,Clear,Address issue
FTL-02885,2025-05-04,Denver,Miami,QuickMove,Express,14.5,2025-05-09,2025-05-11,Clear,Vehicle breakdown
FTL-02886,2025-12-23,Denver,Minneapolis,QuickMove,Economy,23.7,2025-12-29,2025-12-28,Fog,None
FTL-02887,2025-03-22,Chicago,Miami,QuickMove,Express,4.6,2025-03-25,2025-03-24,Snow,None
FTL-02888,2025-05-22,Denver,Los Angeles,QuickMove,Economy,25.2,2025-05-25,2025-05-30,Clear,Sorting error
FTL-02889,2025-09-10,Chicago,Houston,QuickMove,Economy,22.6,2025-09-16,2025-09-17,Rain,Sorting error
FTL-02890,2025-09-25,Atlanta,New York,FastShip,Economy,23.0,2025-10-01,2025-09-30,Clear,None
FTL-02891,2025-03-21,Chicago,Seattle,LogiPro,Economy,13.3,2025-03-25,2025-03-25,Snow,None
FTL-02892,2025-01-03,Phoenix,Dallas,FastShip,Express,19.9,2025-01-07,2025-01-10,Clear,Warehouse processing
FTL-02893,2025-10-31,Atlanta,San Francisco,QuickMove,Economy,38.1,2025-11-06,2025-11-05,Rain,None
FTL-02894,2025-09-13,Atlanta,Houston,QuickMove,Economy,25.8,2025-09-16,2025-09-17,Clear,Sorting error
FTL-02895,2025-06-08,Phoenix,Minneapolis,QuickMove,Economy,25.9,2025-06-11,2025-06-13,Fog,Vehicle breakdown
FTL-02896,2025-05-14,Chicago,Miami,FastShip,Express,12.2,2025-05-17,2025-05-16,Rain,None
FTL-02897,2025-06-20,Chicago,San Francisco,QuickMove,Economy,30.5,2025-06-24,2025-06-25,Clear,Weather disruption
FTL-02898,2025-07-17,Chicago,New York,LogiPro,Economy,35.9,2025-07-20,2025-07-20,Rain,None
FTL-02899,2025-10-30,Phoenix,Dallas,FastShip,Economy,13.5,2025-11-04,2025-11-06,Fog,Sorting error
FTL-02900,2025-12-01,Chicago,Minneapolis,QuickMove,Express,26.0,2025-12-06,2025-12-07,Clear,Sorting error
FTL-02901,2025-09-22,Denver,Dallas,QuickMove,Economy,9.6,2025-09-28,2025-09-28,Clear,None
FTL-02902,2025-03-04,Phoenix,Nashville,FastShip,Economy,7.5,2025-03-10,2025-03-10,Snow,None
FTL-02903,2025-12-10,Chicago,New York,FastShip,Economy,16.5,2025-12-15,2025-12-15,Fog,None
FTL-02904,2025-07-07,Chicago,New York,FastShip,Express,19.7,2025-07-14,2025-07-13,Snow,None
FTL-02905,2025-02-26,Phoenix,San Francisco,QuickMove,Express,45.3,2025-03-02,2025-03-01,Snow,None
FTL-02906,2025-12-29,Atlanta,Dallas,FastShip,Economy,12.2,2026-01-05,2026-01-04,Snow,None
FTL-02907,2025-11-27,Chicago,Houston,FastShip,Express,21.1,2025-12-04,2025-12-04,Clear,None
FTL-02908,2025-04-22,Atlanta,Minneapolis,QuickMove,Economy,25.9,2025-04-25,2025-04-25,Snow,None
FTL-02909,2025-08-26,Atlanta,Dallas,QuickMove,Economy,28.1,2025-08-30,2025-08-30,Clear,None
FTL-02910,2025-08-01,Chicago,Minneapolis,LogiPro,Economy,19.8,2025-08-04,2025-08-03,Rain,None
FTL-02911,2025-12-22,Denver,Minneapolis,QuickMove,Economy,14.0,2025-12-27,2025-12-27,Clear,None
FTL-02912,2025-03-02,Phoenix,Dallas,LogiPro,Express,42.5,2025-03-05,2025-03-05,Snow,None
FTL-02913,2025-09-19,Phoenix,Nashville,QuickMove,Economy,23.6,2025-09-24,2025-09-29,Clear,Weather disruption
FTL-02914,2025-09-02,Atlanta,Boston,LogiPro,Economy,40.6,2025-09-06,2025-09-05,Rain,None
FTL-02915,2025-07-07,Phoenix,Miami,QuickMove,Express,5.9,2025-07-11,2025-07-15,Clear,Carrier delay
FTL-02916,2025-01-01,Chicago,Miami,QuickMove,Economy,33.6,2025-01-05,2025-01-04,Snow,None
FTL-02917,2025-03-25,Denver,Boston,QuickMove,Economy,19.6,2025-03-31,2025-03-30,Snow,None
FTL-02918,2025-10-23,Chicago,Miami,QuickMove,Economy,48.7,2025-10-28,2025-10-28,Clear,None
FTL-02919,2025-12-15,Chicago,New York,QuickMove,Express,16.8,2025-12-22,2025-12-21,Snow,None
FTL-02920,2025-07-22,Denver,Houston,FastShip,Economy,43.8,2025-07-25,2025-07-25,Rain,None
FTL-02921,2025-03-04,Denver,San Francisco,LogiPro,Economy,33.6,2025-03-09,2025-03-08,Clear,None
FTL-02922,2025-08-21,Atlanta,Seattle,QuickMove,Express,32.0,2025-08-27,2025-08-27,Clear,None
FTL-02923,2025-06-09,Phoenix,Nashville,LogiPro,Express,25.9,2025-06-13,2025-06-18,Rain,Carrier delay
FTL-02924,2025-01-10,Phoenix,Seattle,QuickMove,Express,23.0,2025-01-16,2025-01-15,Rain,None
FTL-02925,2025-08-05,Chicago,Houston,QuickMove,Economy,31.9,2025-08-11,2025-08-15,Rain,Vehicle breakdown
FTL-02926,2025-01-21,Chicago,New York,FastShip,Express,5.5,2025-01-24,2025-01-24,Clear,None
FTL-02927,2025-02-07,Chicago,Seattle,QuickMove,Economy,16.9,2025-02-10,2025-02-09,Clear,None
FTL-02928,2025-10-04,Denver,San Francisco,FastShip,Express,45.2,2025-10-08,2025-10-07,Clear,None
FTL-02929,2025-09-04,Denver,Dallas,LogiPro,Economy,32.3,2025-09-10,2025-09-09,Clear,None
FTL-02930,2025-12-20,Denver,Miami,FastShip,Express,42.7,2025-12-24,2025-12-29,Snow,Carrier delay
FTL-02931,2025-09-24,Chicago,Miami,FastShip,Express,5.3,2025-09-29,2025-09-29,Clear,None
FTL-02932,2025-10-28,Atlanta,Houston,LogiPro,Economy,14.1,2025-10-31,2025-10-30,Clear,None
FTL-02933,2025-01-09,Denver,San Francisco,LogiPro,Economy,7.3,2025-01-14,2025-01-13,Clear,None
FTL-02934,2025-09-22,Phoenix,Dallas,QuickMove,Express,29.4,2025-09-27,2025-09-26,Clear,None
FTL-02935,2025-03-09,Phoenix,Houston,LogiPro,Economy,5.9,2025-03-15,2025-03-15,Clear,None
FTL-02936,2025-03-21,Denver,New York,FastShip,Express,6.6,2025-03-28,2025-03-28,Snow,None
FTL-02937,2025-06-21,Chicago,San Francisco,LogiPro,Express,15.4,2025-06-25,2025-06-25,Clear,None
FTL-02938,2025-09-18,Atlanta,San Francisco,FastShip,Express,49.4,2025-09-21,2025-09-20,Clear,None
FTL-02939,2025-04-13,Chicago,Boston,QuickMove,Express,33.7,2025-04-16,2025-04-15,Clear,None
FTL-02940,2025-07-22,Denver,San Francisco,QuickMove,Economy,48.3,2025-07-25,2025-07-30,Clear,Carrier delay
FTL-02941,2025-09-15,Phoenix,New York,LogiPro,Express,16.5,2025-09-18,2025-09-18,Clear,None
FTL-02942,2025-01-21,Atlanta,Miami,FastShip,Economy,37.3,2025-01-24,2025-01-24,Clear,None
FTL-02943,2025-09-29,Denver,San Francisco,QuickMove,Economy,36.2,2025-10-04,2025-10-04,Clear,None
FTL-02944,2025-12-20,Denver,New York,FastShip,Economy,42.1,2025-12-26,2025-12-25,Snow,None
FTL-02945,2025-10-25,Phoenix,Seattle,QuickMove,Economy,27.9,2025-10-31,2025-10-31,Clear,None
FTL-02946,2025-08-27,Chicago,Seattle,LogiPro,Express,24.2,2025-08-31,2025-08-30,Clear,None
FTL-02947,2025-12-09,Phoenix,Boston,FastShip,Economy,5.2,2025-12-12,2025-12-12,Fog,None
FTL-02948,2025-05-14,Phoenix,San Francisco,LogiPro,Economy,9.1,2025-05-20,2025-05-20,Fog,None
FTL-02949,2025-01-18,Denver,Los Angeles,FastShip,Express,40.7,2025-01-23,2025-01-23,Clear,None
FTL-02950,2025-12-01,Phoenix,Dallas,LogiPro,Express,29.3,2025-12-08,2025-12-07,Clear,None
FTL-02951,2025-06-14,Denver,Nashville,FastShip,Express,2.8,2025-06-19,2025-06-19,Clear,None
FTL-02952,2025-09-20,Atlanta,Dallas,LogiPro,Express,16.4,2025-09-24,2025-09-23,Clear,None
FTL-02953,2025-07-14,Phoenix,Miami,LogiPro,Express,49.8,2025-07-20,2025-07-19,Clear,None
FTL-02954,2025-12-26,Atlanta,New York,FastShip,Economy,29.9,2026-01-01,2026-01-01,Clear,None
FTL-02955,2025-02-06,Phoenix,Minneapolis,QuickMove,Express,34.3,2025-02-11,2025-02-12,Rain,Address issue
FTL-02956,2025-01-19,Atlanta,Minneapolis,LogiPro,Express,26.6,2025-01-22,2025-01-21,Snow,None
FTL-02957,2025-12-05,Denver,Miami,FastShip,Express,12.0,2025-12-12,2025-12-11,Clear,None
FTL-02958,2025-03-02,Phoenix,Boston,FastShip,Express,46.4,2025-03-05,2025-03-08,Snow,Warehouse processing
FTL-02959,2025-03-18,Phoenix,New York,LogiPro,Economy,9.9,2025-03-22,2025-03-26,Clear,Address issue
FTL-02960,2025-09-20,Phoenix,Boston,LogiPro,Economy,3.5,2025-09-27,2025-09-29,Clear,Sorting error
FTL-02961,2025-07-09,Chicago,Houston,QuickMove,Express,25.7,2025-07-16,2025-07-17,Clear,Sorting error
FTL-02962,2025-11-25,Atlanta,Minneapolis,QuickMove,Economy,19.3,2025-11-29,2025-11-28,Clear,None
FTL-02963,2025-05-11,Chicago,Nashville,LogiPro,Economy,36.3,2025-05-16,2025-05-15,Rain,None
FTL-02964,2025-12-02,Denver,Houston,LogiPro,Economy,27.8,2025-12-05,2025-12-05,Snow,None
FTL-02965,2025-11-27,Denver,Seattle,QuickMove,Express,21.9,2025-12-04,2025-12-06,Snow,Carrier delay
FTL-02966,2025-11-15,Denver,Dallas,QuickMove,Express,10.4,2025-11-22,2025-11-21,Snow,None
FTL-02967,2025-08-18,Chicago,New York,QuickMove,Express,28.9,2025-08-21,2025-08-24,Clear,Carrier delay
FTL-02968,2025-03-28,Denver,Minneapolis,QuickMove,Express,3.8,2025-04-01,2025-04-06,Clear,Carrier delay
FTL-02969,2025-08-14,Denver,New York,QuickMove,Express,35.8,2025-08-20,2025-08-24,Fog,Carrier delay
FTL-02970,2025-04-26,Denver,San Francisco,LogiPro,Express,19.3,2025-05-03,2025-05-03,Clear,None
FTL-02971,2025-10-24,Chicago,Dallas,QuickMove,Economy,11.3,2025-10-27,2025-10-26,Rain,None
FTL-02972,2025-10-23,Denver,San Francisco,FastShip,Express,44.3,2025-10-26,2025-10-26,Clear,None
FTL-02973,2025-10-10,Atlanta,Nashville,LogiPro,Economy,25.9,2025-10-15,2025-10-15,Clear,None
FTL-02974,2025-03-12,Phoenix,Nashville,QuickMove,Economy,12.1,2025-03-19,2025-03-19,Clear,None
FTL-02975,2025-06-19,Phoenix,Los Angeles,LogiPro,Express,12.2,2025-06-26,2025-06-26,Fog,None
FTL-02976,2025-03-15,Chicago,Los Angeles,QuickMove,Express,39.4,2025-03-20,2025-03-19,Snow,None
FTL-02977,2025-12-18,Chicago,Nashville,LogiPro,Economy,39.3,2025-12-25,2025-12-30,Fog,Weather disruption
FTL-02978,2025-05-28,Atlanta,Los Angeles,LogiPro,Economy,42.5,2025-06-04,2025-06-04,Clear,None
FTL-02979,2025-12-07,Chicago,Dallas,LogiPro,Economy,11.7,2025-12-14,2025-12-13,Rain,None
FTL-02980,2025-04-25,Atlanta,Miami,QuickMove,Express,32.4,2025-04-28,2025-05-01,Clear,Sorting error
FTL-02981,2025-03-24,Chicago,Los Angeles,LogiPro,Express,30.1,2025-03-29,2025-03-29,Snow,None
FTL-02982,2025-12-19,Denver,Seattle,LogiPro,Economy,38.6,2025-12-26,2025-12-31,Snow,Address issue
FTL-02983,2025-10-21,Phoenix,Houston,LogiPro,Express,42.5,2025-10-26,2025-10-25,Rain,None
FTL-02984,2025-08-08,Phoenix,Houston,QuickMove,Express,47.7,2025-08-11,2025-08-13,Clear,Carrier delay
FTL-02985,2025-02-11,Denver,Minneapolis,LogiPro,Express,20.1,2025-02-14,2025-02-13,Clear,None
FTL-02986,2025-01-03,Chicago,Nashville,QuickMove,Economy,36.3,2025-01-08,2025-01-10,Fog,Vehicle breakdown
FTL-02987,2025-03-07,Chicago,Minneapolis,LogiPro,Economy,26.9,2025-03-11,2025-03-11,Clear,None
FTL-02988,2025-04-12,Phoenix,Minneapolis,LogiPro,Economy,29.7,2025-04-17,2025-04-16,Clear,None
FTL-02989,2025-10-19,Chicago,New York,FastShip,Express,10.3,2025-10-25,2025-10-25,Rain,None
FTL-02990,2025-10-14,Phoenix,Nashville,LogiPro,Economy,46.9,2025-10-18,2025-10-18,Clear,None
FTL-02991,2025-11-13,Atlanta,Minneapolis,QuickMove,Economy,28.6,2025-11-18,2025-11-22,Clear,Address issue
FTL-02992,2025-08-10,Chicago,Los Angeles,QuickMove,Express,1.7,2025-08-15,2025-08-15,Rain,None
FTL-02993,2025-11-18,Atlanta,Nashville,QuickMove,Economy,34.8,2025-11-21,2025-11-20,Snow,None
FTL-02994,2025-03-14,Atlanta,New York,QuickMove,Express,5.4,2025-03-18,2025-03-18,Clear,None
FTL-02995,2025-03-27,Atlanta,Boston,FastShip,Express,36.3,2025-03-30,2025-03-30,Clear,None
FTL-02996,2025-07-31,Atlanta,Seattle,QuickMove,Economy,23.2,2025-08-04,2025-08-04,Clear,None
FTL-02997,2025-04-17,Phoenix,Houston,FastShip,Express,6.9,2025-04-24,2025-04-23,Clear,None
FTL-02998,2025-02-16,Denver,Nashville,QuickMove,Economy,27.7,2025-02-20,2025-02-25,Snow,Sorting error
FTL-02999,2025-09-14,Phoenix,Dallas,LogiPro,Economy,5.3,2025-09-18,2025-09-17,Rain,None
FTL-03000,2025-10-26,Chicago,Miami,QuickMove,Economy,45.7,2025-11-02,2025-11-02,Fog,None
FTL-03001,2025-01-05,Chicago,Houston,QuickMove,Express,4.5,2025-01-10,2025-01-09,Snow,None
FTL-03002,2025-07-22,Atlanta,Dallas,QuickMove,Economy,34.0,2025-07-25,2025-07-24,Clear,None
FTL-03003,2025-09-03,Phoenix,Boston,FastShip,Express,29.4,2025-09-08,2025-09-07,Clear,None
FTL-03004,2025-07-05,Chicago,Miami,LogiPro,Express,25.9,2025-07-10,2025-07-10,Fog,None
FTL-03005,2025-08-29,Atlanta,New York,FastShip,Economy,40.4,2025-09-02,2025-09-01,Clear,None
FTL-03006,2025-01-22,Denver,New York,LogiPro,Economy,29.1,2025-01-25,2025-01-24,Fog,None
FTL-03007,2025-02-02,Chicago,Nashville,QuickMove,Express,18.0,2025-02-09,2025-02-08,Fog,None
FTL-03008,2025-04-04,Phoenix,Seattle,QuickMove,Economy,36.5,2025-04-10,2025-04-09,Clear,None
FTL-03009,2025-08-19,Atlanta,New York,QuickMove,Economy,2.5,2025-08-25,2025-08-24,Clear,None
FTL-03010,2025-07-16,Atlanta,Boston,LogiPro,Express,27.1,2025-07-22,2025-07-21,Clear,None
FTL-03011,2025-05-10,Denver,Seattle,QuickMove,Express,16.5,2025-05-14,2025-05-14,Clear,None
FTL-03012,2025-11-25,Denver,Houston,QuickMove,Express,34.3,2025-11-28,2025-11-30,Snow,Vehicle breakdown
FTL-03013,2025-04-13,Atlanta,Minneapolis,QuickMove,Express,6.1,2025-04-19,2025-04-24,Clear,Sorting error
FTL-03014,2025-06-27,Chicago,Dallas,QuickMove,Express,29.5,2025-07-02,2025-07-02,Clear,None
FTL-03015,2025-09-24,Phoenix,Dallas,LogiPro,Express,22.1,2025-09-27,2025-09-26,Clear,None
FTL-03016,2025-06-20,Phoenix,Minneapolis,LogiPro,Express,2.1,2025-06-27,2025-06-26,Clear,None
FTL-03017,2025-03-21,Atlanta,Seattle,LogiPro,Economy,5.1,2025-03-26,2025-03-25,Fog,None
FTL-03018,2025-01-04,Atlanta,Nashville,LogiPro,Express,22.9,2025-01-07,2025-01-06,Clear,None
FTL-03019,2025-10-11,Phoenix,Houston,QuickMove,Express,19.6,2025-10-15,2025-10-17,Clear,Weather disruption
FTL-03020,2025-01-29,Atlanta,Nashville,LogiPro,Economy,16.9,2025-02-03,2025-02-02,Rain,None
FTL-03021,2025-09-06,Phoenix,Minneapolis,QuickMove,Express,30.1,2025-09-12,2025-09-14,Clear,Carrier delay
FTL-03022,2025-07-20,Chicago,Los Angeles,LogiPro,Express,19.4,2025-07-24,2025-07-23,Rain,None
FTL-03023,2025-11-19,Phoenix,San Francisco,FastShip,Express,43.1,2025-11-23,2025-11-23,Snow,None
FTL-03024,2025-06-27,Atlanta,San Francisco,FastShip,Economy,23.6,2025-06-30,2025-06-29,Clear,None
FTL-03025,2025-10-31,Denver,Dallas,FastShip,Economy,26.4,2025-11-04,2025-11-03,Clear,None
FTL-03026,2025-10-13,Denver,Minneapolis,LogiPro,Economy,37.9,2025-10-17,2025-10-16,Clear,None
FTL-03027,2025-06-24,Chicago,Los Angeles,QuickMove,Economy,37.4,2025-06-28,2025-06-27,Fog,None
FTL-03028,2025-05-11,Atlanta,Boston,FastShip,Economy,1.0,2025-05-16,2025-05-15,Clear,None
FTL-03029,2025-08-30,Chicago,San Francisco,QuickMove,Economy,29.3,2025-09-04,2025-09-04,Clear,None
FTL-03030,2025-11-30,Phoenix,Dallas,LogiPro,Economy,2.0,2025-12-06,2025-12-06,Clear,None
FTL-03031,2025-10-08,Atlanta,New York,QuickMove,Economy,31.7,2025-10-14,2025-10-16,Fog,Sorting error
FTL-03032,2025-02-10,Denver,Los Angeles,FastShip,Express,1.6,2025-02-15,2025-02-15,Snow,None
FTL-03033,2025-01-04,Atlanta,Nashville,QuickMove,Express,16.5,2025-01-09,2025-01-09,Clear,None
FTL-03034,2025-11-14,Atlanta,Miami,FastShip,Express,37.5,2025-11-17,2025-11-16,Rain,None
FTL-03035,2025-10-03,Denver,Houston,FastShip,Economy,27.8,2025-10-06,2025-10-06,Rain,None
FTL-03036,2025-04-04,Chicago,Nashville,QuickMove,Express,5.3,2025-04-08,2025-04-07,Clear,None
FTL-03037,2025-11-05,Chicago,Nashville,QuickMove,Economy,32.7,2025-11-10,2025-11-14,Snow,Sorting error
FTL-03038,2025-03-23,Denver,Miami,LogiPro,Express,9.1,2025-03-26,2025-03-25,Clear,None
FTL-03039,2025-04-17,Phoenix,Houston,LogiPro,Express,38.3,2025-04-24,2025-04-24,Rain,None
FTL-03040,2025-04-29,Atlanta,Miami,LogiPro,Express,3.6,2025-05-05,2025-05-04,Clear,None
FTL-03041,2025-12-26,Phoenix,New York,LogiPro,Economy,18.8,2026-01-01,2026-01-01,Clear,None
FTL-03042,2025-08-23,Phoenix,Houston,FastShip,Economy,32.6,2025-08-28,2025-08-27,Rain,None
FTL-03043,2025-10-08,Phoenix,Seattle,FastShip,Express,37.3,2025-10-15,2025-10-14,Clear,None
FTL-03044,2025-10-22,Chicago,Miami,QuickMove,Economy,40.9,2025-10-25,2025-10-24,Clear,None
FTL-03045,2025-10-23,Chicago,Nashville,FastShip,Express,49.3,2025-10-28,2025-10-27,Clear,None
FTL-03046,2025-11-08,Denver,Boston,FastShip,Express,18.1,2025-11-14,2025-11-13,Rain,None
FTL-03047,2025-01-28,Denver,Seattle,FastShip,Economy,49.5,2025-02-02,2025-02-01,Snow,None
FTL-03048,2025-09-09,Atlanta,Minneapolis,QuickMove,Express,21.3,2025-09-15,2025-09-16,Snow,Carrier delay
FTL-03049,2025-12-04,Phoenix,Los Angeles,LogiPro,Express,47.7,2025-12-11,2025-12-11,Clear,None
FTL-03050,2025-01-04,Atlanta,Dallas,QuickMove,Express,41.6,2025-01-07,2025-01-08,Clear,Carrier delay
FTL-03051,2025-08-03,Denver,Boston,QuickMove,Economy,21.7,2025-08-09,2025-08-09,Clear,None
FTL-03052,2025-07-28,Chicago,Minneapolis,QuickMove,Express,42.1,2025-08-01,2025-08-01,Clear,None
FTL-03053,2025-07-19,Denver,New York,LogiPro,Express,30.1,2025-07-24,2025-07-26,Clear,Address issue
FTL-03054,2025-04-10,Phoenix,Los Angeles,QuickMove,Economy,32.8,2025-04-14,2025-04-13,Rain,None
FTL-03055,2025-12-01,Phoenix,San Francisco,FastShip,Express,22.5,2025-12-04,2025-12-03,Fog,None
FTL-03056,2025-10-06,Denver,New York,QuickMove,Express,4.0,2025-10-09,2025-10-09,Clear,None
FTL-03057,2025-11-22,Denver,San Francisco,QuickMove,Express,46.4,2025-11-26,2025-11-25,Clear,None
FTL-03058,2025-08-29,Atlanta,Miami,QuickMove,Economy,30.6,2025-09-01,2025-09-01,Clear,None
FTL-03059,2025-03-18,Chicago,New York,LogiPro,Economy,26.8,2025-03-21,2025-03-21,Fog,None
FTL-03060,2025-01-17,Atlanta,New York,QuickMove,Economy,49.0,2025-01-20,2025-01-20,Clear,None
FTL-03061,2025-04-04,Atlanta,Nashville,QuickMove,Express,47.3,2025-04-08,2025-04-08,Rain,None
FTL-03062,2025-01-07,Phoenix,Nashville,FastShip,Express,36.3,2025-01-14,2025-01-13,Snow,None
FTL-03063,2025-07-07,Denver,Seattle,LogiPro,Economy,27.2,2025-07-13,2025-07-13,Rain,None
FTL-03064,2025-02-15,Atlanta,San Francisco,FastShip,Express,15.4,2025-02-21,2025-02-20,Snow,None
FTL-03065,2025-01-27,Chicago,Houston,QuickMove,Express,24.1,2025-02-02,2025-02-01,Fog,None
FTL-03066,2025-11-19,Denver,San Francisco,LogiPro,Express,25.2,2025-11-24,2025-11-24,Snow,None
FTL-03067,2025-06-01,Atlanta,New York,FastShip,Express,5.4,2025-06-08,2025-06-07,Rain,None
FTL-03068,2025-10-14,Phoenix,Dallas,FastShip,Economy,48.7,2025-10-20,2025-10-19,Fog,None
FTL-03069,2025-08-18,Denver,Nashville,QuickMove,Express,24.7,2025-08-25,2025-08-28,Clear,Carrier delay
FTL-03070,2025-08-07,Denver,Los Angeles,FastShip,Economy,14.2,2025-08-11,2025-08-14,Clear,Address issue
FTL-03071,2025-03-11,Phoenix,Houston,FastShip,Express,4.5,2025-03-17,2025-03-17,Fog,None
FTL-03072,2025-11-27,Phoenix,New York,QuickMove,Express,8.3,2025-12-01,2025-11-30,Clear,None
FTL-03073,2025-04-25,Phoenix,Nashville,QuickMove,Economy,44.4,2025-05-01,2025-04-30,Rain,None
FTL-03074,2025-10-02,Denver,San Francisco,LogiPro,Economy,15.4,2025-10-09,2025-10-08,Fog,None
FTL-03075,2025-07-19,Atlanta,Boston,FastShip,Express,25.3,2025-07-24,2025-07-24,Clear,None
FTL-03076,2025-08-16,Denver,Seattle,LogiPro,Economy,28.5,2025-08-19,2025-08-18,Fog,None
FTL-03077,2025-09-12,Chicago,Seattle,QuickMove,Economy,40.7,2025-09-18,2025-09-23,Clear,Carrier delay
FTL-03078,2025-06-08,Phoenix,Miami,QuickMove,Economy,44.7,2025-06-12,2025-06-11,Rain,None
FTL-03079,2025-01-10,Denver,San Francisco,LogiPro,Express,21.9,2025-01-14,2025-01-14,Snow,None
FTL-03080,2025-01-30,Denver,Boston,QuickMove,Economy,34.4,2025-02-04,2025-02-09,Snow,Carrier delay
FTL-03081,2025-08-31,Denver,Nashville,QuickMove,Express,5.4,2025-09-04,2025-09-05,Rain,Sorting error
FTL-03082,2025-02-04,Chicago,San Francisco,FastShip,Economy,3.2,2025-02-10,2025-02-09,Clear,None
FTL-03083,2025-11-21,Phoenix,Dallas,LogiPro,Express,13.4,2025-11-26,2025-11-25,Snow,None
FTL-03084,2025-12-06,Denver,Nashville,FastShip,Express,20.6,2025-12-12,2025-12-12,Snow,None
FTL-03085,2025-09-20,Chicago,Miami,QuickMove,Economy,24.8,2025-09-24,2025-09-24,Rain,None
FTL-03086,2025-03-18,Atlanta,Los Angeles,FastShip,Economy,47.5,2025-03-24,2025-03-23,Snow,None
FTL-03087,2025-03-03,Phoenix,Nashville,QuickMove,Economy,17.2,2025-03-09,2025-03-09,Snow,None
FTL-03088,2025-05-05,Chicago,Houston,QuickMove,Economy,39.7,2025-05-11,2025-05-10,Clear,None
FTL-03089,2025-09-22,Denver,Minneapolis,FastShip,Express,36.9,2025-09-27,2025-09-27,Clear,None
FTL-03090,2025-03-20,Chicago,Nashville,QuickMove,Express,35.7,2025-03-25,2025-03-25,Clear,None
FTL-03091,2025-09-08,Chicago,Minneapolis,FastShip,Economy,33.9,2025-09-11,2025-09-11,Clear,None
FTL-03092,2025-12-13,Atlanta,Boston,QuickMove,Express,34.6,2025-12-17,2025-12-17,Rain,None
FTL-03093,2025-08-12,Atlanta,Houston,LogiPro,Express,4.4,2025-08-17,2025-08-17,Clear,None
FTL-03094,2025-04-08,Atlanta,Dallas,LogiPro,Economy,8.4,2025-04-15,2025-04-16,Clear,Carrier delay
FTL-03095,2025-11-05,Atlanta,Miami,FastShip,Express,19.1,2025-11-12,2025-11-11,Clear,None
FTL-03096,2025-01-19,Phoenix,Houston,QuickMove,Express,42.3,2025-01-23,2025-01-24,Clear,Carrier delay
FTL-03097,2025-12-28,Atlanta,San Francisco,LogiPro,Economy,11.9,2026-01-04,2026-01-04,Clear,None
FTL-03098,2025-08-14,Chicago,Miami,QuickMove,Economy,29.5,2025-08-20,2025-08-21,Rain,Sorting error
FTL-03099,2025-09-20,Phoenix,Dallas,FastShip,Economy,13.1,2025-09-23,2025-09-23,Clear,None
FTL-03100,2025-04-08,Atlanta,Houston,QuickMove,Express,36.4,2025-04-13,2025-04-18,Fog,Carrier delay
FTL-03101,2025-03-10,Atlanta,Minneapolis,QuickMove,Express,37.9,2025-03-17,2025-03-21,Snow,Carrier delay
FTL-03102,2025-10-14,Chicago,Minneapolis,FastShip,Economy,27.8,2025-10-17,2025-10-17,Clear,None
FTL-03103,2025-04-24,Phoenix,Los Angeles,LogiPro,Economy,6.3,2025-04-30,2025-05-02,Clear,Sorting error
FTL-03104,2025-01-29,Phoenix,San Francisco,QuickMove,Economy,20.1,2025-02-01,2025-02-03,Snow,Carrier delay
FTL-03105,2025-06-14,Denver,Seattle,QuickMove,Express,3.4,2025-06-18,2025-06-17,Clear,None
FTL-03106,2025-05-05,Phoenix,Houston,FastShip,Economy,48.6,2025-05-08,2025-05-08,Clear,None
FTL-03107,2025-05-26,Chicago,New York,FastShip,Express,9.3,2025-05-29,2025-05-29,Clear,None
FTL-03108,2025-06-24,Atlanta,Houston,QuickMove,Express,49.1,2025-06-27,2025-06-30,Clear,Carrier delay
FTL-03109,2025-12-19,Denver,Los Angeles,QuickMove,Express,34.9,2025-12-26,2025-12-27,Clear,Carrier delay
FTL-03110,2025-01-16,Denver,San Francisco,QuickMove,Economy,18.5,2025-01-23,2025-01-26,Snow,Sorting error
FTL-03111,2025-02-16,Atlanta,Boston,QuickMove,Economy,15.0,2025-02-22,2025-02-21,Fog,None
FTL-03112,2025-01-15,Phoenix,Nashville,LogiPro,Economy,16.6,2025-01-20,2025-01-20,Clear,None
FTL-03113,2025-10-02,Atlanta,Houston,FastShip,Express,15.3,2025-10-07,2025-10-06,Clear,None
FTL-03114,2025-03-15,Atlanta,San Francisco,LogiPro,Economy,37.1,2025-03-18,2025-03-17,Clear,None
FTL-03115,2025-10-26,Phoenix,San Francisco,LogiPro,Express,19.5,2025-11-01,2025-10-31,Fog,None
FTL-03116,2025-01-23,Chicago,Nashville,QuickMove,Express,26.8,2025-01-30,2025-02-04,Rain,Weather disruption
FTL-03117,2025-06-07,Phoenix,Houston,QuickMove,Express,12.3,2025-06-10,2025-06-12,Rain,Carrier delay
FTL-03118,2025-01-27,Denver,Nashville,QuickMove,Express,30.4,2025-02-03,2025-02-02,Rain,None
FTL-03119,2025-08-01,Phoenix,Boston,LogiPro,Express,42.2,2025-08-04,2025-08-04,Clear,None
FTL-03120,2025-03-22,Denver,New York,LogiPro,Economy,33.8,2025-03-26,2025-03-26,Clear,None
FTL-03121,2025-10-25,Atlanta,San Francisco,FastShip,Economy,40.3,2025-10-31,2025-10-30,Rain,None
FTL-03122,2025-09-06,Chicago,Minneapolis,FastShip,Economy,9.7,2025-09-12,2025-09-12,Clear,None
FTL-03123,2025-06-15,Atlanta,Minneapolis,QuickMove,Express,26.6,2025-06-21,2025-06-26,Rain,Weather disruption
FTL-03124,2025-06-03,Chicago,Dallas,QuickMove,Express,12.7,2025-06-08,2025-06-07,Clear,None
FTL-03125,2025-09-11,Chicago,Nashville,LogiPro,Express,24.7,2025-09-18,2025-09-18,Clear,None
FTL-03126,2025-09-10,Chicago,Minneapolis,QuickMove,Express,43.8,2025-09-15,2025-09-15,Rain,None
FTL-03127,2025-12-17,Phoenix,Dallas,QuickMove,Economy,9.2,2025-12-20,2025-12-19,Snow,None
FTL-03128,2025-05-09,Chicago,Seattle,QuickMove,Express,10.1,2025-05-12,2025-05-12,Clear,None
FTL-03129,2025-07-07,Chicago,Houston,QuickMove,Economy,7.5,2025-07-13,2025-07-12,Rain,None
FTL-03130,2025-12-25,Atlanta,Nashville,QuickMove,Economy,37.4,2025-12-31,2025-12-30,Clear,None
FTL-03131,2025-11-19,Chicago,San Francisco,FastShip,Express,7.0,2025-11-26,2025-11-25,Fog,None
FTL-03132,2025-10-28,Phoenix,San Francisco,FastShip,Express,41.6,2025-10-31,2025-10-30,Clear,None
FTL-03133,2025-05-15,Atlanta,Nashville,LogiPro,Economy,1.1,2025-05-22,2025-05-21,Rain,None
FTL-03134,2025-01-11,Denver,Boston,LogiPro,Economy,39.9,2025-01-14,2025-01-14,Clear,None
FTL-03135,2025-03-16,Chicago,Boston,QuickMove,Economy,49.8,2025-03-22,2025-03-22,Clear,None
FTL-03136,2025-01-21,Atlanta,Nashville,QuickMove,Express,6.3,2025-01-26,2025-01-26,Clear,None
FTL-03137,2025-09-08,Denver,Los Angeles,LogiPro,Express,38.5,2025-09-14,2025-09-14,Rain,None
FTL-03138,2025-09-29,Phoenix,Houston,FastShip,Express,22.2,2025-10-02,2025-10-02,Rain,None
FTL-03139,2025-05-24,Denver,Seattle,QuickMove,Express,30.5,2025-05-30,2025-05-30,Rain,None
FTL-03140,2025-04-05,Phoenix,Miami,FastShip,Express,40.7,2025-04-11,2025-04-11,Rain,None
FTL-03141,2025-12-07,Denver,Boston,LogiPro,Economy,6.6,2025-12-10,2025-12-10,Clear,None
FTL-03142,2025-03-28,Denver,Los Angeles,LogiPro,Express,9.0,2025-04-01,2025-04-01,Snow,None
FTL-03143,2025-08-05,Denver,Seattle,FastShip,Express,21.1,2025-08-10,2025-08-10,Fog,None
FTL-03144,2025-12-27,Phoenix,New York,FastShip,Express,38.0,2026-01-03,2026-01-07,Clear,Warehouse processing
FTL-03145,2025-01-29,Phoenix,Nashville,FastShip,Economy,37.4,2025-02-03,2025-02-02,Clear,None
FTL-03146,2025-11-20,Denver,Seattle,QuickMove,Express,29.9,2025-11-23,2025-11-22,Fog,None
FTL-03147,2025-09-11,Denver,Los Angeles,QuickMove,Express,4.3,2025-09-17,2025-09-17,Clear,None
FTL-03148,2025-04-29,Phoenix,New York,QuickMove,Economy,7.4,2025-05-02,2025-05-02,Clear,None
FTL-03149,2025-06-08,Denver,Dallas,QuickMove,Express,13.4,2025-06-11,2025-06-11,Rain,None
FTL-03150,2025-09-13,Atlanta,New York,QuickMove,Express,5.2,2025-09-18,2025-09-21,Clear,Carrier delay
FTL-03151,2025-07-14,Denver,Miami,FastShip,Express,28.3,2025-07-17,2025-07-22,Clear,Carrier delay
FTL-03152,2025-10-03,Phoenix,Seattle,LogiPro,Economy,40.4,2025-10-06,2025-10-05,Fog,None
FTL-03153,2025-10-11,Phoenix,San Francisco,FastShip,Express,37.8,2025-10-14,2025-10-14,Clear,None
FTL-03154,2025-05-08,Denver,Boston,QuickMove,Economy,46.4,2025-05-14,2025-05-13,Rain,None
FTL-03155,2025-02-16,Chicago,Houston,FastShip,Economy,8.5,2025-02-22,2025-02-22,Fog,None
FTL-03156,2025-09-29,Atlanta,Los Angeles,LogiPro,Express,5.0,2025-10-04,2025-10-03,Clear,None
FTL-03157,2025-07-09,Chicago,Miami,LogiPro,Express,9.4,2025-07-12,2025-07-11,Clear,None
FTL-03158,2025-07-12,Chicago,Los Angeles,FastShip,Express,47.4,2025-07-16,2025-07-16,Rain,None
FTL-03159,2025-11-24,Chicago,Boston,LogiPro,Economy,8.4,2025-12-01,2025-11-30,Fog,None
FTL-03160,2025-04-22,Chicago,Boston,QuickMove,Economy,2.1,2025-04-25,2025-04-30,Rain,Carrier delay
FTL-03161,2025-08-25,Chicago,Seattle,FastShip,Economy,35.6,2025-08-28,2025-08-27,Snow,None
FTL-03162,2025-02-23,Chicago,New York,LogiPro,Economy,5.8,2025-02-26,2025-02-26,Clear,None
FTL-03163,2025-05-18,Chicago,Miami,QuickMove,Express,14.7,2025-05-24,2025-05-24,Clear,None
FTL-03164,2025-04-08,Chicago,Minneapolis,LogiPro,Express,25.6,2025-04-13,2025-04-12,Clear,None
FTL-03165,2025-12-18,Atlanta,New York,LogiPro,Express,41.1,2025-12-22,2025-12-22,Clear,None
FTL-03166,2025-07-11,Denver,Houston,LogiPro,Economy,26.7,2025-07-15,2025-07-14,Clear,None
FTL-03167,2025-01-05,Atlanta,Boston,LogiPro,Express,7.2,2025-01-09,2025-01-09,Rain,None
FTL-03168,2025-05-26,Atlanta,New York,QuickMove,Economy,6.0,2025-05-30,2025-06-02,Snow,Carrier delay
FTL-03169,2025-04-02,Phoenix,Los Angeles,FastShip,Express,34.2,2025-04-09,2025-04-08,Rain,None
FTL-03170,2025-04-03,Atlanta,San Francisco,FastShip,Economy,30.8,2025-04-10,2025-04-09,Rain,None
FTL-03171,2025-11-20,Phoenix,Dallas,QuickMove,Economy,32.2,2025-11-26,2025-11-25,Clear,None
FTL-03172,2025-03-07,Atlanta,Boston,QuickMove,Express,13.1,2025-03-11,2025-03-10,Snow,None
FTL-03173,2025-04-04,Denver,Boston,QuickMove,Express,5.7,2025-04-09,2025-04-08,Clear,None
FTL-03174,2025-05-25,Denver,Minneapolis,FastShip,Economy,42.3,2025-06-01,2025-05-31,Rain,None
FTL-03175,2025-05-07,Phoenix,New York,FastShip,Express,17.6,2025-05-12,2025-05-11,Clear,None
FTL-03176,2025-02-18,Chicago,Boston,LogiPro,Express,17.8,2025-02-22,2025-02-22,Rain,None
FTL-03177,2025-11-22,Chicago,Seattle,FastShip,Economy,47.5,2025-11-29,2025-11-29,Clear,None
FTL-03178,2025-12-06,Phoenix,San Francisco,FastShip,Economy,24.0,2025-12-09,2025-12-08,Clear,None
FTL-03179,2025-01-26,Chicago,Miami,FastShip,Economy,31.2,2025-02-02,2025-02-01,Snow,None
FTL-03180,2025-11-12,Denver,New York,QuickMove,Express,13.7,2025-11-18,2025-11-17,Clear,None
FTL-03181,2025-09-14,Atlanta,Nashville,FastShip,Economy,40.1,2025-09-18,2025-09-23,Clear,Address issue
FTL-03182,2025-07-04,Chicago,Minneapolis,FastShip,Economy,26.8,2025-07-11,2025-07-10,Snow,None
FTL-03183,2025-05-15,Denver,Nashville,FastShip,Economy,40.8,2025-05-18,2025-05-19,Clear,Vehicle breakdown
FTL-03184,2025-08-29,Chicago,Miami,QuickMove,Express,4.7,2025-09-03,2025-09-07,Clear,Carrier delay
FTL-03185,2025-04-17,Phoenix,New York,QuickMove,Express,44.7,2025-04-22,2025-04-27,Rain,Vehicle breakdown
FTL-03186,2025-08-14,Denver,Miami,LogiPro,Economy,19.8,2025-08-18,2025-08-18,Clear,None
FTL-03187,2025-04-25,Phoenix,Dallas,QuickMove,Economy,8.1,2025-04-29,2025-05-04,Fog,Carrier delay
FTL-03188,2025-08-10,Denver,Seattle,LogiPro,Economy,6.2,2025-08-17,2025-08-17,Snow,None
FTL-03189,2025-07-22,Chicago,Seattle,FastShip,Express,11.2,2025-07-28,2025-07-28,Clear,None
FTL-03190,2025-07-25,Atlanta,Minneapolis,FastShip,Express,25.7,2025-07-28,2025-07-28,Rain,None
FTL-03191,2025-09-12,Denver,Los Angeles,LogiPro,Express,26.5,2025-09-18,2025-09-18,Fog,None
FTL-03192,2025-03-31,Chicago,Seattle,QuickMove,Economy,44.9,2025-04-07,2025-04-10,Snow,Vehicle breakdown
FTL-03193,2025-01-11,Phoenix,Boston,FastShip,Express,28.7,2025-01-16,2025-01-21,Clear,Carrier delay
FTL-03194,2025-11-07,Chicago,Boston,QuickMove,Economy,30.3,2025-11-11,2025-11-10,Snow,None
FTL-03195,2025-07-08,Phoenix,Boston,QuickMove,Economy,47.8,2025-07-11,2025-07-14,Rain,Carrier delay
FTL-03196,2025-04-20,Denver,Los Angeles,LogiPro,Express,43.1,2025-04-27,2025-04-27,Clear,None
FTL-03197,2025-12-20,Phoenix,Minneapolis,QuickMove,Express,13.4,2025-12-26,2025-12-28,Clear,Address issue
FTL-03198,2025-12-02,Denver,Nashville,LogiPro,Express,26.0,2025-12-08,2025-12-07,Fog,None
FTL-03199,2025-02-17,Chicago,New York,FastShip,Economy,38.0,2025-02-23,2025-02-22,Snow,None
FTL-03200,2025-11-22,Chicago,Dallas,QuickMove,Express,39.4,2025-11-26,2025-11-27,Rain,Carrier delay
FTL-03201,2025-01-02,Atlanta,Houston,LogiPro,Economy,26.4,2025-01-05,2025-01-04,Clear,None
FTL-03202,2025-02-07,Chicago,New York,QuickMove,Economy,49.2,2025-02-14,2025-02-14,Fog,None
FTL-03203,2025-01-11,Chicago,Houston,LogiPro,Express,5.0,2025-01-16,2025-01-21,Clear,Warehouse processing
FTL-03204,2025-01-28,Denver,Houston,LogiPro,Express,22.5,2025-02-03,2025-02-03,Rain,None
FTL-03205,2025-11-19,Atlanta,Miami,QuickMove,Express,35.9,2025-11-25,2025-11-27,Rain,Carrier delay
FTL-03206,2025-07-04,Phoenix,Minneapolis,FastShip,Express,15.9,2025-07-08,2025-07-07,Clear,None
FTL-03207,2025-04-16,Phoenix,Miami,LogiPro,Economy,41.7,2025-04-19,2025-04-19,Clear,None
FTL-03208,2025-05-28,Phoenix,New York,FastShip,Economy,45.6,2025-05-31,2025-05-31,Clear,None
FTL-03209,2025-02-24,Denver,Los Angeles,FastShip,Economy,26.7,2025-03-03,2025-03-02,Snow,None
FTL-03210,2025-12-02,Phoenix,New York,LogiPro,Express,42.3,2025-12-07,2025-12-07,Clear,None
FTL-03211,2025-11-21,Chicago,Dallas,LogiPro,Express,40.9,2025-11-25,2025-11-24,Snow,None
FTL-03212,2025-09-24,Denver,Seattle,LogiPro,Express,22.9,2025-09-28,2025-09-28,Rain,None
FTL-03213,2025-06-23,Atlanta,Miami,QuickMove,Express,18.7,2025-06-28,2025-06-28,Clear,None
FTL-03214,2025-10-22,Phoenix,Miami,FastShip,Economy,8.8,2025-10-27,2025-11-01,Clear,Carrier delay
FTL-03215,2025-07-31,Atlanta,Dallas,LogiPro,Economy,21.4,2025-08-07,2025-08-06,Rain,None
FTL-03216,2025-09-09,Phoenix,Houston,LogiPro,Express,40.5,2025-09-13,2025-09-14,Fog,Carrier delay
FTL-03217,2025-05-23,Denver,Miami,QuickMove,Economy,37.6,2025-05-29,2025-06-03,Rain,Weather disruption
FTL-03218,2025-02-13,Chicago,Los Angeles,QuickMove,Express,1.2,2025-02-16,2025-02-16,Clear,None
FTL-03219,2025-04-06,Chicago,Boston,QuickMove,Economy,37.1,2025-04-09,2025-04-11,Rain,Carrier delay
FTL-03220,2025-01-06,Chicago,Miami,LogiPro,Express,36.2,2025-01-11,2025-01-10,Snow,None
FTL-03221,2025-04-30,Atlanta,Miami,QuickMove,Economy,25.0,2025-05-04,2025-05-03,Fog,None
FTL-03222,2025-02-26,Chicago,Miami,FastShip,Express,46.1,2025-03-05,2025-03-04,Snow,None
FTL-03223,2025-10-16,Denver,Miami,QuickMove,Express,43.8,2025-10-21,2025-10-20,Clear,None
FTL-03224,2025-01-15,Phoenix,Dallas,FastShip,Economy,16.9,2025-01-20,2025-01-20,Snow,None
FTL-03225,2025-07-04,Denver,Miami,QuickMove,Economy,47.8,2025-07-08,2025-07-07,Snow,None
FTL-03226,2025-08-02,Phoenix,Minneapolis,LogiPro,Express,2.6,2025-08-08,2025-08-09,Clear,Sorting error
FTL-03227,2025-06-19,Atlanta,Dallas,FastShip,Economy,23.1,2025-06-23,2025-06-23,Rain,None
FTL-03228,2025-04-24,Denver,Minneapolis,QuickMove,Express,5.5,2025-04-29,2025-05-03,Clear,Carrier delay
FTL-03229,2025-02-02,Denver,Seattle,FastShip,Express,4.3,2025-02-05,2025-02-05,Snow,None
FTL-03230,2025-12-24,Atlanta,Miami,QuickMove,Economy,21.5,2025-12-27,2025-12-31,Clear,Carrier delay
FTL-03231,2025-01-16,Phoenix,Boston,LogiPro,Economy,43.2,2025-01-21,2025-01-21,Snow,None
FTL-03232,2025-06-02,Phoenix,Dallas,QuickMove,Express,45.8,2025-06-06,2025-06-11,Clear,Sorting error
FTL-03233,2025-01-05,Denver,Dallas,FastShip,Express,6.7,2025-01-10,2025-01-09,Snow,None
FTL-03234,2025-06-16,Chicago,Seattle,FastShip,Economy,15.6,2025-06-22,2025-06-21,Clear,None
FTL-03235,2025-04-25,Chicago,Nashville,QuickMove,Economy,32.6,2025-04-28,2025-04-30,Snow,Carrier delay
FTL-03236,2025-01-30,Phoenix,Minneapolis,FastShip,Economy,26.0,2025-02-03,2025-02-03,Rain,None
FTL-03237,2025-01-17,Atlanta,Nashville,QuickMove,Express,45.9,2025-01-20,2025-01-20,Clear,None
FTL-03238,2025-05-24,Chicago,Dallas,QuickMove,Economy,16.8,2025-05-27,2025-05-27,Clear,None
FTL-03239,2025-07-15,Chicago,San Francisco,LogiPro,Economy,9.1,2025-07-22,2025-07-22,Clear,None
FTL-03240,2025-06-25,Phoenix,Houston,LogiPro,Economy,23.2,2025-07-01,2025-07-01,Clear,None
FTL-03241,2025-03-10,Denver,Minneapolis,FastShip,Express,44.7,2025-03-14,2025-03-13,Snow,None
FTL-03242,2025-08-10,Chicago,Minneapolis,FastShip,Express,46.1,2025-08-13,2025-08-13,Rain,None
FTL-03243,2025-10-20,Phoenix,Houston,QuickMove,Express,25.5,2025-10-23,2025-10-22,Clear,None
FTL-03244,2025-11-05,Denver,Nashville,LogiPro,Economy,44.1,2025-11-08,2025-11-08,Snow,None
FTL-03245,2025-05-21,Atlanta,Houston,QuickMove,Express,15.7,2025-05-28,2025-05-27,Clear,None
FTL-03246,2025-10-29,Denver,Houston,QuickMove,Express,38.0,2025-11-05,2025-11-04,Rain,None
FTL-03247,2025-04-02,Phoenix,Dallas,QuickMove,Economy,31.6,2025-04-07,2025-04-06,Clear,None
FTL-03248,2025-01-01,Denver,Los Angeles,QuickMove,Express,31.8,2025-01-04,2025-01-03,Snow,None
FTL-03249,2025-11-05,Chicago,San Francisco,LogiPro,Express,22.7,2025-11-10,2025-11-09,Snow,None
FTL-03250,2025-09-02,Phoenix,Boston,QuickMove,Economy,25.6,2025-09-07,2025-09-10,Clear,Sorting error
FTL-03251,2025-05-31,Chicago,Dallas,QuickMove,Express,37.8,2025-06-06,2025-06-05,Rain,None
FTL-03252,2025-01-14,Denver,Miami,FastShip,Express,4.4,2025-01-19,2025-01-21,Clear,Carrier delay
FTL-03253,2025-01-11,Denver,Houston,FastShip,Economy,37.6,2025-01-14,2025-01-14,Clear,None
FTL-03254,2025-03-26,Denver,Los Angeles,QuickMove,Express,36.0,2025-03-31,2025-04-05,Fog,Carrier delay
FTL-03255,2025-03-01,Atlanta,Boston,LogiPro,Express,16.4,2025-03-04,2025-03-03,Clear,None
FTL-03256,2025-03-24,Chicago,New York,QuickMove,Economy,9.4,2025-03-28,2025-03-28,Clear,None
FTL-03257,2025-06-27,Atlanta,Houston,QuickMove,Express,18.8,2025-07-02,2025-07-02,Clear,None
FTL-03258,2025-09-27,Denver,Nashville,QuickMove,Economy,37.6,2025-10-02,2025-10-01,Clear,None
FTL-03259,2025-04-07,Chicago,Houston,LogiPro,Express,49.6,2025-04-12,2025-04-12,Fog,None
FTL-03260,2025-04-16,Phoenix,Houston,LogiPro,Express,19.2,2025-04-23,2025-04-22,Clear,None
FTL-03261,2025-11-28,Denver,Boston,LogiPro,Economy,35.6,2025-12-02,2025-12-01,Rain,None
FTL-03262,2025-07-26,Chicago,Houston,LogiPro,Express,17.4,2025-07-31,2025-07-30,Rain,None
FTL-03263,2025-06-09,Chicago,Boston,FastShip,Economy,6.5,2025-06-13,2025-06-12,Fog,None
FTL-03264,2025-09-13,Denver,Los Angeles,LogiPro,Express,19.5,2025-09-16,2025-09-16,Clear,None
FTL-03265,2025-08-25,Chicago,New York,LogiPro,Express,16.9,2025-08-29,2025-08-31,Snow,Warehouse processing
FTL-03266,2025-12-19,Atlanta,New York,FastShip,Express,5.8,2025-12-25,2025-12-30,Clear,Address issue
FTL-03267,2025-11-16,Chicago,San Francisco,LogiPro,Economy,23.0,2025-11-22,2025-11-22,Rain,None
FTL-03268,2025-10-20,Atlanta,New York,QuickMove,Economy,31.8,2025-10-25,2025-10-25,Clear,None
FTL-03269,2025-12-07,Atlanta,Los Angeles,QuickMove,Express,18.2,2025-12-11,2025-12-11,Rain,None
FTL-03270,2025-05-31,Phoenix,Nashville,FastShip,Express,16.4,2025-06-05,2025-06-05,Snow,None
FTL-03271,2025-11-06,Atlanta,San Francisco,QuickMove,Economy,4.8,2025-11-10,2025-11-12,Rain,Carrier delay
FTL-03272,2025-12-01,Denver,Dallas,QuickMove,Express,35.6,2025-12-05,2025-12-08,Clear,Weather disruption
FTL-03273,2025-02-28,Chicago,Miami,FastShip,Economy,3.7,2025-03-05,2025-03-04,Snow,None
FTL-03274,2025-06-08,Denver,Nashville,FastShip,Economy,14.9,2025-06-15,2025-06-15,Rain,None
FTL-03275,2025-09-08,Atlanta,Minneapolis,FastShip,Economy,27.7,2025-09-13,2025-09-12,Rain,None
FTL-03276,2025-04-06,Phoenix,Los Angeles,QuickMove,Economy,14.7,2025-04-11,2025-04-11,Clear,None
FTL-03277,2025-10-20,Atlanta,Seattle,FastShip,Express,28.2,2025-10-24,2025-10-24,Clear,None
FTL-03278,2025-01-27,Atlanta,Los Angeles,QuickMove,Economy,47.6,2025-01-30,2025-01-30,Clear,None
FTL-03279,2025-01-02,Chicago,Los Angeles,QuickMove,Economy,3.5,2025-01-07,2025-01-06,Snow,None
FTL-03280,2025-03-22,Denver,Minneapolis,QuickMove,Economy,4.0,2025-03-28,2025-03-28,Clear,None
FTL-03281,2025-11-08,Chicago,New York,FastShip,Economy,44.8,2025-11-13,2025-11-13,Clear,None
FTL-03282,2025-05-31,Chicago,Miami,LogiPro,Express,6.8,2025-06-04,2025-06-04,Clear,None
FTL-03283,2025-12-28,Phoenix,Nashville,FastShip,Economy,25.0,2026-01-03,2026-01-03,Rain,None
FTL-03284,2025-11-27,Chicago,Minneapolis,FastShip,Economy,37.5,2025-11-30,2025-11-30,Snow,None
FTL-03285,2025-11-17,Denver,San Francisco,LogiPro,Express,45.7,2025-11-23,2025-11-22,Rain,None
FTL-03286,2025-10-27,Chicago,Dallas,FastShip,Express,12.2,2025-10-31,2025-10-30,Fog,None
FTL-03287,2025-12-20,Chicago,San Francisco,QuickMove,Express,48.1,2025-12-24,2025-12-24,Clear,None
FTL-03288,2025-04-23,Chicago,Nashville,FastShip,Express,30.4,2025-04-27,2025-04-26,Clear,None
FTL-03289,2025-10-18,Phoenix,New York,QuickMove,Express,29.7,2025-10-24,2025-10-29,Clear,Carrier delay
FTL-03290,2025-11-12,Chicago,Miami,QuickMove,Express,30.3,2025-11-18,2025-11-17,Rain,None
FTL-03291,2025-05-06,Atlanta,Miami,LogiPro,Economy,41.8,2025-05-12,2025-05-11,Rain,None
FTL-03292,2025-04-22,Phoenix,Los Angeles,FastShip,Express,48.2,2025-04-25,2025-04-25,Fog,None
FTL-03293,2025-02-28,Chicago,Nashville,LogiPro,Express,28.8,2025-03-05,2025-03-05,Rain,None
FTL-03294,2025-07-20,Atlanta,Seattle,FastShip,Economy,48.4,2025-07-23,2025-07-22,Rain,None
FTL-03295,2025-07-28,Chicago,Nashville,QuickMove,Economy,30.3,2025-08-01,2025-08-05,Clear,Vehicle breakdown
FTL-03296,2025-04-23,Atlanta,Minneapolis,LogiPro,Economy,48.9,2025-04-29,2025-04-29,Clear,None
FTL-03297,2025-04-18,Denver,Minneapolis,QuickMove,Express,16.5,2025-04-25,2025-04-26,Clear,Carrier delay
FTL-03298,2025-08-19,Atlanta,Minneapolis,FastShip,Express,6.8,2025-08-26,2025-08-25,Rain,None
FTL-03299,2025-02-07,Phoenix,Miami,FastShip,Express,33.3,2025-02-12,2025-02-11,Snow,None
FTL-03300,2025-02-09,Denver,Boston,QuickMove,Express,12.3,2025-02-16,2025-02-16,Snow,None
FTL-03301,2025-12-30,Atlanta,Dallas,FastShip,Economy,34.7,2026-01-04,2026-01-03,Clear,None
FTL-03302,2025-06-14,Phoenix,Seattle,QuickMove,Express,22.8,2025-06-19,2025-06-18,Rain,None
FTL-03303,2025-08-17,Atlanta,New York,FastShip,Economy,33.4,2025-08-22,2025-08-27,Clear,Weather disruption
FTL-03304,2025-11-11,Phoenix,Dallas,QuickMove,Express,37.6,2025-11-14,2025-11-13,Clear,None
FTL-03305,2025-12-03,Denver,Los Angeles,QuickMove,Express,9.7,2025-12-07,2025-12-06,Snow,None
FTL-03306,2025-02-06,Atlanta,Seattle,FastShip,Express,9.9,2025-02-11,2025-02-11,Clear,None
FTL-03307,2025-11-01,Chicago,Los Angeles,QuickMove,Economy,31.0,2025-11-05,2025-11-07,Clear,Carrier delay
FTL-03308,2025-09-04,Phoenix,Nashville,QuickMove,Economy,47.1,2025-09-09,2025-09-13,Rain,Carrier delay
FTL-03309,2025-11-06,Atlanta,Minneapolis,LogiPro,Economy,16.7,2025-11-12,2025-11-12,Snow,None
FTL-03310,2025-03-24,Denver,Nashville,LogiPro,Express,23.4,2025-03-27,2025-03-26,Snow,None
FTL-03311,2025-11-28,Denver,Houston,FastShip,Economy,23.8,2025-12-01,2025-12-02,Snow,Weather disruption
FTL-03312,2025-05-01,Denver,Miami,QuickMove,Economy,13.7,2025-05-04,2025-05-07,Clear,Carrier delay
FTL-03313,2025-09-08,Chicago,Boston,QuickMove,Economy,3.3,2025-09-11,2025-09-16,Fog,Vehicle breakdown
FTL-03314,2025-12-07,Chicago,Houston,FastShip,Express,32.0,2025-12-14,2025-12-14,Snow,None
FTL-03315,2025-01-01,Chicago,Miami,FastShip,Express,27.3,2025-01-08,2025-01-08,Fog,None
FTL-03316,2025-01-09,Atlanta,Los Angeles,QuickMove,Express,16.8,2025-01-12,2025-01-14,Clear,Carrier delay
FTL-03317,2025-06-04,Chicago,Seattle,FastShip,Economy,29.6,2025-06-10,2025-06-11,Clear,Carrier delay
FTL-03318,2025-09-28,Denver,Miami,FastShip,Express,47.3,2025-10-02,2025-10-01,Fog,None
FTL-03319,2025-09-24,Atlanta,Los Angeles,FastShip,Economy,49.0,2025-09-29,2025-09-29,Rain,None
FTL-03320,2025-03-29,Chicago,Nashville,QuickMove,Express,48.8,2025-04-03,2025-04-03,Fog,None
FTL-03321,2025-01-15,Phoenix,Nashville,QuickMove,Express,22.9,2025-01-18,2025-01-17,Clear,None
FTL-03322,2025-03-05,Atlanta,Minneapolis,LogiPro,Economy,26.1,2025-03-10,2025-03-09,Clear,None
FTL-03323,2025-12-05,Atlanta,San Francisco,QuickMove,Express,7.5,2025-12-10,2025-12-13,Snow,Vehicle breakdown
FTL-03324,2025-03-24,Atlanta,Minneapolis,QuickMove,Express,45.5,2025-03-30,2025-04-04,Clear,Vehicle breakdown
FTL-03325,2025-09-16,Chicago,Seattle,FastShip,Economy,34.4,2025-09-20,2025-09-19,Clear,None
FTL-03326,2025-10-16,Denver,Dallas,QuickMove,Express,9.8,2025-10-19,2025-10-18,Rain,None
FTL-03327,2025-09-04,Denver,Seattle,QuickMove,Economy,11.8,2025-09-10,2025-09-10,Rain,None
FTL-03328,2025-01-03,Atlanta,Houston,FastShip,Express,2.6,2025-01-08,2025-01-12,Snow,Carrier delay
FTL-03329,2025-01-25,Atlanta,Los Angeles,LogiPro,Economy,47.3,2025-01-30,2025-01-30,Clear,None
FTL-03330,2025-07-03,Chicago,Minneapolis,FastShip,Express,22.4,2025-07-09,2025-07-09,Rain,None
FTL-03331,2025-06-21,Denver,Miami,QuickMove,Economy,35.1,2025-06-27,2025-06-29,Fog,Carrier delay
FTL-03332,2025-05-11,Atlanta,New York,QuickMove,Express,19.3,2025-05-16,2025-05-16,Clear,None
FTL-03333,2025-08-08,Phoenix,Houston,FastShip,Express,44.5,2025-08-11,2025-08-11,Clear,None
FTL-03334,2025-12-31,Chicago,Seattle,FastShip,Express,17.3,2026-01-07,2026-01-07,Rain,None
FTL-03335,2025-03-18,Phoenix,Los Angeles,FastShip,Economy,47.8,2025-03-21,2025-03-22,Snow,Address issue
FTL-03336,2025-12-08,Atlanta,Boston,QuickMove,Economy,21.5,2025-12-11,2025-12-11,Clear,None
FTL-03337,2025-08-29,Chicago,Nashville,FastShip,Economy,15.2,2025-09-03,2025-09-05,Clear,Customs hold
FTL-03338,2025-09-13,Atlanta,Los Angeles,FastShip,Economy,8.2,2025-09-20,2025-09-21,Clear,Carrier delay
FTL-03339,2025-11-10,Phoenix,New York,QuickMove,Express,21.5,2025-11-16,2025-11-20,Clear,Weather disruption
FTL-03340,2025-11-28,Chicago,Los Angeles,LogiPro,Economy,11.3,2025-12-02,2025-12-02,Fog,None
FTL-03341,2025-01-12,Atlanta,Houston,FastShip,Express,43.8,2025-01-17,2025-01-17,Fog,None
FTL-03342,2025-04-27,Atlanta,Miami,FastShip,Economy,31.8,2025-04-30,2025-04-30,Clear,None
FTL-03343,2025-04-12,Chicago,Miami,QuickMove,Express,6.0,2025-04-18,2025-04-17,Clear,None
FTL-03344,2025-11-19,Phoenix,Minneapolis,QuickMove,Express,41.8,2025-11-23,2025-11-23,Snow,None
FTL-03345,2025-09-27,Atlanta,Boston,QuickMove,Express,28.2,2025-10-04,2025-10-04,Rain,None
FTL-03346,2025-01-31,Atlanta,Dallas,FastShip,Express,43.1,2025-02-03,2025-02-03,Rain,None
FTL-03347,2025-12-21,Atlanta,San Francisco,FastShip,Express,49.0,2025-12-24,2025-12-23,Snow,None
FTL-03348,2025-06-02,Chicago,Boston,FastShip,Economy,13.2,2025-06-05,2025-06-05,Fog,None
FTL-03349,2025-03-30,Denver,Los Angeles,FastShip,Economy,9.6,2025-04-06,2025-04-06,Rain,None
FTL-03350,2025-08-08,Atlanta,Nashville,FastShip,Economy,48.2,2025-08-12,2025-08-12,Rain,None
FTL-03351,2025-01-02,Phoenix,Nashville,FastShip,Economy,23.1,2025-01-08,2025-01-08,Clear,None
FTL-03352,2025-04-07,Denver,New York,QuickMove,Express,3.3,2025-04-14,2025-04-14,Rain,None
FTL-03353,2025-11-30,Denver,Los Angeles,FastShip,Express,36.6,2025-12-03,2025-12-02,Rain,None
FTL-03354,2025-12-03,Atlanta,Boston,QuickMove,Economy,24.2,2025-12-10,2025-12-09,Clear,None
FTL-03355,2025-02-09,Phoenix,Seattle,QuickMove,Economy,3.6,2025-02-16,2025-02-16,Clear,None
FTL-03356,2025-01-01,Phoenix,Boston,FastShip,Economy,16.0,2025-01-08,2025-01-08,Rain,None
FTL-03357,2025-11-02,Chicago,Houston,QuickMove,Express,23.9,2025-11-08,2025-11-11,Snow,Weather disruption
FTL-03358,2025-11-26,Denver,Minneapolis,QuickMove,Economy,47.4,2025-12-02,2025-12-02,Clear,None
FTL-03359,2025-11-28,Chicago,Miami,QuickMove,Express,40.5,2025-12-01,2025-12-05,Snow,Carrier delay
FTL-03360,2025-04-04,Phoenix,Los Angeles,LogiPro,Express,48.2,2025-04-11,2025-04-10,Clear,None
FTL-03361,2025-04-11,Chicago,Minneapolis,LogiPro,Express,24.3,2025-04-14,2025-04-13,Clear,None
FTL-03362,2025-04-09,Atlanta,Seattle,QuickMove,Express,35.1,2025-04-12,2025-04-12,Clear,None
FTL-03363,2025-06-14,Denver,San Francisco,LogiPro,Express,26.8,2025-06-20,2025-06-20,Clear,None
FTL-03364,2025-10-24,Atlanta,Boston,FastShip,Economy,49.6,2025-10-28,2025-10-27,Clear,None
FTL-03365,2025-10-02,Phoenix,Nashville,FastShip,Express,37.0,2025-10-07,2025-10-06,Clear,None
FTL-03366,2025-11-02,Atlanta,Los Angeles,FastShip,Express,33.9,2025-11-08,2025-11-11,Snow,Customs hold
FTL-03367,2025-01-29,Phoenix,Boston,LogiPro,Economy,40.6,2025-02-04,2025-02-03,Clear,None
FTL-03368,2025-11-13,Chicago,Nashville,LogiPro,Economy,8.3,2025-11-18,2025-11-17,Snow,None
FTL-03369,2025-04-07,Denver,Seattle,FastShip,Express,7.9,2025-04-11,2025-04-11,Clear,None
FTL-03370,2025-05-28,Denver,Houston,QuickMove,Economy,38.6,2025-06-03,2025-06-02,Clear,None
FTL-03371,2025-01-12,Denver,Seattle,QuickMove,Economy,25.0,2025-01-15,2025-01-18,Rain,Address issue
FTL-03372,2025-12-25,Atlanta,Minneapolis,QuickMove,Economy,1.8,2025-12-30,2026-01-03,Snow,Carrier delay
FTL-03373,2025-07-25,Atlanta,San Francisco,LogiPro,Economy,43.2,2025-08-01,2025-07-31,Clear,None
FTL-03374,2025-06-18,Chicago,Los Angeles,FastShip,Express,20.7,2025-06-24,2025-06-23,Snow,None
FTL-03375,2025-05-20,Phoenix,Seattle,QuickMove,Express,26.0,2025-05-23,2025-05-23,Rain,None
FTL-03376,2025-01-30,Chicago,Los Angeles,QuickMove,Express,12.0,2025-02-06,2025-02-06,Rain,None
FTL-03377,2025-02-20,Chicago,Miami,FastShip,Express,4.8,2025-02-26,2025-02-25,Snow,None
FTL-03378,2025-06-12,Phoenix,Minneapolis,FastShip,Economy,21.7,2025-06-19,2025-06-18,Rain,None
FTL-03379,2025-04-10,Phoenix,Boston,LogiPro,Economy,15.5,2025-04-15,2025-04-19,Rain,Warehouse processing
FTL-03380,2025-05-31,Chicago,Los Angeles,QuickMove,Economy,46.2,2025-06-06,2025-06-08,Snow,Vehicle breakdown
FTL-03381,2025-05-22,Atlanta,Los Angeles,FastShip,Economy,25.7,2025-05-28,2025-05-27,Rain,None
FTL-03382,2025-06-04,Chicago,Boston,FastShip,Express,13.1,2025-06-11,2025-06-10,Snow,None
FTL-03383,2025-10-13,Denver,Minneapolis,LogiPro,Express,25.7,2025-10-16,2025-10-17,Clear,Warehouse processing
FTL-03384,2025-06-19,Denver,Houston,FastShip,Economy,32.9,2025-06-23,2025-06-25,Clear,Carrier delay
FTL-03385,2025-04-24,Atlanta,Dallas,FastShip,Express,3.4,2025-05-01,2025-05-01,Clear,None
FTL-03386,2025-08-02,Chicago,Dallas,LogiPro,Economy,39.5,2025-08-07,2025-08-06,Clear,None
FTL-03387,2025-03-22,Denver,Seattle,FastShip,Economy,20.1,2025-03-27,2025-03-27,Snow,None
FTL-03388,2025-10-16,Denver,Nashville,FastShip,Express,23.2,2025-10-20,2025-10-19,Clear,None
FTL-03389,2025-02-09,Chicago,Dallas,FastShip,Economy,41.2,2025-02-16,2025-02-15,Fog,None
FTL-03390,2025-07-30,Chicago,Nashville,FastShip,Express,26.2,2025-08-05,2025-08-05,Clear,None
FTL-03391,2025-12-05,Chicago,Boston,LogiPro,Economy,27.5,2025-12-10,2025-12-09,Snow,None
FTL-03392,2025-11-30,Phoenix,Houston,FastShip,Express,45.3,2025-12-07,2025-12-10,Clear,Sorting error
FTL-03393,2025-08-08,Denver,Seattle,LogiPro,Express,49.3,2025-08-14,2025-08-14,Clear,None
FTL-03394,2025-05-28,Atlanta,Houston,FastShip,Economy,39.4,2025-05-31,2025-05-31,Fog,None
FTL-03395,2025-12-13,Chicago,Dallas,FastShip,Express,30.0,2025-12-19,2025-12-20,Clear,Vehicle breakdown
FTL-03396,2025-10-30,Chicago,New York,QuickMove,Express,31.3,2025-11-02,2025-11-03,Clear,Vehicle breakdown
FTL-03397,2025-10-28,Denver,San Francisco,QuickMove,Economy,24.0,2025-11-03,2025-11-02,Rain,None
FTL-03398,2025-06-24,Chicago,San Francisco,FastShip,Economy,25.0,2025-06-28,2025-06-27,Fog,None
FTL-03399,2025-03-31,Denver,Miami,FastShip,Economy,8.2,2025-04-05,2025-04-04,Snow,None
FTL-03400,2025-12-06,Chicago,Los Angeles,FastShip,Economy,39.3,2025-12-09,2025-12-09,Rain,None
FTL-03401,2025-04-29,Atlanta,Seattle,FastShip,Economy,22.6,2025-05-05,2025-05-05,Clear,None
FTL-03402,2025-02-10,Phoenix,Nashville,FastShip,Economy,24.2,2025-02-14,2025-02-14,Clear,None
FTL-03403,2025-02-06,Chicago,Boston,LogiPro,Economy,39.4,2025-02-09,2025-02-08,Snow,None
FTL-03404,2025-06-22,Chicago,Boston,LogiPro,Economy,35.5,2025-06-29,2025-06-28,Clear,None
FTL-03405,2025-12-07,Chicago,Los Angeles,LogiPro,Express,48.6,2025-12-10,2025-12-09,Clear,None
FTL-03406,2025-08-25,Denver,San Francisco,QuickMove,Express,26.2,2025-08-28,2025-08-28,Fog,None
FTL-03407,2025-03-25,Phoenix,Minneapolis,QuickMove,Express,5.0,2025-03-28,2025-03-27,Clear,None
FTL-03408,2025-02-28,Atlanta,San Francisco,QuickMove,Express,8.7,2025-03-05,2025-03-09,Fog,Sorting error
FTL-03409,2025-10-24,Atlanta,San Francisco,QuickMove,Economy,46.9,2025-10-30,2025-10-29,Clear,None
FTL-03410,2025-09-12,Chicago,Minneapolis,LogiPro,Express,29.4,2025-09-17,2025-09-17,Clear,None
FTL-03411,2025-04-28,Phoenix,Seattle,QuickMove,Express,18.1,2025-05-01,2025-05-01,Clear,None
FTL-03412,2025-06-01,Denver,Miami,FastShip,Economy,44.9,2025-06-05,2025-06-05,Rain,None
FTL-03413,2025-01-04,Chicago,Miami,QuickMove,Economy,49.7,2025-01-11,2025-01-14,Clear,Carrier delay
FTL-03414,2025-09-16,Chicago,Nashville,QuickMove,Economy,39.8,2025-09-20,2025-09-24,Clear,Carrier delay
FTL-03415,2025-01-01,Chicago,Miami,FastShip,Express,28.8,2025-01-04,2025-01-03,Clear,None
FTL-03416,2025-05-01,Denver,Miami,QuickMove,Economy,30.3,2025-05-06,2025-05-06,Rain,None
FTL-03417,2025-11-11,Denver,San Francisco,FastShip,Economy,23.3,2025-11-16,2025-11-15,Fog,None
FTL-03418,2025-09-19,Denver,Houston,FastShip,Express,31.2,2025-09-23,2025-09-25,Clear,Carrier delay
FTL-03419,2025-09-14,Chicago,Nashville,QuickMove,Express,7.3,2025-09-18,2025-09-20,Clear,Carrier delay
FTL-03420,2025-08-24,Atlanta,Miami,QuickMove,Economy,30.5,2025-08-27,2025-08-31,Clear,Carrier delay
FTL-03421,2025-09-06,Phoenix,Seattle,FastShip,Express,19.6,2025-09-11,2025-09-11,Clear,None
FTL-03422,2025-03-16,Denver,Seattle,QuickMove,Economy,22.8,2025-03-23,2025-03-22,Clear,None
FTL-03423,2025-10-22,Phoenix,Boston,FastShip,Economy,42.6,2025-10-27,2025-10-26,Clear,None
FTL-03424,2025-06-29,Atlanta,New York,LogiPro,Economy,24.1,2025-07-06,2025-07-05,Fog,None
FTL-03425,2025-02-20,Phoenix,San Francisco,QuickMove,Economy,23.2,2025-02-24,2025-02-25,Rain,Carrier delay
FTL-03426,2025-02-24,Atlanta,Boston,FastShip,Economy,43.1,2025-02-28,2025-02-27,Rain,None
FTL-03427,2025-01-04,Denver,Los Angeles,LogiPro,Express,31.9,2025-01-07,2025-01-07,Clear,None
FTL-03428,2025-10-16,Atlanta,Houston,FastShip,Express,12.5,2025-10-19,2025-10-18,Fog,None
FTL-03429,2025-06-14,Atlanta,San Francisco,QuickMove,Economy,32.9,2025-06-20,2025-06-24,Fog,Sorting error
FTL-03430,2025-10-20,Atlanta,San Francisco,QuickMove,Express,47.5,2025-10-26,2025-10-25,Rain,None
FTL-03431,2025-02-20,Chicago,Seattle,QuickMove,Economy,40.5,2025-02-24,2025-02-23,Snow,None
FTL-03432,2025-09-04,Phoenix,New York,FastShip,Express,13.1,2025-09-10,2025-09-10,Rain,None
FTL-03433,2025-12-09,Chicago,Houston,QuickMove,Economy,3.5,2025-12-13,2025-12-13,Snow,None
FTL-03434,2025-05-25,Chicago,San Francisco,QuickMove,Express,18.3,2025-05-29,2025-05-29,Rain,None
FTL-03435,2025-05-08,Phoenix,San Francisco,FastShip,Economy,30.1,2025-05-11,2025-05-11,Clear,None
FTL-03436,2025-01-28,Atlanta,Los Angeles,LogiPro,Economy,34.6,2025-02-04,2025-02-05,Fog,Vehicle breakdown
FTL-03437,2025-03-29,Phoenix,New York,FastShip,Economy,15.4,2025-04-04,2025-04-03,Snow,None
FTL-03438,2025-03-25,Phoenix,New York,LogiPro,Economy,18.6,2025-03-30,2025-03-29,Fog,None
FTL-03439,2025-04-26,Phoenix,Dallas,QuickMove,Economy,11.0,2025-04-29,2025-04-29,Fog,None
FTL-03440,2025-07-05,Atlanta,Dallas,FastShip,Economy,44.7,2025-07-10,2025-07-10,Clear,None
FTL-03441,2025-07-06,Denver,New York,FastShip,Express,26.1,2025-07-10,2025-07-10,Clear,None
FTL-03442,2025-01-29,Denver,Houston,FastShip,Express,10.4,2025-02-01,2025-02-01,Snow,None
FTL-03443,2025-06-27,Denver,Minneapolis,QuickMove,Economy,21.8,2025-07-02,2025-07-02,Clear,None
FTL-03444,2025-01-10,Phoenix,Minneapolis,QuickMove,Economy,35.8,2025-01-14,2025-01-13,Clear,None
FTL-03445,2025-08-24,Chicago,Seattle,FastShip,Express,4.8,2025-08-30,2025-08-30,Clear,None
FTL-03446,2025-02-10,Denver,Seattle,FastShip,Economy,19.4,2025-02-17,2025-02-16,Snow,None
FTL-03447,2025-03-11,Denver,Los Angeles,FastShip,Express,40.7,2025-03-18,2025-03-17,Snow,None
FTL-03448,2025-04-15,Phoenix,San Francisco,QuickMove,Express,30.2,2025-04-20,2025-04-20,Clear,None
FTL-03449,2025-07-12,Atlanta,Seattle,FastShip,Express,43.0,2025-07-17,2025-07-16,Clear,None
FTL-03450,2025-10-24,Atlanta,Los Angeles,FastShip,Economy,40.4,2025-10-27,2025-10-26,Clear,None
FTL-03451,2025-05-20,Phoenix,New York,LogiPro,Economy,13.5,2025-05-25,2025-05-24,Rain,None
FTL-03452,2025-10-19,Denver,Seattle,QuickMove,Express,36.3,2025-10-23,2025-10-25,Clear,Vehicle breakdown
FTL-03453,2025-10-25,Chicago,Minneapolis,QuickMove,Economy,43.2,2025-10-31,2025-10-31,Clear,None
FTL-03454,2025-04-16,Denver,San Francisco,FastShip,Express,49.3,2025-04-20,2025-04-20,Snow,None
FTL-03455,2025-03-11,Atlanta,Houston,QuickMove,Economy,3.3,2025-03-15,2025-03-15,Snow,None
FTL-03456,2025-08-06,Denver,Minneapolis,FastShip,Economy,40.5,2025-08-13,2025-08-13,Clear,None
FTL-03457,2025-02-08,Atlanta,Seattle,FastShip,Express,40.0,2025-02-15,2025-02-14,Rain,None
FTL-03458,2025-03-30,Atlanta,Boston,FastShip,Express,4.1,2025-04-03,2025-04-02,Clear,None
FTL-03459,2025-01-31,Phoenix,Houston,QuickMove,Express,37.0,2025-02-05,2025-02-04,Rain,None
FTL-03460,2025-03-02,Atlanta,Boston,FastShip,Express,21.9,2025-03-08,2025-03-07,Snow,None
FTL-03461,2025-01-09,Chicago,Boston,FastShip,Express,37.4,2025-01-12,2025-01-11,Snow,None
FTL-03462,2025-10-02,Denver,Nashville,FastShip,Economy,41.5,2025-10-06,2025-10-06,Clear,None
FTL-03463,2025-07-06,Denver,Seattle,LogiPro,Express,3.3,2025-07-11,2025-07-11,Clear,None
FTL-03464,2025-10-06,Denver,New York,QuickMove,Economy,17.2,2025-10-13,2025-10-13,Fog,None
FTL-03465,2025-11-17,Atlanta,Minneapolis,QuickMove,Express,31.8,2025-11-24,2025-11-23,Rain,None
FTL-03466,2025-10-14,Phoenix,Dallas,LogiPro,Express,30.6,2025-10-19,2025-10-18,Rain,None
FTL-03467,2025-08-25,Chicago,New York,QuickMove,Express,16.3,2025-08-30,2025-08-31,Rain,Carrier delay
FTL-03468,2025-09-04,Denver,Nashville,FastShip,Express,37.6,2025-09-09,2025-09-09,Fog,None
FTL-03469,2025-04-07,Chicago,Boston,QuickMove,Express,39.4,2025-04-11,2025-04-10,Clear,None
FTL-03470,2025-08-06,Denver,Los Angeles,LogiPro,Express,19.4,2025-08-13,2025-08-13,Clear,None
FTL-03471,2025-02-13,Chicago,Los Angeles,QuickMove,Economy,9.5,2025-02-20,2025-02-19,Snow,None
FTL-03472,2025-04-02,Chicago,New York,QuickMove,Economy,6.9,2025-04-08,2025-04-07,Rain,None
FTL-03473,2025-06-18,Chicago,Boston,QuickMove,Economy,13.3,2025-06-21,2025-06-20,Clear,None
FTL-03474,2025-01-01,Phoenix,Houston,FastShip,Economy,25.3,2025-01-04,2025-01-04,Snow,None
FTL-03475,2025-10-20,Atlanta,Nashville,FastShip,Economy,5.9,2025-10-25,2025-10-24,Clear,None
FTL-03476,2025-07-05,Atlanta,Los Angeles,FastShip,Economy,31.5,2025-07-12,2025-07-11,Clear,None
FTL-03477,2025-11-04,Atlanta,San Francisco,QuickMove,Economy,13.2,2025-11-11,2025-11-11,Fog,None
FTL-03478,2025-08-24,Denver,Nashville,QuickMove,Express,35.4,2025-08-30,2025-08-29,Clear,None
FTL-03479,2025-04-29,Phoenix,Nashville,LogiPro,Economy,40.3,2025-05-03,2025-05-03,Clear,None
FTL-03480,2025-02-23,Denver,Los Angeles,QuickMove,Economy,29.4,2025-02-28,2025-03-02,Snow,Carrier delay
FTL-03481,2025-07-01,Chicago,Boston,FastShip,Economy,33.8,2025-07-07,2025-07-06,Snow,None
FTL-03482,2025-09-19,Atlanta,Houston,FastShip,Express,18.7,2025-09-26,2025-09-26,Clear,None
FTL-03483,2025-11-13,Phoenix,San Francisco,FastShip,Economy,32.4,2025-11-18,2025-11-17,Rain,None
FTL-03484,2025-09-09,Atlanta,San Francisco,QuickMove,Express,24.9,2025-09-14,2025-09-13,Rain,None
FTL-03485,2025-03-10,Atlanta,New York,QuickMove,Economy,41.9,2025-03-13,2025-03-15,Clear,Weather disruption
FTL-03486,2025-04-22,Denver,Nashville,LogiPro,Express,11.2,2025-04-26,2025-04-28,Clear,Warehouse processing
FTL-03487,2025-11-17,Denver,Nashville,FastShip,Economy,24.4,2025-11-24,2025-11-24,Snow,None
FTL-03488,2025-09-09,Chicago,Nashville,FastShip,Economy,41.6,2025-09-15,2025-09-15,Clear,None
FTL-03489,2025-05-23,Chicago,Houston,FastShip,Economy,34.8,2025-05-30,2025-05-30,Clear,None
FTL-03490,2025-10-25,Denver,San Francisco,LogiPro,Economy,1.8,2025-10-28,2025-10-27,Fog,None
FTL-03491,2025-05-16,Denver,Boston,FastShip,Economy,9.3,2025-05-19,2025-05-18,Clear,None
FTL-03492,2025-12-07,Chicago,Miami,FastShip,Economy,42.5,2025-12-12,2025-12-11,Clear,None
FTL-03493,2025-11-29,Atlanta,Los Angeles,FastShip,Economy,17.4,2025-12-05,2025-12-05,Clear,None
FTL-03494,2025-09-17,Denver,San Francisco,QuickMove,Economy,34.5,2025-09-20,2025-09-20,Rain,None
FTL-03495,2025-07-26,Atlanta,New York,QuickMove,Express,22.3,2025-08-01,2025-07-31,Rain,None
FTL-03496,2025-02-23,Chicago,New York,QuickMove,Express,3.4,2025-02-26,2025-02-26,Rain,None
FTL-03497,2025-04-22,Chicago,Nashville,LogiPro,Economy,17.5,2025-04-28,2025-04-28,Rain,None
FTL-03498,2025-01-31,Denver,Miami,QuickMove,Economy,43.0,2025-02-06,2025-02-05,Clear,None
FTL-03499,2025-07-26,Denver,Houston,QuickMove,Express,22.8,2025-07-31,2025-08-02,Clear,Carrier delay
FTL-03500,2025-05-02,Phoenix,Nashville,FastShip,Express,48.8,2025-05-08,2025-05-08,Rain,None
FTL-03501,2025-12-28,Chicago,Seattle,QuickMove,Economy,1.9,2026-01-03,2026-01-02,Clear,None
FTL-03502,2025-11-13,Phoenix,San Francisco,FastShip,Express,13.7,2025-11-19,2025-11-19,Snow,None
FTL-03503,2025-07-30,Atlanta,New York,LogiPro,Express,49.6,2025-08-03,2025-08-02,Clear,None
FTL-03504,2025-05-21,Phoenix,San Francisco,QuickMove,Express,6.8,2025-05-25,2025-05-24,Fog,None
FTL-03505,2025-10-17,Atlanta,Dallas,QuickMove,Express,20.2,2025-10-22,2025-10-22,Fog,None
FTL-03506,2025-05-10,Denver,Houston,LogiPro,Express,34.9,2025-05-13,2025-05-12,Snow,None
FTL-03507,2025-12-23,Chicago,Minneapolis,LogiPro,Express,11.9,2025-12-30,2025-12-31,Snow,Address issue
FTL-03508,2025-06-14,Chicago,Dallas,QuickMove,Express,24.8,2025-06-19,2025-06-19,Fog,None
FTL-03509,2025-12-02,Atlanta,Houston,QuickMove,Economy,26.5,2025-12-05,2025-12-09,Clear,Sorting error
FTL-03510,2025-01-15,Chicago,Los Angeles,QuickMove,Express,40.2,2025-01-19,2025-01-20,Snow,Vehicle breakdown
FTL-03511,2025-12-05,Phoenix,New York,FastShip,Express,25.6,2025-12-09,2025-12-09,Clear,None
FTL-03512,2025-08-16,Denver,Minneapolis,LogiPro,Express,29.9,2025-08-19,2025-08-19,Clear,None
FTL-03513,2025-11-05,Chicago,Dallas,QuickMove,Express,19.2,2025-11-09,2025-11-10,Snow,Carrier delay
FTL-03514,2025-09-08,Atlanta,New York,FastShip,Express,46.8,2025-09-14,2025-09-13,Clear,None
FTL-03515,2025-08-13,Chicago,Nashville,FastShip,Economy,22.5,2025-08-20,2025-08-20,Clear,None
FTL-03516,2025-05-19,Atlanta,New York,FastShip,Express,38.3,2025-05-26,2025-05-26,Clear,None
FTL-03517,2025-12-21,Phoenix,Nashville,QuickMove,Express,4.3,2025-12-26,2025-12-29,Snow,Vehicle breakdown
FTL-03518,2025-07-28,Atlanta,Houston,FastShip,Express,22.9,2025-08-03,2025-08-03,Clear,None
FTL-03519,2025-11-08,Phoenix,New York,FastShip,Express,20.2,2025-11-15,2025-11-18,Clear,Warehouse processing
FTL-03520,2025-03-17,Chicago,Dallas,QuickMove,Economy,30.3,2025-03-22,2025-03-21,Snow,None
FTL-03521,2025-01-30,Denver,Minneapolis,FastShip,Economy,5.9,2025-02-05,2025-02-05,Snow,None
FTL-03522,2025-05-22,Denver,Houston,LogiPro,Express,14.9,2025-05-28,2025-05-27,Rain,None
FTL-03523,2025-09-05,Phoenix,Miami,FastShip,Express,47.8,2025-09-09,2025-09-09,Rain,None
FTL-03524,2025-09-15,Phoenix,Los Angeles,FastShip,Economy,24.5,2025-09-20,2025-09-23,Clear,Warehouse processing
FTL-03525,2025-12-27,Chicago,New York,FastShip,Economy,37.3,2025-12-31,2025-12-30,Snow,None
FTL-03526,2025-08-20,Chicago,San Francisco,QuickMove,Economy,29.1,2025-08-27,2025-08-26,Clear,None
FTL-03527,2025-10-09,Chicago,New York,QuickMove,Express,19.5,2025-10-13,2025-10-15,Clear,Vehicle breakdown
FTL-03528,2025-07-12,Atlanta,Miami,QuickMove,Economy,46.6,2025-07-15,2025-07-14,Clear,None
FTL-03529,2025-07-28,Atlanta,Boston,FastShip,Economy,7.4,2025-08-03,2025-08-03,Rain,None
FTL-03530,2025-04-28,Atlanta,Minneapolis,FastShip,Economy,13.8,2025-05-01,2025-04-30,Clear,None
FTL-03531,2025-05-16,Phoenix,Houston,QuickMove,Economy,6.7,2025-05-19,2025-05-19,Clear,None
FTL-03532,2025-08-02,Atlanta,Minneapolis,QuickMove,Express,8.5,2025-08-08,2025-08-08,Rain,None
FTL-03533,2025-08-04,Phoenix,Boston,LogiPro,Express,43.2,2025-08-11,2025-08-10,Clear,None
FTL-03534,2025-07-24,Atlanta,Nashville,FastShip,Economy,47.0,2025-07-27,2025-07-26,Fog,None
FTL-03535,2025-01-30,Atlanta,Miami,QuickMove,Express,33.4,2025-02-06,2025-02-05,Snow,None
FTL-03536,2025-09-08,Denver,Minneapolis,QuickMove,Express,15.1,2025-09-14,2025-09-15,Fog,Weather disruption
FTL-03537,2025-12-18,Atlanta,Boston,FastShip,Express,21.5,2025-12-22,2025-12-22,Clear,None
FTL-03538,2025-10-15,Chicago,San Francisco,QuickMove,Express,17.3,2025-10-20,2025-10-23,Clear,Address issue
FTL-03539,2025-03-04,Phoenix,Nashville,QuickMove,Economy,49.0,2025-03-10,2025-03-09,Rain,None
FTL-03540,2025-10-03,Phoenix,Miami,LogiPro,Economy,47.2,2025-10-06,2025-10-05,Fog,None
FTL-03541,2025-05-16,Chicago,Dallas,QuickMove,Economy,44.7,2025-05-23,2025-05-23,Clear,None
FTL-03542,2025-10-17,Atlanta,Los Angeles,QuickMove,Express,43.6,2025-10-24,2025-10-24,Fog,None
FTL-03543,2025-09-20,Atlanta,Seattle,QuickMove,Economy,45.9,2025-09-26,2025-09-26,Clear,None
FTL-03544,2025-03-01,Phoenix,San Francisco,FastShip,Express,20.4,2025-03-04,2025-03-05,Clear,Warehouse processing
FTL-03545,2025-03-04,Atlanta,San Francisco,QuickMove,Economy,20.7,2025-03-07,2025-03-07,Clear,None
FTL-03546,2025-10-05,Chicago,Houston,FastShip,Economy,9.8,2025-10-11,2025-10-11,Rain,None
FTL-03547,2025-10-07,Denver,Miami,QuickMove,Economy,7.6,2025-10-11,2025-10-11,Clear,None
FTL-03548,2025-09-02,Atlanta,Houston,FastShip,Express,37.4,2025-09-07,2025-09-07,Rain,None
FTL-03549,2025-01-09,Phoenix,Nashville,LogiPro,Economy,39.9,2025-01-16,2025-01-15,Rain,None
FTL-03550,2025-08-20,Atlanta,San Francisco,QuickMove,Economy,17.4,2025-08-27,2025-08-26,Clear,None
FTL-03551,2025-03-31,Atlanta,Nashville,QuickMove,Express,32.3,2025-04-05,2025-04-06,Clear,Carrier delay
FTL-03552,2025-06-12,Denver,Houston,FastShip,Economy,4.3,2025-06-16,2025-06-16,Fog,None
FTL-03553,2025-01-16,Chicago,Dallas,LogiPro,Express,11.2,2025-01-21,2025-01-20,Snow,None
FTL-03554,2025-09-22,Denver,Minneapolis,QuickMove,Economy,28.5,2025-09-25,2025-09-24,Clear,None
FTL-03555,2025-10-12,Denver,Nashville,FastShip,Express,27.5,2025-10-19,2025-10-18,Clear,None
FTL-03556,2025-08-13,Chicago,Dallas,QuickMove,Economy,21.5,2025-08-16,2025-08-15,Fog,None
FTL-03557,2025-06-06,Phoenix,Seattle,FastShip,Economy,16.1,2025-06-09,2025-06-08,Clear,None
FTL-03558,2025-08-25,Chicago,San Francisco,QuickMove,Express,1.7,2025-08-29,2025-08-29,Rain,None
FTL-03559,2025-12-04,Denver,New York,LogiPro,Express,33.2,2025-12-08,2025-12-07,Clear,None
FTL-03560,2025-10-21,Denver,Dallas,FastShip,Express,8.2,2025-10-25,2025-10-25,Rain,None
FTL-03561,2025-11-20,Phoenix,Seattle,FastShip,Express,27.4,2025-11-24,2025-11-23,Clear,None
FTL-03562,2025-06-13,Atlanta,Seattle,FastShip,Express,24.1,2025-06-19,2025-06-18,Rain,None
FTL-03563,2025-01-17,Phoenix,Los Angeles,FastShip,Economy,41.7,2025-01-23,2025-01-22,Clear,None
FTL-03564,2025-09-12,Phoenix,Boston,FastShip,Economy,17.4,2025-09-19,2025-09-18,Rain,None
FTL-03565,2025-10-20,Chicago,Boston,FastShip,Economy,37.7,2025-10-24,2025-10-24,Fog,None
FTL-03566,2025-05-31,Phoenix,Dallas,FastShip,Economy,38.4,2025-06-06,2025-06-06,Clear,None
FTL-03567,2025-06-07,Atlanta,Miami,QuickMove,Express,17.7,2025-06-10,2025-06-12,Clear,Sorting error
FTL-03568,2025-06-17,Phoenix,Miami,QuickMove,Express,10.3,2025-06-23,2025-06-27,Clear,Sorting error
FTL-03569,2025-10-18,Denver,Boston,FastShip,Economy,37.0,2025-10-23,2025-10-23,Clear,None
FTL-03570,2025-09-28,Phoenix,Los Angeles,FastShip,Express,11.1,2025-10-01,2025-10-01,Clear,None
FTL-03571,2025-11-09,Chicago,Seattle,FastShip,Economy,11.8,2025-11-16,2025-11-15,Fog,None
FTL-03572,2025-09-23,Denver,Seattle,LogiPro,Express,22.1,2025-09-27,2025-09-27,Fog,None
FTL-03573,2025-06-26,Chicago,Miami,QuickMove,Economy,21.9,2025-06-29,2025-06-28,Rain,None
FTL-03574,2025-01-03,Chicago,Seattle,LogiPro,Express,1.2,2025-01-10,2025-01-09,Snow,None
FTL-03575,2025-08-28,Atlanta,Boston,QuickMove,Express,11.3,2025-08-31,2025-09-02,Fog,Weather disruption
FTL-03576,2025-11-05,Phoenix,Dallas,FastShip,Economy,17.7,2025-11-09,2025-11-09,Rain,None
FTL-03577,2025-03-28,Chicago,Nashville,FastShip,Express,29.0,2025-03-31,2025-03-30,Snow,None
FTL-03578,2025-03-03,Denver,Boston,LogiPro,Economy,21.8,2025-03-06,2025-03-06,Snow,None
FTL-03579,2025-05-31,Phoenix,Seattle,LogiPro,Economy,5.0,2025-06-04,2025-06-03,Rain,None
FTL-03580,2025-10-29,Chicago,New York,LogiPro,Express,34.8,2025-11-02,2025-11-01,Clear,None
FTL-03581,2025-06-07,Phoenix,New York,FastShip,Economy,43.1,2025-06-12,2025-06-12,Clear,None
FTL-03582,2025-04-25,Denver,Miami,QuickMove,Express,20.1,2025-05-01,2025-05-01,Clear,None
FTL-03583,2025-05-10,Atlanta,Miami,QuickMove,Economy,20.9,2025-05-13,2025-05-12,Clear,None
FTL-03584,2025-05-28,Atlanta,Seattle,FastShip,Express,44.1,2025-06-03,2025-06-03,Clear,None
FTL-03585,2025-03-14,Phoenix,Los Angeles,FastShip,Economy,12.1,2025-03-18,2025-03-17,Snow,None
FTL-03586,2025-02-23,Chicago,Minneapolis,LogiPro,Express,2.1,2025-02-28,2025-02-27,Snow,None
FTL-03587,2025-06-27,Chicago,Seattle,LogiPro,Economy,12.6,2025-07-01,2025-07-01,Clear,None
FTL-03588,2025-11-06,Chicago,Seattle,QuickMove,Economy,19.8,2025-11-12,2025-11-13,Fog,Vehicle breakdown
FTL-03589,2025-03-08,Denver,Seattle,QuickMove,Economy,30.6,2025-03-14,2025-03-19,Rain,Address issue
FTL-03590,2025-11-17,Denver,Dallas,LogiPro,Economy,27.7,2025-11-22,2025-11-22,Clear,None
FTL-03591,2025-12-02,Denver,Miami,FastShip,Economy,33.5,2025-12-07,2025-12-07,Rain,None
FTL-03592,2025-03-16,Denver,Nashville,LogiPro,Economy,47.8,2025-03-21,2025-03-21,Clear,None
FTL-03593,2025-12-16,Chicago,Seattle,QuickMove,Express,47.1,2025-12-20,2025-12-25,Snow,Weather disruption
FTL-03594,2025-01-25,Chicago,New York,LogiPro,Economy,8.0,2025-01-29,2025-01-29,Clear,None
FTL-03595,2025-05-01,Phoenix,Los Angeles,QuickMove,Economy,7.9,2025-05-05,2025-05-05,Clear,None
FTL-03596,2025-11-17,Denver,Boston,QuickMove,Economy,45.2,2025-11-21,2025-11-20,Snow,None
FTL-03597,2025-07-15,Atlanta,Boston,QuickMove,Economy,24.1,2025-07-18,2025-07-17,Clear,None
FTL-03598,2025-06-20,Denver,Los Angeles,QuickMove,Economy,37.0,2025-06-25,2025-06-27,Rain,Carrier delay
FTL-03599,2025-10-31,Atlanta,Dallas,QuickMove,Express,38.2,2025-11-06,2025-11-05,Clear,None
FTL-03600,2025-10-08,Chicago,Los Angeles,FastShip,Economy,48.7,2025-10-14,2025-10-13,Clear,None
FTL-03601,2025-12-04,Atlanta,Boston,FastShip,Economy,29.7,2025-12-11,2025-12-16,Clear,Address issue
FTL-03602,2025-11-09,Phoenix,Dallas,QuickMove,Express,27.2,2025-11-13,2025-11-13,Clear,None
FTL-03603,2025-10-01,Denver,Houston,LogiPro,Express,26.5,2025-10-06,2025-10-06,Clear,None
FTL-03604,2025-09-13,Atlanta,San Francisco,FastShip,Economy,20.9,2025-09-17,2025-09-20,Clear,Carrier delay
FTL-03605,2025-12-13,Phoenix,Nashville,QuickMove,Economy,24.2,2025-12-19,2025-12-24,Snow,Vehicle breakdown
FTL-03606,2025-12-19,Phoenix,Dallas,QuickMove,Economy,19.1,2025-12-25,2025-12-30,Clear,Carrier delay
FTL-03607,2025-10-28,Denver,Minneapolis,QuickMove,Express,45.7,2025-10-31,2025-11-02,Clear,Weather disruption
FTL-03608,2025-04-06,Phoenix,Dallas,FastShip,Economy,43.6,2025-04-13,2025-04-12,Clear,None
FTL-03609,2025-05-01,Phoenix,San Francisco,QuickMove,Economy,37.5,2025-05-08,2025-05-07,Clear,None
FTL-03610,2025-04-01,Phoenix,Los Angeles,LogiPro,Express,26.3,2025-04-05,2025-04-05,Rain,None
FTL-03611,2025-12-25,Atlanta,Boston,LogiPro,Express,5.3,2025-12-31,2025-12-30,Snow,None
FTL-03612,2025-08-27,Denver,Los Angeles,QuickMove,Express,29.0,2025-09-03,2025-09-07,Rain,Sorting error
FTL-03613,2025-12-11,Chicago,Minneapolis,QuickMove,Economy,3.2,2025-12-14,2025-12-13,Clear,None
FTL-03614,2025-06-27,Phoenix,Nashville,QuickMove,Express,44.2,2025-07-01,2025-06-30,Clear,None
FTL-03615,2025-08-21,Atlanta,Los Angeles,LogiPro,Economy,14.6,2025-08-24,2025-08-23,Rain,None
FTL-03616,2025-05-14,Phoenix,Dallas,FastShip,Economy,4.5,2025-05-18,2025-05-18,Snow,None
FTL-03617,2025-03-23,Denver,New York,FastShip,Express,13.9,2025-03-28,2025-03-27,Snow,None
FTL-03618,2025-05-12,Chicago,Miami,LogiPro,Economy,26.8,2025-05-19,2025-05-19,Clear,None
FTL-03619,2025-01-24,Phoenix,Miami,LogiPro,Express,26.9,2025-01-30,2025-01-29,Rain,None
FTL-03620,2025-08-26,Denver,Seattle,LogiPro,Economy,10.2,2025-08-30,2025-08-30,Clear,None
FTL-03621,2025-02-27,Denver,Nashville,LogiPro,Economy,13.8,2025-03-04,2025-03-04,Clear,None
FTL-03622,2025-03-11,Atlanta,Boston,QuickMove,Economy,33.3,2025-03-15,2025-03-16,Rain,Carrier delay
FTL-03623,2025-03-23,Phoenix,Seattle,LogiPro,Economy,7.9,2025-03-26,2025-03-31,Snow,Sorting error
FTL-03624,2025-06-06,Denver,Nashville,QuickMove,Economy,41.6,2025-06-12,2025-06-12,Rain,None
FTL-03625,2025-03-14,Atlanta,Seattle,FastShip,Express,49.0,2025-03-21,2025-03-21,Fog,None
FTL-03626,2025-08-27,Phoenix,Seattle,LogiPro,Express,18.1,2025-09-02,2025-09-02,Clear,None
FTL-03627,2025-05-16,Atlanta,Miami,FastShip,Express,46.1,2025-05-19,2025-05-23,Clear,Carrier delay
FTL-03628,2025-04-29,Chicago,San Francisco,FastShip,Express,42.4,2025-05-03,2025-05-02,Clear,None
FTL-03629,2025-07-31,Phoenix,Minneapolis,FastShip,Express,31.6,2025-08-07,2025-08-07,Snow,None
FTL-03630,2025-01-08,Atlanta,Houston,QuickMove,Economy,28.7,2025-01-14,2025-01-13,Clear,None
FTL-03631,2025-06-02,Phoenix,Dallas,LogiPro,Economy,19.0,2025-06-09,2025-06-09,Clear,None
FTL-03632,2025-07-17,Denver,Dallas,LogiPro,Express,44.1,2025-07-24,2025-07-24,Fog,None
FTL-03633,2025-11-06,Phoenix,Los Angeles,QuickMove,Economy,30.6,2025-11-09,2025-11-13,Clear,Sorting error
FTL-03634,2025-08-11,Denver,San Francisco,LogiPro,Economy,49.4,2025-08-18,2025-08-17,Clear,None
FTL-03635,2025-11-05,Phoenix,Nashville,QuickMove,Economy,6.3,2025-11-08,2025-11-10,Rain,Carrier delay
FTL-03636,2025-04-14,Phoenix,Seattle,LogiPro,Express,43.3,2025-04-21,2025-04-20,Clear,None
FTL-03637,2025-11-26,Chicago,Seattle,QuickMove,Economy,46.3,2025-11-30,2025-12-05,Rain,Sorting error
FTL-03638,2025-04-28,Phoenix,San Francisco,FastShip,Economy,46.9,2025-05-05,2025-05-04,Snow,None
FTL-03639,2025-11-23,Chicago,Los Angeles,FastShip,Express,21.1,2025-11-27,2025-11-27,Clear,None
FTL-03640,2025-11-11,Chicago,New York,LogiPro,Express,11.9,2025-11-17,2025-11-17,Rain,None
FTL-03641,2025-11-26,Denver,Nashville,LogiPro,Express,48.9,2025-11-29,2025-11-29,Snow,None
FTL-03642,2025-09-05,Chicago,San Francisco,QuickMove,Express,7.6,2025-09-08,2025-09-07,Rain,None
FTL-03643,2025-11-26,Chicago,Dallas,QuickMove,Economy,45.8,2025-12-03,2025-12-08,Fog,Address issue
FTL-03644,2025-07-30,Atlanta,Los Angeles,QuickMove,Economy,45.9,2025-08-06,2025-08-06,Clear,None
FTL-03645,2025-01-01,Denver,Boston,QuickMove,Express,42.2,2025-01-07,2025-01-06,Snow,None
FTL-03646,2025-01-26,Phoenix,New York,LogiPro,Express,20.5,2025-02-02,2025-02-01,Rain,None
FTL-03647,2025-07-18,Chicago,Houston,QuickMove,Express,5.2,2025-07-25,2025-07-24,Clear,None
FTL-03648,2025-07-07,Chicago,Miami,QuickMove,Express,38.6,2025-07-14,2025-07-15,Clear,Sorting error
FTL-03649,2025-06-19,Chicago,Houston,QuickMove,Economy,29.2,2025-06-26,2025-06-25,Clear,None
FTL-03650,2025-10-13,Atlanta,Miami,QuickMove,Economy,24.7,2025-10-18,2025-10-17,Fog,None
FTL-03651,2025-08-28,Denver,Los Angeles,QuickMove,Express,35.7,2025-09-02,2025-09-02,Clear,None
FTL-03652,2025-07-08,Chicago,San Francisco,FastShip,Economy,8.1,2025-07-11,2025-07-11,Clear,None
FTL-03653,2025-01-01,Atlanta,Nashville,QuickMove,Express,25.6,2025-01-08,2025-01-08,Snow,None
FTL-03654,2025-12-27,Denver,Seattle,FastShip,Economy,24.0,2026-01-02,2026-01-01,Clear,None
FTL-03655,2025-02-28,Chicago,Los Angeles,QuickMove,Express,15.7,2025-03-03,2025-03-03,Snow,None
FTL-03656,2025-06-05,Chicago,Miami,QuickMove,Economy,47.1,2025-06-11,2025-06-11,Rain,None
FTL-03657,2025-02-08,Phoenix,New York,QuickMove,Express,10.1,2025-02-15,2025-02-15,Snow,None
FTL-03658,2025-04-20,Atlanta,Los Angeles,FastShip,Express,25.4,2025-04-23,2025-04-23,Rain,None
FTL-03659,2025-03-06,Atlanta,Seattle,QuickMove,Economy,10.9,2025-03-13,2025-03-13,Fog,None
FTL-03660,2025-08-05,Chicago,New York,FastShip,Express,7.9,2025-08-08,2025-08-07,Clear,None
FTL-03661,2025-05-20,Atlanta,Dallas,QuickMove,Economy,34.8,2025-05-24,2025-05-23,Clear,None
FTL-03662,2025-08-23,Chicago,Boston,FastShip,Economy,23.7,2025-08-29,2025-08-28,Clear,None
FTL-03663,2025-09-13,Chicago,Boston,QuickMove,Express,8.2,2025-09-20,2025-09-20,Clear,None
FTL-03664,2025-04-13,Phoenix,Houston,QuickMove,Express,22.7,2025-04-16,2025-04-15,Clear,None
FTL-03665,2025-04-24,Phoenix,Houston,QuickMove,Express,49.0,2025-04-30,2025-04-29,Rain,None
FTL-03666,2025-12-20,Phoenix,New York,FastShip,Express,43.5,2025-12-25,2025-12-24,Clear,None
FTL-03667,2025-08-03,Atlanta,Los Angeles,FastShip,Economy,2.5,2025-08-09,2025-08-09,Clear,None
FTL-03668,2025-08-03,Phoenix,Los Angeles,QuickMove,Economy,42.0,2025-08-06,2025-08-08,Clear,Vehicle breakdown
FTL-03669,2025-11-29,Atlanta,Dallas,QuickMove,Express,25.3,2025-12-02,2025-12-02,Snow,None
FTL-03670,2025-06-08,Denver,Los Angeles,QuickMove,Economy,23.2,2025-06-13,2025-06-12,Clear,None
FTL-03671,2025-02-24,Chicago,Nashville,LogiPro,Economy,43.4,2025-03-02,2025-03-02,Snow,None
FTL-03672,2025-04-07,Phoenix,Los Angeles,FastShip,Economy,17.6,2025-04-11,2025-04-11,Clear,None
FTL-03673,2025-10-03,Atlanta,Boston,FastShip,Economy,44.0,2025-10-08,2025-10-07,Rain,None
FTL-03674,2025-03-29,Chicago,New York,QuickMove,Express,6.1,2025-04-02,2025-04-04,Snow,Vehicle breakdown
FTL-03675,2025-04-12,Denver,New York,FastShip,Economy,5.3,2025-04-16,2025-04-16,Clear,None
FTL-03676,2025-08-22,Denver,Nashville,FastShip,Economy,32.5,2025-08-29,2025-08-29,Clear,None
FTL-03677,2025-04-10,Atlanta,San Francisco,FastShip,Express,21.1,2025-04-16,2025-04-17,Clear,Warehouse processing
FTL-03678,2025-11-04,Denver,Boston,LogiPro,Economy,2.5,2025-11-09,2025-11-08,Snow,None
FTL-03679,2025-05-31,Denver,New York,LogiPro,Economy,29.3,2025-06-05,2025-06-05,Clear,None
FTL-03680,2025-09-06,Chicago,San Francisco,LogiPro,Economy,10.4,2025-09-11,2025-09-11,Clear,None
FTL-03681,2025-09-24,Phoenix,Boston,QuickMove,Express,4.5,2025-09-28,2025-09-28,Rain,None
FTL-03682,2025-12-19,Chicago,Nashville,FastShip,Express,24.0,2025-12-22,2025-12-21,Rain,None
FTL-03683,2025-12-09,Atlanta,New York,QuickMove,Economy,47.6,2025-12-13,2025-12-14,Snow,Vehicle breakdown
FTL-03684,2025-08-19,Denver,Minneapolis,LogiPro,Express,21.3,2025-08-23,2025-08-23,Rain,None
FTL-03685,2025-08-10,Phoenix,San Francisco,LogiPro,Express,44.1,2025-08-17,2025-08-16,Clear,None
FTL-03686,2025-02-20,Chicago,New York,LogiPro,Economy,47.2,2025-02-24,2025-02-24,Clear,None
FTL-03687,2025-08-22,Atlanta,Minneapolis,LogiPro,Economy,50.0,2025-08-25,2025-08-25,Clear,None
FTL-03688,2025-07-21,Chicago,Nashville,QuickMove,Economy,3.2,2025-07-26,2025-07-25,Clear,None
FTL-03689,2025-09-02,Atlanta,Dallas,FastShip,Economy,26.7,2025-09-08,2025-09-11,Clear,Carrier delay
FTL-03690,2025-09-17,Atlanta,Nashville,QuickMove,Express,7.2,2025-09-21,2025-09-21,Clear,None
FTL-03691,2025-03-15,Chicago,Seattle,LogiPro,Express,3.0,2025-03-18,2025-03-18,Snow,None
FTL-03692,2025-02-20,Denver,San Francisco,QuickMove,Economy,49.8,2025-02-27,2025-03-02,Clear,Address issue
FTL-03693,2025-04-24,Phoenix,Houston,LogiPro,Economy,42.8,2025-04-30,2025-04-29,Rain,None
FTL-03694,2025-09-05,Phoenix,Dallas,QuickMove,Economy,43.5,2025-09-12,2025-09-14,Clear,Vehicle breakdown
FTL-03695,2025-11-11,Phoenix,Miami,FastShip,Economy,31.5,2025-11-16,2025-11-21,Clear,Warehouse processing
FTL-03696,2025-06-06,Denver,San Francisco,LogiPro,Economy,45.5,2025-06-13,2025-06-12,Rain,None
FTL-03697,2025-08-13,Denver,Nashville,QuickMove,Express,22.8,2025-08-18,2025-08-18,Clear,None
FTL-03698,2025-03-14,Phoenix,Dallas,QuickMove,Economy,28.3,2025-03-18,2025-03-17,Rain,None
FTL-03699,2025-08-27,Chicago,Dallas,LogiPro,Express,6.3,2025-08-31,2025-08-30,Rain,None
FTL-03700,2025-10-09,Phoenix,Miami,LogiPro,Express,2.0,2025-10-15,2025-10-14,Clear,None
FTL-03701,2025-02-15,Denver,Los Angeles,LogiPro,Economy,33.6,2025-02-22,2025-02-22,Clear,None
FTL-03702,2025-11-28,Atlanta,Nashville,LogiPro,Express,11.2,2025-12-01,2025-12-01,Clear,None
FTL-03703,2025-02-02,Atlanta,Miami,QuickMove,Express,15.4,2025-02-07,2025-02-07,Clear,None
FTL-03704,2025-07-19,Phoenix,Dallas,LogiPro,Economy,3.0,2025-07-26,2025-07-25,Clear,None
FTL-03705,2025-04-16,Atlanta,Minneapolis,FastShip,Economy,26.9,2025-04-22,2025-04-21,Clear,None
FTL-03706,2025-07-28,Phoenix,Houston,FastShip,Express,11.6,2025-08-01,2025-07-31,Rain,None
FTL-03707,2025-07-16,Chicago,Los Angeles,FastShip,Economy,1.2,2025-07-23,2025-07-22,Clear,None
FTL-03708,2025-02-06,Denver,Minneapolis,FastShip,Economy,40.8,2025-02-10,2025-02-10,Snow,None
FTL-03709,2025-08-23,Atlanta,Minneapolis,FastShip,Economy,18.2,2025-08-26,2025-08-25,Clear,None
FTL-03710,2025-01-17,Phoenix,Minneapolis,FastShip,Express,2.2,2025-01-22,2025-01-22,Clear,None
FTL-03711,2025-08-31,Chicago,Seattle,LogiPro,Economy,32.7,2025-09-04,2025-09-03,Clear,None
FTL-03712,2025-03-18,Chicago,Houston,QuickMove,Economy,28.8,2025-03-21,2025-03-21,Clear,None
FTL-03713,2025-03-31,Atlanta,Miami,LogiPro,Express,4.9,2025-04-04,2025-04-04,Snow,None
FTL-03714,2025-11-21,Phoenix,Minneapolis,FastShip,Economy,26.8,2025-11-26,2025-11-26,Snow,None
FTL-03715,2025-01-05,Denver,Nashville,LogiPro,Express,46.6,2025-01-12,2025-01-12,Fog,None
FTL-03716,2025-04-24,Chicago,Minneapolis,FastShip,Economy,5.1,2025-04-27,2025-04-26,Clear,None
FTL-03717,2025-10-19,Phoenix,Boston,QuickMove,Economy,43.2,2025-10-22,2025-10-22,Clear,None
FTL-03718,2025-12-17,Phoenix,Minneapolis,FastShip,Express,14.4,2025-12-21,2025-12-20,Clear,None
FTL-03719,2025-08-15,Phoenix,San Francisco,QuickMove,Economy,15.3,2025-08-18,2025-08-18,Clear,None
FTL-03720,2025-10-04,Chicago,Miami,FastShip,Express,22.3,2025-10-08,2025-10-07,Clear,None
FTL-03721,2025-10-18,Atlanta,New York,QuickMove,Express,41.6,2025-10-24,2025-10-26,Clear,Carrier delay
FTL-03722,2025-12-04,Chicago,Boston,LogiPro,Economy,48.7,2025-12-08,2025-12-11,Clear,Carrier delay
FTL-03723,2025-10-22,Atlanta,Houston,FastShip,Express,38.7,2025-10-26,2025-10-29,Fog,Carrier delay
FTL-03724,2025-07-29,Atlanta,Boston,FastShip,Express,5.6,2025-08-05,2025-08-05,Fog,None
FTL-03725,2025-08-31,Chicago,Dallas,QuickMove,Economy,28.9,2025-09-03,2025-09-03,Clear,None
FTL-03726,2025-01-06,Atlanta,Dallas,LogiPro,Economy,24.3,2025-01-12,2025-01-11,Snow,None
FTL-03727,2025-03-10,Chicago,Miami,FastShip,Express,39.2,2025-03-14,2025-03-16,Snow,Customs hold
FTL-03728,2025-09-17,Denver,San Francisco,LogiPro,Express,38.9,2025-09-20,2025-09-19,Fog,None
FTL-03729,2025-07-26,Phoenix,Dallas,QuickMove,Express,41.1,2025-07-29,2025-08-01,Clear,Carrier delay
FTL-03730,2025-03-09,Denver,Miami,FastShip,Economy,35.5,2025-03-14,2025-03-13,Clear,None
FTL-03731,2025-06-29,Atlanta,Los Angeles,QuickMove,Economy,35.8,2025-07-02,2025-07-02,Rain,None
FTL-03732,2025-03-13,Atlanta,Los Angeles,FastShip,Express,3.6,2025-03-19,2025-03-19,Clear,None
FTL-03733,2025-08-04,Denver,Boston,QuickMove,Express,30.7,2025-08-08,2025-08-08,Clear,None
FTL-03734,2025-02-04,Chicago,Dallas,LogiPro,Express,37.4,2025-02-09,2025-02-09,Clear,None
FTL-03735,2025-05-24,Phoenix,Boston,LogiPro,Economy,16.8,2025-05-30,2025-05-29,Rain,None
FTL-03736,2025-07-30,Chicago,New York,LogiPro,Express,36.8,2025-08-05,2025-08-04,Clear,None
FTL-03737,2025-09-18,Denver,New York,FastShip,Express,1.5,2025-09-25,2025-09-25,Clear,None
FTL-03738,2025-01-15,Chicago,San Francisco,QuickMove,Express,30.8,2025-01-20,2025-01-20,Rain,None
FTL-03739,2025-01-10,Atlanta,Minneapolis,LogiPro,Express,25.3,2025-01-15,2025-01-15,Clear,None
FTL-03740,2025-03-16,Atlanta,Los Angeles,FastShip,Express,44.0,2025-03-21,2025-03-20,Snow,None
FTL-03741,2025-10-02,Denver,San Francisco,QuickMove,Economy,19.7,2025-10-09,2025-10-09,Clear,None
FTL-03742,2025-12-13,Phoenix,Los Angeles,QuickMove,Economy,27.7,2025-12-20,2025-12-23,Clear,Address issue
FTL-03743,2025-12-14,Atlanta,Boston,FastShip,Economy,2.7,2025-12-20,2025-12-19,Clear,None
FTL-03744,2025-03-21,Atlanta,Miami,FastShip,Express,12.1,2025-03-28,2025-03-27,Clear,None
FTL-03745,2025-09-30,Denver,San Francisco,FastShip,Express,40.0,2025-10-04,2025-10-03,Clear,None
FTL-03746,2025-01-02,Atlanta,Minneapolis,QuickMove,Express,35.2,2025-01-06,2025-01-06,Clear,None
FTL-03747,2025-05-30,Phoenix,New York,QuickMove,Express,32.2,2025-06-06,2025-06-08,Clear,Sorting error
FTL-03748,2025-10-16,Phoenix,New York,QuickMove,Economy,36.7,2025-10-19,2025-10-24,Clear,Vehicle breakdown
FTL-03749,2025-04-21,Phoenix,Seattle,QuickMove,Economy,41.2,2025-04-28,2025-04-30,Rain,Vehicle breakdown
FTL-03750,2025-10-16,Atlanta,Miami,LogiPro,Express,33.1,2025-10-22,2025-10-22,Rain,None
FTL-03751,2025-09-25,Phoenix,Seattle,QuickMove,Express,14.2,2025-09-30,2025-09-29,Clear,None
FTL-03752,2025-03-17,Phoenix,Los Angeles,QuickMove,Express,8.0,2025-03-24,2025-03-25,Clear,Carrier delay
FTL-03753,2025-03-16,Atlanta,Boston,QuickMove,Express,15.4,2025-03-19,2025-03-20,Snow,Carrier delay
FTL-03754,2025-12-11,Denver,Miami,LogiPro,Express,12.0,2025-12-15,2025-12-15,Clear,None
FTL-03755,2025-09-01,Chicago,Minneapolis,FastShip,Economy,47.7,2025-09-05,2025-09-04,Rain,None
FTL-03756,2025-07-10,Phoenix,Los Angeles,FastShip,Economy,21.1,2025-07-13,2025-07-18,Clear,Carrier delay
FTL-03757,2025-12-24,Chicago,Minneapolis,LogiPro,Express,33.7,2025-12-28,2025-12-30,Snow,Address issue
FTL-03758,2025-01-14,Atlanta,Nashville,LogiPro,Express,47.0,2025-01-19,2025-01-18,Snow,None
FTL-03759,2025-07-24,Denver,Nashville,QuickMove,Economy,44.4,2025-07-30,2025-08-03,Fog,Carrier delay
FTL-03760,2025-07-12,Denver,New York,QuickMove,Economy,40.5,2025-07-16,2025-07-15,Clear,None
FTL-03761,2025-05-24,Atlanta,Minneapolis,FastShip,Economy,2.4,2025-05-28,2025-05-28,Clear,None
FTL-03762,2025-09-30,Denver,Seattle,QuickMove,Express,17.2,2025-10-03,2025-10-03,Clear,None
FTL-03763,2025-06-04,Phoenix,Dallas,FastShip,Express,40.1,2025-06-09,2025-06-09,Rain,None
FTL-03764,2025-01-04,Denver,San Francisco,FastShip,Economy,22.3,2025-01-07,2025-01-06,Rain,None
FTL-03765,2025-07-21,Atlanta,Minneapolis,FastShip,Express,24.6,2025-07-26,2025-07-26,Clear,None
FTL-03766,2025-11-01,Phoenix,Boston,QuickMove,Economy,41.2,2025-11-07,2025-11-07,Snow,None
FTL-03767,2025-12-15,Phoenix,New York,LogiPro,Express,17.3,2025-12-18,2025-12-17,Rain,None
FTL-03768,2025-08-09,Phoenix,Los Angeles,LogiPro,Economy,2.4,2025-08-13,2025-08-13,Fog,None
FTL-03769,2025-03-25,Denver,New York,FastShip,Economy,4.1,2025-03-30,2025-03-30,Fog,None
FTL-03770,2025-06-17,Atlanta,Boston,QuickMove,Express,19.0,2025-06-20,2025-06-19,Clear,None
FTL-03771,2025-07-10,Denver,Seattle,FastShip,Express,22.6,2025-07-16,2025-07-15,Clear,None
FTL-03772,2025-10-30,Phoenix,Dallas,QuickMove,Express,1.8,2025-11-03,2025-11-08,Rain,Sorting error
FTL-03773,2025-07-26,Chicago,Boston,FastShip,Express,31.5,2025-07-30,2025-07-29,Rain,None
FTL-03774,2025-01-14,Chicago,Nashville,LogiPro,Economy,42.0,2025-01-21,2025-01-21,Clear,None
FTL-03775,2025-11-04,Denver,Miami,FastShip,Economy,36.1,2025-11-07,2025-11-07,Snow,None
FTL-03776,2025-01-29,Phoenix,Dallas,FastShip,Economy,36.2,2025-02-05,2025-02-05,Clear,None
FTL-03777,2025-01-26,Chicago,Houston,LogiPro,Express,28.2,2025-01-29,2025-01-29,Snow,None
FTL-03778,2025-05-25,Chicago,Houston,QuickMove,Express,1.4,2025-05-30,2025-05-29,Rain,None
FTL-03779,2025-06-10,Atlanta,Miami,FastShip,Express,40.4,2025-06-13,2025-06-13,Clear,None
FTL-03780,2025-03-12,Denver,New York,QuickMove,Economy,48.2,2025-03-18,2025-03-22,Clear,Carrier delay
FTL-03781,2025-08-04,Phoenix,Nashville,FastShip,Express,43.8,2025-08-07,2025-08-07,Clear,None
FTL-03782,2025-01-05,Atlanta,Los Angeles,QuickMove,Express,10.7,2025-01-10,2025-01-09,Fog,None
FTL-03783,2025-07-06,Phoenix,San Francisco,LogiPro,Economy,11.0,2025-07-13,2025-07-12,Rain,None
FTL-03784,2025-06-19,Denver,Boston,LogiPro,Express,26.6,2025-06-25,2025-06-25,Rain,None
FTL-03785,2025-07-06,Atlanta,Dallas,FastShip,Express,38.5,2025-07-10,2025-07-10,Clear,None
FTL-03786,2025-09-23,Phoenix,Nashville,QuickMove,Economy,17.1,2025-09-30,2025-09-30,Clear,None
FTL-03787,2025-08-06,Atlanta,New York,FastShip,Economy,23.0,2025-08-13,2025-08-12,Rain,None
FTL-03788,2025-10-16,Denver,Nashville,FastShip,Express,30.0,2025-10-19,2025-10-18,Fog,None
FTL-03789,2025-01-26,Phoenix,Houston,QuickMove,Express,43.5,2025-01-29,2025-02-03,Clear,Carrier delay
FTL-03790,2025-05-05,Denver,Boston,LogiPro,Economy,42.1,2025-05-09,2025-05-09,Fog,None
FTL-03791,2025-11-01,Denver,San Francisco,LogiPro,Express,41.1,2025-11-08,2025-11-08,Rain,None
FTL-03792,2025-06-05,Chicago,Seattle,LogiPro,Express,16.8,2025-06-12,2025-06-14,Clear,Vehicle breakdown
FTL-03793,2025-03-05,Phoenix,Dallas,FastShip,Express,34.8,2025-03-11,2025-03-11,Snow,None
FTL-03794,2025-12-12,Chicago,Los Angeles,QuickMove,Economy,21.5,2025-12-17,2025-12-16,Rain,None
FTL-03795,2025-08-04,Atlanta,Miami,QuickMove,Express,40.1,2025-08-10,2025-08-14,Clear,Vehicle breakdown
FTL-03796,2025-06-08,Phoenix,New York,LogiPro,Economy,37.6,2025-06-12,2025-06-11,Clear,None
FTL-03797,2025-07-03,Atlanta,New York,FastShip,Express,22.4,2025-07-10,2025-07-14,Clear,Weather disruption
FTL-03798,2025-08-25,Atlanta,New York,FastShip,Economy,5.5,2025-08-28,2025-08-28,Clear,None
FTL-03799,2025-06-16,Denver,Minneapolis,QuickMove,Express,21.5,2025-06-20,2025-06-20,Clear,None
FTL-03800,2025-02-27,Denver,Dallas,LogiPro,Economy,26.3,2025-03-06,2025-03-06,Fog,None
FTL-03801,2025-06-16,Phoenix,Nashville,LogiPro,Express,35.5,2025-06-22,2025-06-21,Rain,None
FTL-03802,2025-10-11,Denver,Miami,FastShip,Express,22.4,2025-10-14,2025-10-14,Clear,None
FTL-03803,2025-09-23,Atlanta,Boston,QuickMove,Express,39.2,2025-09-29,2025-10-04,Clear,Vehicle breakdown
FTL-03804,2025-03-14,Denver,San Francisco,QuickMove,Economy,32.4,2025-03-18,2025-03-17,Clear,None
FTL-03805,2025-04-22,Phoenix,New York,QuickMove,Express,8.9,2025-04-28,2025-04-30,Fog,Sorting error
FTL-03806,2025-11-29,Phoenix,San Francisco,FastShip,Express,35.5,2025-12-05,2025-12-04,Clear,None
FTL-03807,2025-08-17,Denver,Miami,LogiPro,Economy,22.7,2025-08-24,2025-08-23,Clear,None
FTL-03808,2025-09-20,Chicago,Minneapolis,FastShip,Express,2.8,2025-09-23,2025-09-22,Clear,None
FTL-03809,2025-09-13,Phoenix,Dallas,FastShip,Express,34.5,2025-09-16,2025-09-16,Clear,None
FTL-03810,2025-08-27,Phoenix,Dallas,QuickMove,Economy,48.0,2025-08-30,2025-08-29,Fog,None
FTL-03811,2025-05-17,Chicago,Boston,FastShip,Economy,22.4,2025-05-22,2025-05-25,Clear,Vehicle breakdown
FTL-03812,2025-10-21,Atlanta,Dallas,LogiPro,Economy,22.2,2025-10-28,2025-10-28,Clear,None
FTL-03813,2025-04-22,Chicago,Boston,QuickMove,Economy,34.3,2025-04-27,2025-04-27,Clear,None
FTL-03814,2025-11-01,Chicago,Houston,FastShip,Economy,20.3,2025-11-06,2025-11-06,Snow,None
FTL-03815,2025-09-27,Denver,Seattle,LogiPro,Economy,5.6,2025-10-01,2025-10-01,Clear,None
FTL-03816,2025-04-29,Chicago,New York,QuickMove,Economy,26.2,2025-05-03,2025-05-02,Clear,None
FTL-03817,2025-11-23,Atlanta,Houston,FastShip,Economy,31.8,2025-11-27,2025-12-02,Rain,Warehouse processing
FTL-03818,2025-07-27,Atlanta,Minneapolis,LogiPro,Express,40.5,2025-08-03,2025-08-02,Rain,None
FTL-03819,2025-10-09,Phoenix,Miami,FastShip,Economy,36.5,2025-10-13,2025-10-13,Rain,None
FTL-03820,2025-03-22,Atlanta,Minneapolis,LogiPro,Express,9.9,2025-03-25,2025-03-24,Snow,None
FTL-03821,2025-08-17,Atlanta,Dallas,FastShip,Express,15.4,2025-08-23,2025-08-23,Rain,None
FTL-03822,2025-10-17,Denver,San Francisco,QuickMove,Economy,21.3,2025-10-21,2025-10-21,Rain,None
FTL-03823,2025-04-29,Denver,Minneapolis,FastShip,Economy,40.1,2025-05-03,2025-05-02,Clear,None
FTL-03824,2025-09-01,Phoenix,Boston,FastShip,Express,10.6,2025-09-07,2025-09-11,Rain,Warehouse processing
FTL-03825,2025-06-13,Denver,Los Angeles,FastShip,Economy,36.7,2025-06-17,2025-06-17,Clear,None
FTL-03826,2025-06-10,Atlanta,Miami,FastShip,Economy,37.8,2025-06-15,2025-06-15,Clear,None
FTL-03827,2025-03-14,Denver,Dallas,QuickMove,Economy,31.8,2025-03-19,2025-03-20,Clear,Carrier delay
FTL-03828,2025-01-23,Phoenix,Los Angeles,FastShip,Express,34.9,2025-01-30,2025-01-30,Clear,None
FTL-03829,2025-01-18,Phoenix,Houston,QuickMove,Express,2.7,2025-01-23,2025-01-24,Rain,Sorting error
FTL-03830,2025-02-13,Chicago,Dallas,FastShip,Express,18.8,2025-02-18,2025-02-17,Rain,None
FTL-03831,2025-02-16,Phoenix,Boston,FastShip,Express,9.0,2025-02-23,2025-02-23,Clear,None
FTL-03832,2025-01-22,Chicago,Miami,QuickMove,Economy,20.0,2025-01-27,2025-01-30,Clear,Sorting error
FTL-03833,2025-04-28,Chicago,Nashville,FastShip,Express,34.3,2025-05-04,2025-05-03,Rain,None
FTL-03834,2025-01-14,Atlanta,Miami,QuickMove,Express,18.9,2025-01-20,2025-01-19,Snow,None
FTL-03835,2025-11-07,Chicago,New York,QuickMove,Economy,5.8,2025-11-13,2025-11-12,Rain,None
FTL-03836,2025-11-22,Phoenix,Miami,LogiPro,Economy,14.6,2025-11-29,2025-11-29,Fog,None
FTL-03837,2025-05-11,Atlanta,Los Angeles,FastShip,Express,29.0,2025-05-14,2025-05-14,Clear,None
FTL-03838,2025-05-13,Phoenix,Miami,QuickMove,Express,42.5,2025-05-18,2025-05-19,Clear,Carrier delay
FTL-03839,2025-07-23,Atlanta,Nashville,QuickMove,Economy,22.8,2025-07-29,2025-07-28,Clear,None
FTL-03840,2025-11-26,Chicago,New York,QuickMove,Express,43.1,2025-12-01,2025-11-30,Clear,None
FTL-03841,2025-08-03,Chicago,Los Angeles,QuickMove,Express,19.8,2025-08-07,2025-08-07,Snow,None
FTL-03842,2025-10-30,Phoenix,Nashville,FastShip,Economy,25.6,2025-11-02,2025-11-02,Clear,None
FTL-03843,2025-03-04,Chicago,Seattle,QuickMove,Economy,32.2,2025-03-09,2025-03-08,Fog,None
FTL-03844,2025-03-10,Phoenix,New York,FastShip,Economy,4.1,2025-03-16,2025-03-15,Clear,None
FTL-03845,2025-09-13,Chicago,Seattle,FastShip,Economy,6.0,2025-09-17,2025-09-17,Fog,None
FTL-03846,2025-09-27,Phoenix,Seattle,QuickMove,Express,11.5,2025-10-03,2025-10-02,Snow,None
FTL-03847,2025-08-31,Phoenix,Boston,QuickMove,Economy,48.8,2025-09-07,2025-09-09,Clear,Vehicle breakdown
FTL-03848,2025-12-12,Denver,Dallas,QuickMove,Express,7.5,2025-12-19,2025-12-19,Rain,None
FTL-03849,2025-12-15,Atlanta,Seattle,LogiPro,Express,26.4,2025-12-22,2025-12-21,Snow,None
FTL-03850,2025-10-26,Atlanta,San Francisco,QuickMove,Express,7.8,2025-11-02,2025-11-07,Clear,Sorting error
FTL-03851,2025-07-12,Denver,Nashville,FastShip,Economy,47.0,2025-07-19,2025-07-18,Clear,None
FTL-03852,2025-02-25,Phoenix,Seattle,LogiPro,Express,43.5,2025-03-03,2025-03-02,Snow,None
FTL-03853,2025-10-06,Chicago,Seattle,LogiPro,Economy,14.5,2025-10-12,2025-10-12,Clear,None
FTL-03854,2025-06-29,Chicago,Los Angeles,QuickMove,Express,15.6,2025-07-03,2025-07-02,Clear,None
FTL-03855,2025-02-09,Denver,Seattle,QuickMove,Express,31.9,2025-02-14,2025-02-18,Rain,Carrier delay
FTL-03856,2025-12-02,Atlanta,Nashville,QuickMove,Economy,46.5,2025-12-08,2025-12-07,Rain,None
FTL-03857,2025-03-12,Atlanta,New York,QuickMove,Express,7.6,2025-03-15,2025-03-16,Clear,Carrier delay
FTL-03858,2025-09-27,Atlanta,Minneapolis,LogiPro,Express,9.8,2025-10-01,2025-10-01,Clear,None
FTL-03859,2025-07-16,Atlanta,Nashville,QuickMove,Express,12.5,2025-07-19,2025-07-20,Rain,Carrier delay
FTL-03860,2025-06-15,Denver,Boston,QuickMove,Economy,46.7,2025-06-20,2025-06-21,Clear,Vehicle breakdown
FTL-03861,2025-08-02,Chicago,Seattle,QuickMove,Economy,14.9,2025-08-05,2025-08-08,Clear,Vehicle breakdown
FTL-03862,2025-08-04,Atlanta,Los Angeles,LogiPro,Economy,18.6,2025-08-09,2025-08-08,Clear,None
FTL-03863,2025-12-04,Atlanta,Los Angeles,QuickMove,Economy,31.7,2025-12-07,2025-12-06,Snow,None
FTL-03864,2025-07-30,Atlanta,Seattle,QuickMove,Economy,28.4,2025-08-04,2025-08-04,Clear,None
FTL-03865,2025-06-28,Denver,San Francisco,FastShip,Express,17.0,2025-07-04,2025-07-03,Rain,None
FTL-03866,2025-10-01,Denver,Boston,QuickMove,Economy,31.0,2025-10-07,2025-10-06,Fog,None
FTL-03867,2025-08-30,Chicago,San Francisco,QuickMove,Express,21.8,2025-09-05,2025-09-09,Rain,Carrier delay
FTL-03868,2025-04-01,Phoenix,Nashville,FastShip,Express,35.8,2025-04-05,2025-04-05,Rain,None
FTL-03869,2025-05-02,Denver,New York,FastShip,Express,23.4,2025-05-09,2025-05-08,Clear,None
FTL-03870,2025-04-03,Chicago,Dallas,QuickMove,Economy,46.6,2025-04-07,2025-04-07,Rain,None
FTL-03871,2025-06-12,Chicago,Nashville,LogiPro,Economy,16.7,2025-06-15,2025-06-14,Clear,None
FTL-03872,2025-09-04,Denver,Los Angeles,QuickMove,Express,32.9,2025-09-09,2025-09-08,Rain,None
FTL-03873,2025-03-13,Denver,Nashville,FastShip,Economy,34.2,2025-03-17,2025-03-17,Snow,None
FTL-03874,2025-06-13,Chicago,Boston,QuickMove,Express,36.3,2025-06-19,2025-06-20,Fog,Carrier delay
FTL-03875,2025-08-06,Denver,New York,FastShip,Economy,9.6,2025-08-12,2025-08-14,Clear,Carrier delay
FTL-03876,2025-07-21,Phoenix,Nashville,FastShip,Express,46.0,2025-07-25,2025-07-25,Clear,None
FTL-03877,2025-02-20,Phoenix,New York,LogiPro,Express,28.6,2025-02-25,2025-02-24,Fog,None
FTL-03878,2025-12-15,Phoenix,New York,LogiPro,Express,8.5,2025-12-22,2025-12-21,Clear,None
FTL-03879,2025-03-24,Atlanta,Nashville,QuickMove,Express,37.5,2025-03-29,2025-03-29,Clear,None
FTL-03880,2025-04-16,Phoenix,Miami,LogiPro,Economy,12.3,2025-04-19,2025-04-18,Fog,None
FTL-03881,2025-11-15,Denver,Minneapolis,QuickMove,Economy,19.7,2025-11-21,2025-11-22,Snow,Address issue
FTL-03882,2025-08-29,Chicago,Nashville,QuickMove,Economy,17.4,2025-09-02,2025-09-01,Rain,None
FTL-03883,2025-07-18,Atlanta,Seattle,QuickMove,Economy,35.1,2025-07-24,2025-07-26,Clear,Carrier delay
FTL-03884,2025-12-10,Chicago,Dallas,QuickMove,Economy,16.6,2025-12-15,2025-12-19,Snow,Carrier delay
FTL-03885,2025-03-12,Atlanta,Miami,FastShip,Economy,19.6,2025-03-16,2025-03-16,Rain,None
FTL-03886,2025-01-12,Atlanta,Miami,FastShip,Express,34.5,2025-01-19,2025-01-19,Clear,None
FTL-03887,2025-04-28,Atlanta,Houston,QuickMove,Express,20.3,2025-05-01,2025-05-04,Clear,Carrier delay
FTL-03888,2025-08-17,Denver,Nashville,FastShip,Economy,25.0,2025-08-23,2025-08-22,Rain,None
FTL-03889,2025-05-15,Atlanta,Seattle,LogiPro,Express,29.9,2025-05-21,2025-05-21,Snow,None
FTL-03890,2025-11-06,Denver,Houston,FastShip,Express,41.2,2025-11-10,2025-11-12,Snow,Carrier delay
FTL-03891,2025-09-13,Denver,Minneapolis,QuickMove,Express,39.8,2025-09-18,2025-09-18,Clear,None
FTL-03892,2025-01-03,Phoenix,San Francisco,LogiPro,Express,12.8,2025-01-10,2025-01-09,Snow,None
FTL-03893,2025-05-17,Chicago,Seattle,LogiPro,Economy,19.6,2025-05-23,2025-05-23,Clear,None
FTL-03894,2025-04-14,Denver,Nashville,QuickMove,Express,23.8,2025-04-20,2025-04-19,Clear,None
FTL-03895,2025-03-17,Chicago,Seattle,FastShip,Economy,32.0,2025-03-24,2025-03-24,Rain,None
FTL-03896,2025-09-07,Atlanta,Boston,QuickMove,Economy,34.1,2025-09-11,2025-09-10,Clear,None
FTL-03897,2025-03-11,Atlanta,Nashville,QuickMove,Express,14.7,2025-03-17,2025-03-17,Clear,None
FTL-03898,2025-04-07,Chicago,Los Angeles,QuickMove,Express,14.4,2025-04-10,2025-04-09,Snow,None
FTL-03899,2025-08-25,Denver,Houston,FastShip,Economy,34.7,2025-08-31,2025-08-30,Clear,None
FTL-03900,2025-09-13,Chicago,Dallas,QuickMove,Express,1.7,2025-09-17,2025-09-16,Clear,None
FTL-03901,2025-08-08,Atlanta,New York,LogiPro,Economy,48.0,2025-08-13,2025-08-12,Clear,None
FTL-03902,2025-04-30,Denver,Seattle,LogiPro,Economy,11.1,2025-05-06,2025-05-06,Clear,None
FTL-03903,2025-10-02,Atlanta,Nashville,FastShip,Express,31.1,2025-10-06,2025-10-05,Rain,None
FTL-03904,2025-07-21,Atlanta,New York,FastShip,Economy,41.9,2025-07-25,2025-07-24,Rain,None
FTL-03905,2025-09-10,Phoenix,Miami,LogiPro,Express,20.9,2025-09-13,2025-09-15,Clear,Warehouse processing
FTL-03906,2025-12-16,Phoenix,Boston,LogiPro,Express,23.5,2025-12-20,2025-12-19,Clear,None
FTL-03907,2025-05-10,Phoenix,Boston,QuickMove,Express,27.2,2025-05-16,2025-05-17,Clear,Carrier delay
FTL-03908,2025-01-14,Chicago,New York,QuickMove,Economy,48.3,2025-01-18,2025-01-17,Snow,None
FTL-03909,2025-06-21,Chicago,Los Angeles,QuickMove,Express,26.1,2025-06-25,2025-06-24,Clear,None
FTL-03910,2025-07-19,Denver,Dallas,QuickMove,Express,35.6,2025-07-25,2025-07-25,Rain,None
FTL-03911,2025-12-07,Denver,Nashville,FastShip,Economy,19.5,2025-12-14,2025-12-13,Rain,None
FTL-03912,2025-11-22,Denver,Houston,QuickMove,Economy,4.2,2025-11-28,2025-11-29,Clear,Carrier delay
FTL-03913,2025-12-25,Denver,Miami,QuickMove,Express,29.4,2025-12-29,2025-12-29,Snow,None
FTL-03914,2025-02-15,Denver,Miami,LogiPro,Express,26.5,2025-02-21,2025-02-20,Snow,None
FTL-03915,2025-11-27,Atlanta,Miami,QuickMove,Economy,29.1,2025-11-30,2025-11-29,Rain,None
FTL-03916,2025-12-04,Atlanta,Dallas,FastShip,Express,38.9,2025-12-11,2025-12-12,Snow,Warehouse processing
FTL-03917,2025-08-13,Atlanta,Nashville,LogiPro,Express,47.5,2025-08-17,2025-08-17,Clear,None
FTL-03918,2025-02-14,Atlanta,Los Angeles,QuickMove,Economy,49.0,2025-02-21,2025-02-21,Clear,None
FTL-03919,2025-10-28,Phoenix,Seattle,FastShip,Economy,35.7,2025-11-03,2025-11-03,Clear,None
FTL-03920,2025-10-23,Chicago,Houston,LogiPro,Express,14.9,2025-10-30,2025-10-30,Clear,None
FTL-03921,2025-10-21,Phoenix,Miami,LogiPro,Economy,20.3,2025-10-28,2025-10-28,Clear,None
FTL-03922,2025-06-08,Atlanta,Nashville,QuickMove,Economy,18.0,2025-06-14,2025-06-14,Clear,None
FTL-03923,2025-07-08,Atlanta,Houston,LogiPro,Economy,26.3,2025-07-15,2025-07-14,Clear,None
FTL-03924,2025-12-29,Phoenix,Los Angeles,LogiPro,Express,37.7,2026-01-05,2026-01-04,Rain,None
FTL-03925,2025-02-27,Denver,Houston,QuickMove,Economy,7.3,2025-03-03,2025-03-05,Fog,Carrier delay
FTL-03926,2025-05-10,Phoenix,Seattle,FastShip,Express,29.7,2025-05-16,2025-05-16,Clear,None
FTL-03927,2025-04-22,Atlanta,New York,FastShip,Economy,41.8,2025-04-27,2025-04-26,Clear,None
FTL-03928,2025-10-11,Atlanta,Minneapolis,LogiPro,Economy,47.0,2025-10-18,2025-10-17,Fog,None
FTL-03929,2025-10-12,Phoenix,Dallas,FastShip,Economy,28.9,2025-10-19,2025-10-19,Clear,None
FTL-03930,2025-01-09,Atlanta,Los Angeles,QuickMove,Express,49.3,2025-01-12,2025-01-11,Clear,None
FTL-03931,2025-09-12,Denver,Minneapolis,LogiPro,Economy,36.2,2025-09-16,2025-09-16,Clear,None
FTL-03932,2025-04-13,Atlanta,Minneapolis,LogiPro,Economy,1.5,2025-04-19,2025-04-19,Clear,None
FTL-03933,2025-03-01,Chicago,Los Angeles,LogiPro,Economy,19.0,2025-03-06,2025-03-06,Clear,None
FTL-03934,2025-02-18,Phoenix,San Francisco,FastShip,Economy,12.8,2025-02-23,2025-02-24,Rain,Sorting error
FTL-03935,2025-03-04,Denver,Miami,QuickMove,Economy,25.5,2025-03-08,2025-03-07,Clear,None
FTL-03936,2025-01-25,Denver,San Francisco,LogiPro,Express,15.3,2025-01-29,2025-01-29,Clear,None
FTL-03937,2025-08-04,Chicago,Dallas,QuickMove,Express,1.9,2025-08-09,2025-08-11,Clear,Weather disruption
FTL-03938,2025-02-26,Phoenix,Nashville,QuickMove,Economy,8.4,2025-03-04,2025-03-08,Clear,Sorting error
FTL-03939,2025-08-10,Phoenix,Boston,QuickMove,Economy,30.3,2025-08-13,2025-08-18,Clear,Carrier delay
FTL-03940,2025-10-06,Chicago,Miami,FastShip,Economy,35.0,2025-10-13,2025-10-12,Clear,None
FTL-03941,2025-11-30,Atlanta,Dallas,LogiPro,Economy,47.7,2025-12-03,2025-12-03,Rain,None
FTL-03942,2025-09-18,Chicago,New York,FastShip,Economy,8.4,2025-09-25,2025-09-24,Clear,None
FTL-03943,2025-06-03,Atlanta,Seattle,LogiPro,Economy,29.0,2025-06-06,2025-06-06,Snow,None
FTL-03944,2025-01-17,Phoenix,Nashville,QuickMove,Economy,39.7,2025-01-20,2025-01-19,Clear,None
FTL-03945,2025-08-13,Chicago,San Francisco,LogiPro,Express,21.3,2025-08-17,2025-08-16,Clear,None
FTL-03946,2025-06-29,Denver,New York,QuickMove,Economy,20.7,2025-07-04,2025-07-03,Clear,None
FTL-03947,2025-08-02,Phoenix,Boston,FastShip,Express,14.5,2025-08-06,2025-08-05,Clear,None
FTL-03948,2025-01-25,Denver,Dallas,LogiPro,Economy,16.3,2025-02-01,2025-02-01,Snow,None
FTL-03949,2025-04-26,Phoenix,Los Angeles,QuickMove,Express,15.0,2025-05-02,2025-05-02,Rain,None
FTL-03950,2025-03-19,Atlanta,Los Angeles,QuickMove,Express,42.8,2025-03-22,2025-03-25,Rain,Carrier delay
FTL-03951,2025-03-09,Phoenix,Dallas,FastShip,Economy,45.0,2025-03-16,2025-03-15,Clear,None
FTL-03952,2025-10-01,Atlanta,Seattle,QuickMove,Express,17.6,2025-10-04,2025-10-09,Clear,Address issue
FTL-03953,2025-08-22,Chicago,Seattle,QuickMove,Express,44.1,2025-08-27,2025-08-27,Fog,None
FTL-03954,2025-05-08,Denver,Nashville,FastShip,Economy,16.5,2025-05-14,2025-05-14,Clear,None
FTL-03955,2025-01-03,Denver,Nashville,FastShip,Express,49.8,2025-01-10,2025-01-09,Snow,None
FTL-03956,2025-10-04,Chicago,Seattle,QuickMove,Express,3.9,2025-10-08,2025-10-07,Clear,None
FTL-03957,2025-01-11,Chicago,Miami,LogiPro,Economy,41.9,2025-01-15,2025-01-14,Fog,None
FTL-03958,2025-06-30,Atlanta,Nashville,LogiPro,Economy,41.5,2025-07-05,2025-07-04,Clear,None
FTL-03959,2025-07-31,Phoenix,Houston,FastShip,Express,35.8,2025-08-06,2025-08-05,Clear,None
FTL-03960,2025-11-23,Atlanta,Minneapolis,QuickMove,Economy,49.6,2025-11-27,2025-11-29,Clear,Carrier delay
FTL-03961,2025-05-03,Chicago,San Francisco,FastShip,Economy,4.6,2025-05-06,2025-05-06,Rain,None
FTL-03962,2025-06-04,Denver,Minneapolis,QuickMove,Economy,8.2,2025-06-08,2025-06-12,Fog,Carrier delay
FTL-03963,2025-05-19,Chicago,Dallas,FastShip,Economy,43.0,2025-05-25,2025-05-24,Clear,None
FTL-03964,2025-12-29,Atlanta,Seattle,QuickMove,Express,39.7,2026-01-05,2026-01-04,Fog,None
FTL-03965,2025-07-23,Chicago,Boston,QuickMove,Economy,32.3,2025-07-28,2025-07-27,Clear,None
FTL-03966,2025-09-13,Atlanta,Seattle,QuickMove,Express,36.6,2025-09-16,2025-09-15,Clear,None
FTL-03967,2025-02-06,Denver,Los Angeles,FastShip,Economy,23.0,2025-02-11,2025-02-10,Clear,None
FTL-03968,2025-04-26,Atlanta,Boston,FastShip,Express,14.5,2025-04-29,2025-04-29,Clear,None
FTL-03969,2025-01-07,Phoenix,Boston,FastShip,Economy,24.1,2025-01-14,2025-01-13,Fog,None
FTL-03970,2025-10-24,Phoenix,Miami,LogiPro,Economy,22.6,2025-10-29,2025-10-28,Clear,None
FTL-03971,2025-01-20,Denver,New York,FastShip,Economy,10.3,2025-01-24,2025-01-24,Snow,None
FTL-03972,2025-02-21,Atlanta,Nashville,LogiPro,Express,6.6,2025-02-28,2025-02-27,Clear,None
FTL-03973,2025-05-13,Phoenix,San Francisco,QuickMove,Express,18.0,2025-05-16,2025-05-18,Rain,Carrier delay
FTL-03974,2025-09-21,Denver,Houston,QuickMove,Express,18.0,2025-09-26,2025-09-25,Rain,None
FTL-03975,2025-05-19,Phoenix,Nashville,FastShip,Express,38.2,2025-05-24,2025-05-27,Clear,Warehouse processing
FTL-03976,2025-01-12,Chicago,New York,LogiPro,Express,38.4,2025-01-16,2025-01-15,Rain,None
FTL-03977,2025-09-28,Chicago,Miami,LogiPro,Economy,38.3,2025-10-04,2025-10-03,Fog,None
FTL-03978,2025-10-22,Atlanta,New York,LogiPro,Express,12.1,2025-10-27,2025-10-27,Clear,None
FTL-03979,2025-06-11,Atlanta,Nashville,FastShip,Express,6.1,2025-06-15,2025-06-15,Clear,None
FTL-03980,2025-10-07,Phoenix,Miami,QuickMove,Express,2.4,2025-10-13,2025-10-13,Rain,None
FTL-03981,2025-06-27,Atlanta,Miami,LogiPro,Express,39.4,2025-06-30,2025-06-30,Clear,None
FTL-03982,2025-07-05,Phoenix,Boston,LogiPro,Express,8.5,2025-07-08,2025-07-07,Clear,None
FTL-03983,2025-04-17,Atlanta,Nashville,LogiPro,Economy,11.6,2025-04-24,2025-04-27,Clear,Address issue
FTL-03984,2025-03-02,Denver,Boston,FastShip,Express,27.5,2025-03-07,2025-03-07,Snow,None
FTL-03985,2025-07-18,Denver,Minneapolis,QuickMove,Economy,1.4,2025-07-22,2025-07-26,Rain,Carrier delay
FTL-03986,2025-04-26,Phoenix,Nashville,FastShip,Express,46.1,2025-04-30,2025-04-30,Fog,None
FTL-03987,2025-06-16,Denver,New York,QuickMove,Express,7.1,2025-06-21,2025-06-21,Clear,None
FTL-03988,2025-11-17,Chicago,New York,QuickMove,Express,19.8,2025-11-21,2025-11-20,Snow,None
FTL-03989,2025-01-22,Atlanta,Dallas,FastShip,Express,38.0,2025-01-25,2025-01-25,Rain,None
FTL-03990,2025-10-17,Denver,Houston,FastShip,Economy,37.8,2025-10-23,2025-10-23,Clear,None
FTL-03991,2025-05-20,Atlanta,Nashville,QuickMove,Economy,33.7,2025-05-23,2025-05-27,Rain,Carrier delay
FTL-03992,2025-09-19,Denver,Dallas,FastShip,Economy,24.8,2025-09-24,2025-09-24,Clear,None
FTL-03993,2025-02-12,Chicago,Minneapolis,FastShip,Express,47.3,2025-02-15,2025-02-14,Snow,None
FTL-03994,2025-05-14,Denver,Houston,FastShip,Economy,45.2,2025-05-19,2025-05-19,Clear,None
FTL-03995,2025-04-05,Phoenix,Nashville,QuickMove,Express,41.2,2025-04-12,2025-04-11,Rain,None
FTL-03996,2025-04-14,Chicago,Los Angeles,LogiPro,Express,45.0,2025-04-19,2025-04-19,Clear,None
FTL-03997,2025-09-16,Atlanta,San Francisco,FastShip,Express,35.1,2025-09-23,2025-09-22,Clear,None
FTL-03998,2025-09-28,Chicago,Houston,QuickMove,Express,38.6,2025-10-03,2025-10-03,Rain,None
FTL-03999,2025-05-19,Denver,Dallas,QuickMove,Express,45.2,2025-05-23,2025-05-22,Clear,None
FTL-04000,2025-05-28,Phoenix,New York,LogiPro,Express,34.1,2025-06-01,2025-06-02,Clear,Warehouse processing
FTL-04001,2025-07-08,Denver,Seattle,FastShip,Economy,9.0,2025-07-12,2025-07-11,Clear,None
FTL-04002,2025-11-04,Chicago,New York,FastShip,Express,48.4,2025-11-08,2025-11-08,Rain,None
FTL-04003,2025-08-30,Phoenix,Seattle,FastShip,Express,25.1,2025-09-06,2025-09-09,Clear,Warehouse processing
FTL-04004,2025-05-31,Phoenix,Boston,FastShip,Express,17.6,2025-06-04,2025-06-03,Clear,None
FTL-04005,2025-08-07,Chicago,Miami,QuickMove,Economy,22.4,2025-08-14,2025-08-14,Clear,None
FTL-04006,2025-04-22,Atlanta,Houston,QuickMove,Express,36.0,2025-04-29,2025-04-28,Clear,None
FTL-04007,2025-01-21,Chicago,Seattle,LogiPro,Economy,35.6,2025-01-24,2025-01-24,Clear,None
FTL-04008,2025-09-15,Denver,Seattle,LogiPro,Economy,12.9,2025-09-19,2025-09-19,Clear,None
FTL-04009,2025-07-12,Chicago,Houston,FastShip,Express,13.6,2025-07-17,2025-07-17,Clear,None
FTL-04010,2025-06-08,Denver,Boston,FastShip,Economy,21.0,2025-06-13,2025-06-13,Clear,None
FTL-04011,2025-06-24,Phoenix,Seattle,FastShip,Express,41.8,2025-06-27,2025-06-26,Fog,None
FTL-04012,2025-11-18,Denver,Minneapolis,FastShip,Economy,30.1,2025-11-24,2025-11-23,Clear,None
FTL-04013,2025-11-30,Atlanta,Nashville,QuickMove,Economy,44.7,2025-12-07,2025-12-09,Rain,Carrier delay
FTL-04014,2025-05-14,Phoenix,Minneapolis,FastShip,Economy,8.0,2025-05-19,2025-05-24,Clear,Warehouse processing
FTL-04015,2025-03-12,Chicago,Nashville,QuickMove,Express,46.4,2025-03-19,2025-03-19,Fog,None
FTL-04016,2025-12-17,Phoenix,Miami,QuickMove,Economy,17.6,2025-12-20,2025-12-25,Snow,Address issue
FTL-04017,2025-07-23,Atlanta,Dallas,QuickMove,Express,26.5,2025-07-29,2025-07-28,Fog,None
FTL-04018,2025-03-28,Chicago,Houston,LogiPro,Express,24.1,2025-04-01,2025-03-31,Clear,None
FTL-04019,2025-11-04,Phoenix,New York,QuickMove,Economy,39.3,2025-11-08,2025-11-08,Snow,None
FTL-04020,2025-08-02,Atlanta,New York,QuickMove,Express,34.1,2025-08-09,2025-08-09,Clear,None
FTL-04021,2025-06-30,Atlanta,San Francisco,QuickMove,Economy,32.3,2025-07-06,2025-07-07,Rain,Carrier delay
FTL-04022,2025-04-22,Phoenix,Boston,FastShip,Economy,22.4,2025-04-27,2025-04-30,Clear,Warehouse processing
FTL-04023,2025-09-17,Chicago,New York,LogiPro,Economy,2.4,2025-09-21,2025-09-21,Rain,None
FTL-04024,2025-03-25,Phoenix,Boston,QuickMove,Economy,17.7,2025-04-01,2025-04-04,Snow,Address issue
FTL-04025,2025-10-20,Phoenix,Los Angeles,LogiPro,Economy,39.1,2025-10-27,2025-10-27,Clear,None
FTL-04026,2025-05-16,Denver,New York,QuickMove,Economy,27.8,2025-05-20,2025-05-19,Rain,None
FTL-04027,2025-09-08,Phoenix,Dallas,LogiPro,Express,49.4,2025-09-11,2025-09-11,Rain,None
FTL-04028,2025-04-30,Denver,Houston,FastShip,Economy,15.3,2025-05-06,2025-05-05,Clear,None
FTL-04029,2025-08-18,Atlanta,Houston,QuickMove,Economy,7.9,2025-08-24,2025-08-23,Clear,None
FTL-04030,2025-12-08,Atlanta,Dallas,LogiPro,Economy,43.4,2025-12-13,2025-12-13,Rain,None
FTL-04031,2025-01-25,Chicago,Boston,LogiPro,Economy,21.5,2025-01-29,2025-01-29,Clear,None
FTL-04032,2025-04-17,Denver,Miami,FastShip,Express,39.8,2025-04-20,2025-04-19,Rain,None
FTL-04033,2025-12-27,Chicago,Boston,QuickMove,Express,37.7,2026-01-03,2026-01-07,Snow,Vehicle breakdown
FTL-04034,2025-06-29,Chicago,Boston,FastShip,Economy,44.7,2025-07-05,2025-07-04,Rain,None
FTL-04035,2025-06-15,Denver,San Francisco,QuickMove,Economy,38.0,2025-06-18,2025-06-18,Rain,None
FTL-04036,2025-01-12,Atlanta,Minneapolis,FastShip,Express,15.3,2025-01-18,2025-01-17,Clear,None
FTL-04037,2025-05-01,Atlanta,Seattle,QuickMove,Express,46.7,2025-05-08,2025-05-07,Rain,None
FTL-04038,2025-11-30,Denver,Miami,QuickMove,Express,9.8,2025-12-03,2025-12-02,Clear,None
FTL-04039,2025-10-01,Denver,Houston,QuickMove,Economy,8.4,2025-10-04,2025-10-04,Clear,None
FTL-04040,2025-01-08,Chicago,Seattle,QuickMove,Express,38.4,2025-01-11,2025-01-10,Rain,None
FTL-04041,2025-04-13,Atlanta,Los Angeles,QuickMove,Economy,33.7,2025-04-17,2025-04-20,Rain,Sorting error
FTL-04042,2025-02-20,Chicago,Miami,LogiPro,Express,6.8,2025-02-23,2025-02-22,Snow,None
FTL-04043,2025-02-04,Chicago,Minneapolis,QuickMove,Express,5.2,2025-02-07,2025-02-06,Snow,None
FTL-04044,2025-01-26,Chicago,Los Angeles,QuickMove,Economy,34.5,2025-01-29,2025-01-31,Snow,Carrier delay
FTL-04045,2025-11-30,Phoenix,Seattle,QuickMove,Express,35.4,2025-12-05,2025-12-10,Clear,Carrier delay
FTL-04046,2025-02-02,Denver,New York,LogiPro,Express,45.0,2025-02-08,2025-02-09,Clear,Vehicle breakdown
FTL-04047,2025-04-11,Atlanta,San Francisco,QuickMove,Economy,45.4,2025-04-17,2025-04-17,Clear,None
FTL-04048,2025-06-17,Denver,Los Angeles,QuickMove,Express,5.9,2025-06-22,2025-06-21,Clear,None
FTL-04049,2025-01-26,Denver,Los Angeles,LogiPro,Express,25.7,2025-01-29,2025-01-29,Snow,None
FTL-04050,2025-05-17,Denver,San Francisco,QuickMove,Economy,13.7,2025-05-20,2025-05-20,Clear,None
FTL-04051,2025-02-18,Chicago,New York,FastShip,Express,47.8,2025-02-22,2025-02-22,Clear,None
FTL-04052,2025-09-15,Phoenix,New York,LogiPro,Economy,35.9,2025-09-20,2025-09-20,Clear,None
FTL-04053,2025-12-04,Atlanta,Dallas,FastShip,Express,28.4,2025-12-11,2025-12-15,Snow,Address issue
FTL-04054,2025-02-20,Chicago,Miami,QuickMove,Economy,27.4,2025-02-24,2025-02-23,Rain,None
FTL-04055,2025-06-21,Phoenix,Boston,LogiPro,Express,28.1,2025-06-26,2025-06-25,Clear,None
FTL-04056,2025-04-06,Atlanta,Seattle,LogiPro,Economy,17.4,2025-04-13,2025-04-13,Clear,None
FTL-04057,2025-01-01,Atlanta,Minneapolis,LogiPro,Economy,7.8,2025-01-08,2025-01-07,Clear,None
FTL-04058,2025-02-03,Denver,San Francisco,LogiPro,Economy,29.8,2025-02-09,2025-02-09,Rain,None
FTL-04059,2025-08-30,Denver,Miami,FastShip,Economy,24.2,2025-09-03,2025-09-02,Snow,None
FTL-04060,2025-09-11,Atlanta,Los Angeles,LogiPro,Economy,7.7,2025-09-15,2025-09-15,Clear,None
FTL-04061,2025-12-13,Chicago,Boston,QuickMove,Express,26.1,2025-12-20,2025-12-23,Fog,Carrier delay
FTL-04062,2025-02-16,Atlanta,Houston,LogiPro,Economy,2.9,2025-02-21,2025-02-20,Snow,None
FTL-04063,2025-06-09,Denver,New York,QuickMove,Express,33.7,2025-06-15,2025-06-15,Fog,None
FTL-04064,2025-10-13,Chicago,Los Angeles,QuickMove,Express,26.9,2025-10-19,2025-10-19,Clear,None
FTL-04065,2025-06-22,Phoenix,Minneapolis,QuickMove,Economy,36.1,2025-06-29,2025-07-03,Clear,Vehicle breakdown
FTL-04066,2025-01-21,Chicago,Miami,QuickMove,Express,28.0,2025-01-28,2025-01-28,Clear,None
FTL-04067,2025-04-24,Atlanta,Dallas,QuickMove,Economy,34.3,2025-04-30,2025-04-30,Clear,None
FTL-04068,2025-12-25,Atlanta,New York,QuickMove,Express,36.9,2025-12-28,2026-01-01,Rain,Carrier delay
FTL-04069,2025-10-02,Denver,Boston,FastShip,Economy,35.7,2025-10-08,2025-10-08,Fog,None
FTL-04070,2025-07-15,Denver,Minneapolis,QuickMove,Express,13.2,2025-07-19,2025-07-19,Rain,None
FTL-04071,2025-07-31,Denver,New York,FastShip,Economy,41.3,2025-08-05,2025-08-05,Clear,None
FTL-04072,2025-11-21,Denver,Seattle,FastShip,Express,33.4,2025-11-27,2025-11-26,Clear,None
FTL-04073,2025-06-20,Atlanta,Nashville,FastShip,Economy,23.5,2025-06-26,2025-06-26,Clear,None
FTL-04074,2025-11-21,Denver,San Francisco,FastShip,Express,5.5,2025-11-28,2025-11-28,Rain,None
FTL-04075,2025-10-25,Chicago,San Francisco,QuickMove,Express,13.6,2025-10-29,2025-11-03,Clear,Weather disruption
FTL-04076,2025-09-12,Chicago,Seattle,FastShip,Economy,38.5,2025-09-19,2025-09-18,Clear,None
FTL-04077,2025-09-22,Denver,Nashville,QuickMove,Express,50.0,2025-09-28,2025-09-28,Clear,None
FTL-04078,2025-03-20,Phoenix,Nashville,QuickMove,Economy,26.2,2025-03-25,2025-03-29,Clear,Sorting error
FTL-04079,2025-01-11,Phoenix,Houston,FastShip,Economy,3.9,2025-01-16,2025-01-16,Fog,None
FTL-04080,2025-06-16,Denver,San Francisco,FastShip,Economy,28.1,2025-06-20,2025-06-19,Rain,None
FTL-04081,2025-03-12,Atlanta,Seattle,QuickMove,Economy,1.4,2025-03-16,2025-03-15,Clear,None
FTL-04082,2025-10-28,Chicago,Minneapolis,QuickMove,Economy,49.9,2025-10-31,2025-10-30,Clear,None
FTL-04083,2025-12-21,Phoenix,Miami,FastShip,Express,46.2,2025-12-25,2025-12-25,Snow,None
FTL-04084,2025-03-10,Denver,Houston,QuickMove,Economy,44.1,2025-03-14,2025-03-13,Snow,None
FTL-04085,2025-04-27,Phoenix,Dallas,QuickMove,Economy,23.9,2025-05-02,2025-05-04,Fog,Carrier delay
FTL-04086,2025-07-21,Denver,Minneapolis,LogiPro,Economy,7.2,2025-07-26,2025-07-26,Clear,None
FTL-04087,2025-08-23,Atlanta,Minneapolis,FastShip,Economy,6.2,2025-08-26,2025-08-26,Snow,None
FTL-04088,2025-08-06,Atlanta,Dallas,LogiPro,Economy,25.1,2025-08-11,2025-08-11,Rain,None
FTL-04089,2025-06-01,Atlanta,Houston,LogiPro,Express,15.6,2025-06-06,2025-06-06,Rain,None
FTL-04090,2025-05-30,Phoenix,Miami,QuickMove,Express,48.4,2025-06-02,2025-06-01,Clear,None
FTL-04091,2025-07-30,Denver,San Francisco,QuickMove,Express,9.1,2025-08-04,2025-08-04,Fog,None
FTL-04092,2025-08-21,Phoenix,Dallas,LogiPro,Economy,13.0,2025-08-24,2025-08-25,Clear,Carrier delay
FTL-04093,2025-04-21,Chicago,Boston,QuickMove,Economy,25.8,2025-04-24,2025-04-27,Rain,Vehicle breakdown
FTL-04094,2025-08-14,Chicago,Minneapolis,FastShip,Economy,15.1,2025-08-19,2025-08-19,Rain,None
FTL-04095,2025-12-15,Chicago,Los Angeles,LogiPro,Economy,12.1,2025-12-18,2025-12-22,Snow,Weather disruption
FTL-04096,2025-06-03,Chicago,Miami,QuickMove,Express,27.3,2025-06-10,2025-06-15,Rain,Carrier delay
FTL-04097,2025-02-27,Chicago,Dallas,LogiPro,Economy,20.5,2025-03-06,2025-03-06,Clear,None
FTL-04098,2025-12-23,Chicago,Dallas,QuickMove,Express,15.1,2025-12-29,2025-12-28,Clear,None
FTL-04099,2025-08-06,Chicago,Minneapolis,QuickMove,Economy,29.5,2025-08-09,2025-08-08,Clear,None
FTL-04100,2025-09-26,Chicago,Dallas,LogiPro,Economy,10.8,2025-09-30,2025-09-30,Clear,None
FTL-04101,2025-12-17,Chicago,Houston,FastShip,Express,13.1,2025-12-22,2025-12-21,Snow,None
FTL-04102,2025-10-30,Phoenix,Miami,FastShip,Express,21.0,2025-11-03,2025-11-03,Clear,None
FTL-04103,2025-07-15,Chicago,Nashville,LogiPro,Economy,42.9,2025-07-18,2025-07-22,Clear,Warehouse processing
FTL-04104,2025-04-02,Denver,Boston,LogiPro,Economy,33.7,2025-04-09,2025-04-08,Rain,None
FTL-04105,2025-07-06,Phoenix,Houston,FastShip,Express,42.9,2025-07-11,2025-07-11,Clear,None
FTL-04106,2025-02-13,Atlanta,New York,LogiPro,Express,42.6,2025-02-19,2025-02-18,Fog,None
FTL-04107,2025-12-24,Phoenix,Boston,QuickMove,Economy,19.0,2025-12-30,2026-01-02,Clear,Vehicle breakdown
FTL-04108,2025-10-07,Denver,Boston,LogiPro,Economy,30.2,2025-10-11,2025-10-11,Clear,None
FTL-04109,2025-05-10,Chicago,Nashville,FastShip,Express,25.8,2025-05-14,2025-05-13,Clear,None
FTL-04110,2025-01-28,Chicago,Minneapolis,LogiPro,Express,5.2,2025-02-02,2025-02-02,Clear,None
FTL-04111,2025-09-10,Denver,San Francisco,QuickMove,Economy,33.5,2025-09-17,2025-09-17,Clear,None
FTL-04112,2025-11-25,Atlanta,Dallas,LogiPro,Express,19.1,2025-11-28,2025-12-01,Clear,Carrier delay
FTL-04113,2025-08-02,Atlanta,Nashville,QuickMove,Express,39.8,2025-08-06,2025-08-08,Snow,Carrier delay
FTL-04114,2025-09-06,Chicago,Dallas,FastShip,Economy,5.6,2025-09-10,2025-09-09,Rain,None
FTL-04115,2025-10-01,Chicago,San Francisco,QuickMove,Express,24.2,2025-10-08,2025-10-08,Clear,None
FTL-04116,2025-09-05,Phoenix,New York,LogiPro,Express,4.1,2025-09-11,2025-09-10,Fog,None
FTL-04117,2025-05-29,Chicago,Nashville,QuickMove,Economy,2.4,2025-06-05,2025-06-05,Clear,None
FTL-04118,2025-01-14,Atlanta,Los Angeles,LogiPro,Express,23.9,2025-01-19,2025-01-19,Snow,None
FTL-04119,2025-02-16,Phoenix,Seattle,LogiPro,Economy,27.5,2025-02-22,2025-02-21,Snow,None
FTL-04120,2025-01-22,Phoenix,Nashville,FastShip,Express,31.4,2025-01-29,2025-01-30,Clear,Warehouse processing
FTL-04121,2025-02-19,Chicago,Boston,FastShip,Economy,21.7,2025-02-24,2025-02-24,Clear,None
FTL-04122,2025-08-06,Denver,Miami,FastShip,Economy,5.8,2025-08-10,2025-08-10,Rain,None
FTL-04123,2025-07-29,Phoenix,Los Angeles,FastShip,Express,27.8,2025-08-01,2025-08-01,Fog,None
FTL-04124,2025-10-14,Phoenix,New York,LogiPro,Economy,10.0,2025-10-18,2025-10-18,Clear,None
FTL-04125,2025-09-28,Phoenix,San Francisco,QuickMove,Express,6.5,2025-10-03,2025-10-02,Clear,None
FTL-04126,2025-09-30,Denver,Seattle,LogiPro,Express,48.9,2025-10-07,2025-10-06,Rain,None
FTL-04127,2025-06-06,Phoenix,Dallas,QuickMove,Economy,32.9,2025-06-10,2025-06-11,Clear,Carrier delay
FTL-04128,2025-10-31,Denver,Dallas,QuickMove,Economy,49.4,2025-11-03,2025-11-08,Clear,Address issue
FTL-04129,2025-09-29,Phoenix,Nashville,FastShip,Express,39.3,2025-10-06,2025-10-06,Clear,None
FTL-04130,2025-06-28,Phoenix,Seattle,QuickMove,Express,30.2,2025-07-05,2025-07-05,Clear,None
FTL-04131,2025-01-21,Atlanta,Minneapolis,QuickMove,Economy,42.7,2025-01-27,2025-01-31,Rain,Address issue
FTL-04132,2025-07-30,Phoenix,Nashville,LogiPro,Express,18.1,2025-08-03,2025-08-02,Clear,None
FTL-04133,2025-04-07,Phoenix,San Francisco,FastShip,Economy,8.5,2025-04-11,2025-04-10,Rain,None
FTL-04134,2025-11-08,Denver,Minneapolis,QuickMove,Economy,22.7,2025-11-11,2025-11-11,Fog,None
FTL-04135,2025-05-18,Phoenix,Houston,QuickMove,Economy,34.5,2025-05-25,2025-05-28,Clear,Vehicle breakdown
FTL-04136,2025-02-21,Chicago,Boston,QuickMove,Express,8.3,2025-02-26,2025-02-25,Clear,None
FTL-04137,2025-08-22,Denver,Boston,FastShip,Express,36.2,2025-08-27,2025-08-27,Fog,None
FTL-04138,2025-09-09,Phoenix,Boston,LogiPro,Economy,24.3,2025-09-12,2025-09-13,Clear,Carrier delay
FTL-04139,2025-04-15,Denver,Minneapolis,QuickMove,Economy,23.9,2025-04-19,2025-04-19,Clear,None
FTL-04140,2025-09-16,Chicago,Boston,QuickMove,Economy,49.3,2025-09-19,2025-09-19,Rain,None
FTL-04141,2025-04-20,Atlanta,San Francisco,FastShip,Economy,42.1,2025-04-24,2025-04-24,Clear,None
FTL-04142,2025-07-07,Denver,Houston,QuickMove,Express,8.1,2025-07-12,2025-07-17,Clear,Vehicle breakdown
FTL-04143,2025-09-29,Phoenix,Houston,QuickMove,Economy,3.6,2025-10-04,2025-10-03,Clear,None
FTL-04144,2025-03-08,Phoenix,Boston,QuickMove,Economy,34.3,2025-03-13,2025-03-13,Fog,None
FTL-04145,2025-04-02,Phoenix,Seattle,QuickMove,Economy,2.9,2025-04-07,2025-04-07,Clear,None
FTL-04146,2025-12-27,Chicago,Miami,QuickMove,Economy,39.6,2026-01-02,2026-01-07,Snow,Carrier delay
FTL-04147,2025-12-07,Phoenix,Minneapolis,QuickMove,Express,37.3,2025-12-13,2025-12-18,Snow,Carrier delay
FTL-04148,2025-12-22,Phoenix,Boston,QuickMove,Economy,37.9,2025-12-26,2025-12-25,Snow,None
FTL-04149,2025-10-27,Phoenix,Boston,FastShip,Express,30.8,2025-10-30,2025-10-29,Rain,None
FTL-04150,2025-08-25,Atlanta,New York,FastShip,Express,13.9,2025-08-31,2025-08-31,Clear,None
FTL-04151,2025-04-04,Atlanta,San Francisco,LogiPro,Express,10.4,2025-04-09,2025-04-09,Clear,None
FTL-04152,2025-06-27,Atlanta,Miami,FastShip,Economy,19.6,2025-07-03,2025-07-03,Clear,None
FTL-04153,2025-04-08,Denver,Los Angeles,FastShip,Economy,20.0,2025-04-12,2025-04-12,Clear,None
FTL-04154,2025-08-23,Atlanta,Minneapolis,LogiPro,Economy,45.5,2025-08-28,2025-08-27,Clear,None
FTL-04155,2025-11-01,Chicago,Los Angeles,LogiPro,Express,27.8,2025-11-04,2025-11-04,Snow,None
FTL-04156,2025-09-24,Atlanta,New York,FastShip,Express,24.0,2025-09-29,2025-09-28,Clear,None
FTL-04157,2025-11-14,Atlanta,Miami,FastShip,Economy,26.3,2025-11-20,2025-11-19,Snow,None
FTL-04158,2025-01-31,Atlanta,Miami,QuickMove,Express,44.4,2025-02-06,2025-02-05,Snow,None
FTL-04159,2025-01-07,Atlanta,Los Angeles,QuickMove,Economy,11.1,2025-01-12,2025-01-11,Snow,None
FTL-04160,2025-05-08,Chicago,Houston,QuickMove,Economy,28.8,2025-05-13,2025-05-13,Clear,None
FTL-04161,2025-01-07,Denver,Dallas,FastShip,Economy,3.2,2025-01-11,2025-01-11,Clear,None
FTL-04162,2025-09-14,Chicago,Houston,QuickMove,Express,6.1,2025-09-20,2025-09-20,Rain,None
FTL-04163,2025-08-09,Phoenix,Boston,QuickMove,Express,23.9,2025-08-16,2025-08-16,Clear,None
FTL-04164,2025-07-09,Atlanta,Minneapolis,FastShip,Express,19.0,2025-07-12,2025-07-12,Rain,None
FTL-04165,2025-08-01,Denver,Seattle,LogiPro,Economy,39.9,2025-08-06,2025-08-05,Clear,None
FTL-04166,2025-07-23,Atlanta,Miami,QuickMove,Economy,34.0,2025-07-29,2025-07-29,Snow,None
FTL-04167,2025-03-08,Chicago,Boston,FastShip,Economy,25.4,2025-03-14,2025-03-14,Clear,None
FTL-04168,2025-07-03,Chicago,New York,QuickMove,Economy,46.9,2025-07-10,2025-07-11,Clear,Carrier delay
FTL-04169,2025-05-01,Denver,Minneapolis,QuickMove,Express,49.0,2025-05-07,2025-05-06,Rain,None
FTL-04170,2025-11-19,Denver,Houston,FastShip,Economy,48.6,2025-11-22,2025-11-22,Snow,None
FTL-04171,2025-08-21,Phoenix,Seattle,FastShip,Express,36.4,2025-08-24,2025-08-25,Snow,Warehouse processing
FTL-04172,2025-02-26,Denver,Los Angeles,QuickMove,Economy,8.7,2025-03-05,2025-03-05,Clear,None
FTL-04173,2025-09-06,Atlanta,Los Angeles,QuickMove,Express,40.9,2025-09-09,2025-09-08,Rain,None
FTL-04174,2025-07-25,Denver,Dallas,QuickMove,Economy,38.7,2025-07-29,2025-07-30,Clear,Carrier delay
FTL-04175,2025-05-21,Denver,Los Angeles,LogiPro,Express,8.8,2025-05-24,2025-05-24,Clear,None
FTL-04176,2025-11-07,Chicago,Boston,QuickMove,Economy,16.8,2025-11-10,2025-11-09,Snow,None
FTL-04177,2025-12-12,Phoenix,Boston,LogiPro,Economy,21.9,2025-12-16,2025-12-20,Rain,Sorting error
FTL-04178,2025-04-24,Chicago,Nashville,QuickMove,Economy,30.5,2025-05-01,2025-05-03,Clear,Sorting error
FTL-04179,2025-12-21,Denver,San Francisco,QuickMove,Express,47.3,2025-12-28,2025-12-27,Snow,None
FTL-04180,2025-04-29,Phoenix,Los Angeles,LogiPro,Express,37.1,2025-05-03,2025-05-02,Rain,None
FTL-04181,2025-06-11,Denver,Houston,LogiPro,Economy,3.8,2025-06-17,2025-06-17,Clear,None
FTL-04182,2025-05-04,Chicago,Los Angeles,FastShip,Express,42.5,2025-05-10,2025-05-09,Clear,None
FTL-04183,2025-05-01,Chicago,Nashville,FastShip,Economy,38.2,2025-05-08,2025-05-07,Clear,None
FTL-04184,2025-04-11,Phoenix,Boston,QuickMove,Economy,26.6,2025-04-15,2025-04-14,Clear,None
FTL-04185,2025-06-13,Phoenix,New York,FastShip,Express,47.6,2025-06-16,2025-06-16,Clear,None
FTL-04186,2025-01-08,Chicago,Los Angeles,LogiPro,Economy,6.5,2025-01-15,2025-01-15,Snow,None
FTL-04187,2025-06-30,Denver,Dallas,QuickMove,Economy,38.4,2025-07-06,2025-07-05,Rain,None
FTL-04188,2025-09-08,Phoenix,Seattle,QuickMove,Express,6.7,2025-09-12,2025-09-12,Fog,None
FTL-04189,2025-07-20,Phoenix,Seattle,FastShip,Express,16.1,2025-07-25,2025-07-25,Clear,None
FTL-04190,2025-06-20,Atlanta,Houston,QuickMove,Express,17.1,2025-06-24,2025-06-24,Rain,None
FTL-04191,2025-10-15,Phoenix,San Francisco,FastShip,Economy,2.9,2025-10-21,2025-10-20,Clear,None
FTL-04192,2025-04-19,Phoenix,Miami,QuickMove,Express,36.2,2025-04-23,2025-04-23,Rain,None
FTL-04193,2025-07-29,Phoenix,San Francisco,FastShip,Express,8.4,2025-08-02,2025-08-02,Clear,None
FTL-04194,2025-06-22,Phoenix,San Francisco,QuickMove,Economy,45.0,2025-06-28,2025-07-01,Fog,Carrier delay
FTL-04195,2025-10-09,Atlanta,Boston,LogiPro,Economy,18.9,2025-10-16,2025-10-15,Fog,None
FTL-04196,2025-11-13,Chicago,Nashville,QuickMove,Economy,21.8,2025-11-17,2025-11-16,Snow,None
FTL-04197,2025-04-03,Phoenix,Dallas,QuickMove,Economy,2.9,2025-04-09,2025-04-08,Clear,None
FTL-04198,2025-10-29,Phoenix,Minneapolis,FastShip,Express,41.4,2025-11-01,2025-10-31,Clear,None
FTL-04199,2025-03-28,Chicago,Dallas,QuickMove,Express,3.9,2025-04-02,2025-04-01,Snow,None
FTL-04200,2025-05-11,Phoenix,New York,QuickMove,Express,8.0,2025-05-15,2025-05-15,Clear,None
FTL-04201,2025-08-08,Denver,San Francisco,QuickMove,Express,37.8,2025-08-14,2025-08-13,Clear,None
FTL-04202,2025-08-22,Phoenix,San Francisco,LogiPro,Express,42.6,2025-08-29,2025-08-29,Rain,None
FTL-04203,2025-01-11,Atlanta,Boston,FastShip,Economy,25.1,2025-01-18,2025-01-18,Rain,None
FTL-04204,2025-09-25,Atlanta,San Francisco,QuickMove,Economy,12.4,2025-10-01,2025-10-03,Clear,Weather disruption
FTL-04205,2025-04-28,Chicago,Miami,QuickMove,Express,35.0,2025-05-01,2025-05-01,Clear,None
FTL-04206,2025-12-22,Atlanta,Seattle,QuickMove,Economy,2.2,2025-12-27,2025-12-28,Clear,Carrier delay
FTL-04207,2025-01-03,Phoenix,Seattle,LogiPro,Economy,41.1,2025-01-09,2025-01-13,Snow,Sorting error
FTL-04208,2025-04-21,Atlanta,Los Angeles,FastShip,Express,18.5,2025-04-24,2025-04-24,Rain,None
FTL-04209,2025-02-28,Chicago,Seattle,LogiPro,Express,28.0,2025-03-04,2025-03-04,Clear,None
FTL-04210,2025-01-15,Chicago,Nashville,QuickMove,Express,17.8,2025-01-22,2025-01-21,Clear,None
FTL-04211,2025-03-09,Denver,San Francisco,FastShip,Express,35.2,2025-03-14,2025-03-13,Snow,None
FTL-04212,2025-06-12,Chicago,New York,FastShip,Express,26.9,2025-06-17,2025-06-17,Clear,None
FTL-04213,2025-11-28,Denver,Houston,FastShip,Express,34.7,2025-12-01,2025-12-01,Clear,None
FTL-04214,2025-07-03,Phoenix,Nashville,LogiPro,Economy,10.0,2025-07-07,2025-07-06,Clear,None
FTL-04215,2025-02-22,Phoenix,Los Angeles,LogiPro,Express,46.8,2025-03-01,2025-02-28,Rain,None
FTL-04216,2025-06-05,Denver,New York,QuickMove,Economy,9.9,2025-06-09,2025-06-09,Clear,None
FTL-04217,2025-02-08,Chicago,Nashville,FastShip,Economy,7.9,2025-02-12,2025-02-11,Clear,None
FTL-04218,2025-12-14,Phoenix,Minneapolis,QuickMove,Economy,31.3,2025-12-21,2025-12-23,Snow,Carrier delay
FTL-04219,2025-10-07,Phoenix,Houston,LogiPro,Economy,1.2,2025-10-14,2025-10-14,Rain,None
FTL-04220,2025-02-10,Atlanta,Dallas,QuickMove,Economy,6.8,2025-02-15,2025-02-15,Snow,None
FTL-04221,2025-06-30,Atlanta,Minneapolis,LogiPro,Economy,6.9,2025-07-07,2025-07-07,Rain,None
FTL-04222,2025-03-03,Atlanta,Los Angeles,FastShip,Express,18.9,2025-03-08,2025-03-08,Clear,None
FTL-04223,2025-03-06,Atlanta,Boston,FastShip,Express,36.1,2025-03-12,2025-03-12,Snow,None
FTL-04224,2025-02-23,Atlanta,Seattle,QuickMove,Express,44.2,2025-03-01,2025-03-01,Clear,None
FTL-04225,2025-02-19,Chicago,Houston,LogiPro,Express,41.7,2025-02-22,2025-02-22,Clear,None
FTL-04226,2025-06-20,Denver,Minneapolis,LogiPro,Express,4.0,2025-06-25,2025-06-24,Rain,None
FTL-04227,2025-07-28,Chicago,Boston,QuickMove,Economy,21.3,2025-08-01,2025-08-01,Clear,None
FTL-04228,2025-06-21,Denver,Houston,QuickMove,Express,5.9,2025-06-26,2025-06-29,Clear,Weather disruption
FTL-04229,2025-07-14,Chicago,Boston,FastShip,Express,24.9,2025-07-21,2025-07-20,Clear,None
FTL-04230,2025-02-03,Phoenix,Dallas,FastShip,Express,22.8,2025-02-09,2025-02-09,Fog,None
FTL-04231,2025-06-20,Atlanta,Los Angeles,LogiPro,Express,10.5,2025-06-27,2025-06-26,Clear,None
FTL-04232,2025-06-03,Phoenix,Los Angeles,QuickMove,Economy,20.9,2025-06-09,2025-06-09,Clear,None
FTL-04233,2025-06-12,Denver,New York,LogiPro,Express,22.8,2025-06-18,2025-06-17,Rain,None
FTL-04234,2025-03-01,Atlanta,Dallas,LogiPro,Express,27.3,2025-03-04,2025-03-03,Snow,None
FTL-04235,2025-06-10,Atlanta,San Francisco,LogiPro,Economy,48.6,2025-06-16,2025-06-16,Rain,None
FTL-04236,2025-07-08,Chicago,Dallas,LogiPro,Express,15.2,2025-07-15,2025-07-14,Rain,None
FTL-04237,2025-05-16,Denver,Dallas,LogiPro,Economy,19.1,2025-05-23,2025-05-26,Clear,Carrier delay
FTL-04238,2025-05-06,Chicago,New York,FastShip,Express,16.4,2025-05-13,2025-05-12,Clear,None
FTL-04239,2025-05-30,Chicago,Houston,QuickMove,Economy,35.8,2025-06-03,2025-06-02,Rain,None
FTL-04240,2025-12-04,Phoenix,Nashville,QuickMove,Express,13.1,2025-12-10,2025-12-11,Clear,Sorting error
FTL-04241,2025-03-16,Atlanta,Houston,FastShip,Express,3.6,2025-03-20,2025-03-20,Clear,None
FTL-04242,2025-08-07,Denver,Los Angeles,FastShip,Economy,45.9,2025-08-13,2025-08-13,Clear,None
FTL-04243,2025-09-12,Denver,New York,QuickMove,Express,12.8,2025-09-19,2025-09-19,Rain,None
FTL-04244,2025-08-26,Atlanta,Seattle,FastShip,Economy,18.2,2025-08-30,2025-08-29,Clear,None
FTL-04245,2025-05-24,Denver,New York,QuickMove,Economy,22.1,2025-05-30,2025-05-30,Fog,None
FTL-04246,2025-06-05,Chicago,Minneapolis,LogiPro,Economy,26.5,2025-06-09,2025-06-08,Clear,None
FTL-04247,2025-08-05,Denver,Nashville,LogiPro,Economy,45.5,2025-08-08,2025-08-07,Clear,None
FTL-04248,2025-06-28,Atlanta,San Francisco,LogiPro,Economy,43.6,2025-07-03,2025-07-03,Clear,None
FTL-04249,2025-01-17,Atlanta,Houston,FastShip,Express,27.2,2025-01-24,2025-01-24,Clear,None
FTL-04250,2025-01-20,Denver,New York,LogiPro,Economy,49.7,2025-01-24,2025-01-23,Snow,None
FTL-04251,2025-05-14,Atlanta,New York,FastShip,Economy,47.2,2025-05-21,2025-05-21,Clear,None
FTL-04252,2025-01-22,Atlanta,Seattle,QuickMove,Express,19.2,2025-01-27,2025-01-26,Clear,None
FTL-04253,2025-08-10,Chicago,Miami,LogiPro,Economy,43.5,2025-08-15,2025-08-14,Clear,None
FTL-04254,2025-08-27,Phoenix,Seattle,QuickMove,Express,14.5,2025-09-01,2025-09-01,Clear,None
FTL-04255,2025-08-02,Atlanta,Boston,QuickMove,Economy,31.5,2025-08-09,2025-08-08,Rain,None
FTL-04256,2025-09-27,Denver,Miami,LogiPro,Express,13.5,2025-10-03,2025-10-02,Rain,None
FTL-04257,2025-01-16,Denver,Los Angeles,QuickMove,Express,18.5,2025-01-20,2025-01-19,Rain,None
FTL-04258,2025-04-10,Denver,Minneapolis,QuickMove,Economy,29.4,2025-04-17,2025-04-17,Clear,None
FTL-04259,2025-05-05,Denver,Minneapolis,FastShip,Express,26.1,2025-05-10,2025-05-09,Rain,None
FTL-04260,2025-12-23,Phoenix,San Francisco,QuickMove,Express,36.7,2025-12-27,2025-12-29,Snow,Carrier delay
FTL-04261,2025-11-06,Atlanta,Houston,LogiPro,Economy,2.3,2025-11-13,2025-11-13,Clear,None
FTL-04262,2025-05-26,Atlanta,Boston,FastShip,Economy,34.6,2025-05-29,2025-05-29,Rain,None
FTL-04263,2025-05-26,Phoenix,Nashville,QuickMove,Express,1.9,2025-05-30,2025-05-29,Clear,None
FTL-04264,2025-06-14,Chicago,Houston,QuickMove,Economy,34.5,2025-06-20,2025-06-24,Clear,Carrier delay
FTL-04265,2025-03-01,Chicago,Minneapolis,QuickMove,Economy,4.5,2025-03-04,2025-03-04,Clear,None
FTL-04266,2025-03-02,Denver,Boston,QuickMove,Economy,3.0,2025-03-09,2025-03-08,Fog,None
FTL-04267,2025-11-16,Phoenix,New York,LogiPro,Economy,33.9,2025-11-23,2025-11-22,Snow,None
FTL-04268,2025-01-03,Denver,New York,QuickMove,Express,18.4,2025-01-09,2025-01-09,Clear,None
FTL-04269,2025-05-16,Chicago,San Francisco,LogiPro,Economy,47.3,2025-05-21,2025-05-24,Snow,Vehicle breakdown
FTL-04270,2025-11-07,Phoenix,San Francisco,QuickMove,Express,44.9,2025-11-11,2025-11-13,Clear,Vehicle breakdown
FTL-04271,2025-08-19,Denver,New York,LogiPro,Express,12.4,2025-08-24,2025-08-27,Rain,Warehouse processing
FTL-04272,2025-04-09,Atlanta,Nashville,QuickMove,Express,22.1,2025-04-13,2025-04-17,Rain,Carrier delay
FTL-04273,2025-12-02,Atlanta,Los Angeles,LogiPro,Economy,32.5,2025-12-09,2025-12-09,Rain,None
FTL-04274,2025-06-22,Atlanta,Seattle,QuickMove,Express,20.3,2025-06-27,2025-06-26,Clear,None
FTL-04275,2025-03-08,Atlanta,Houston,FastShip,Economy,49.9,2025-03-13,2025-03-13,Fog,None
FTL-04276,2025-07-16,Phoenix,Minneapolis,FastShip,Economy,10.8,2025-07-21,2025-07-21,Snow,None
FTL-04277,2025-05-31,Chicago,Seattle,QuickMove,Express,21.7,2025-06-06,2025-06-09,Clear,Vehicle breakdown
FTL-04278,2025-06-19,Phoenix,Dallas,QuickMove,Economy,30.4,2025-06-26,2025-06-25,Clear,None
FTL-04279,2025-06-04,Chicago,Houston,FastShip,Economy,28.3,2025-06-08,2025-06-10,Clear,Address issue
FTL-04280,2025-11-17,Phoenix,Miami,QuickMove,Express,20.0,2025-11-23,2025-11-26,Fog,Vehicle breakdown
FTL-04281,2025-11-22,Atlanta,Nashville,FastShip,Economy,30.0,2025-11-27,2025-11-26,Fog,None
FTL-04282,2025-03-27,Atlanta,Nashville,LogiPro,Economy,32.3,2025-03-30,2025-03-30,Fog,None
FTL-04283,2025-10-04,Atlanta,San Francisco,QuickMove,Economy,7.1,2025-10-10,2025-10-09,Clear,None
FTL-04284,2025-12-11,Phoenix,Dallas,QuickMove,Economy,15.8,2025-12-15,2025-12-19,Snow,Carrier delay
FTL-04285,2025-03-30,Denver,Dallas,QuickMove,Economy,5.4,2025-04-03,2025-04-03,Snow,None
FTL-04286,2025-09-24,Denver,San Francisco,FastShip,Express,13.4,2025-09-27,2025-09-28,Rain,Vehicle breakdown
FTL-04287,2025-07-18,Chicago,New York,LogiPro,Economy,37.2,2025-07-25,2025-07-25,Clear,None
FTL-04288,2025-01-05,Atlanta,Nashville,QuickMove,Express,15.6,2025-01-08,2025-01-13,Fog,Vehicle breakdown
FTL-04289,2025-09-08,Denver,Houston,FastShip,Economy,33.3,2025-09-12,2025-09-11,Clear,None
FTL-04290,2025-07-05,Denver,Houston,LogiPro,Economy,28.5,2025-07-08,2025-07-08,Clear,None
FTL-04291,2025-05-28,Phoenix,New York,QuickMove,Economy,39.2,2025-06-01,2025-06-02,Clear,Sorting error
FTL-04292,2025-12-20,Chicago,Nashville,FastShip,Express,15.8,2025-12-23,2025-12-23,Clear,None
FTL-04293,2025-01-07,Denver,Houston,FastShip,Economy,5.8,2025-01-11,2025-01-11,Clear,None
FTL-04294,2025-09-19,Chicago,Dallas,FastShip,Economy,9.4,2025-09-24,2025-09-28,Rain,Warehouse processing
FTL-04295,2025-10-11,Phoenix,Minneapolis,QuickMove,Express,18.3,2025-10-18,2025-10-17,Fog,None
FTL-04296,2025-06-30,Atlanta,Nashville,QuickMove,Economy,31.5,2025-07-05,2025-07-04,Clear,None
FTL-04297,2025-02-27,Atlanta,Houston,QuickMove,Economy,30.7,2025-03-06,2025-03-09,Rain,Carrier delay
FTL-04298,2025-02-15,Chicago,Minneapolis,QuickMove,Economy,25.3,2025-02-18,2025-02-17,Snow,None
FTL-04299,2025-07-13,Atlanta,Miami,LogiPro,Economy,28.5,2025-07-20,2025-07-20,Clear,None
FTL-04300,2025-07-07,Phoenix,Los Angeles,LogiPro,Express,4.7,2025-07-13,2025-07-15,Rain,Warehouse processing
FTL-04301,2025-02-05,Chicago,Seattle,LogiPro,Express,15.2,2025-02-11,2025-02-11,Clear,None
FTL-04302,2025-04-08,Chicago,Los Angeles,FastShip,Economy,27.2,2025-04-11,2025-04-11,Rain,None
FTL-04303,2025-12-03,Phoenix,Nashville,FastShip,Express,20.4,2025-12-06,2025-12-06,Clear,None
FTL-04304,2025-05-29,Atlanta,New York,LogiPro,Express,21.0,2025-06-03,2025-06-03,Clear,None
FTL-04305,2025-10-02,Atlanta,Minneapolis,QuickMove,Economy,19.4,2025-10-05,2025-10-05,Rain,None
FTL-04306,2025-02-24,Chicago,Los Angeles,QuickMove,Economy,23.3,2025-03-01,2025-02-28,Clear,None
FTL-04307,2025-05-22,Atlanta,Nashville,LogiPro,Economy,33.9,2025-05-27,2025-05-27,Rain,None
FTL-04308,2025-06-14,Denver,Los Angeles,QuickMove,Express,24.4,2025-06-18,2025-06-17,Clear,None
FTL-04309,2025-05-26,Chicago,San Francisco,LogiPro,Express,49.6,2025-06-01,2025-05-31,Fog,None
FTL-04310,2025-08-26,Phoenix,Nashville,FastShip,Economy,7.3,2025-08-31,2025-08-30,Clear,None
FTL-04311,2025-07-01,Atlanta,Minneapolis,QuickMove,Express,39.0,2025-07-06,2025-07-06,Clear,None
FTL-04312,2025-02-18,Denver,San Francisco,QuickMove,Economy,23.9,2025-02-24,2025-02-24,Fog,None
FTL-04313,2025-07-14,Denver,New York,QuickMove,Economy,40.4,2025-07-18,2025-07-20,Clear,Sorting error
FTL-04314,2025-11-18,Atlanta,Seattle,FastShip,Economy,46.5,2025-11-24,2025-11-25,Snow,Carrier delay
FTL-04315,2025-05-12,Phoenix,Seattle,FastShip,Economy,42.4,2025-05-19,2025-05-19,Clear,None
FTL-04316,2025-04-17,Chicago,Los Angeles,FastShip,Economy,6.9,2025-04-20,2025-04-20,Clear,None
FTL-04317,2025-03-24,Phoenix,Nashville,LogiPro,Economy,22.1,2025-03-28,2025-03-28,Clear,None
FTL-04318,2025-01-26,Denver,Boston,LogiPro,Express,1.6,2025-02-02,2025-02-01,Rain,None
FTL-04319,2025-12-02,Denver,Los Angeles,QuickMove,Economy,2.4,2025-12-09,2025-12-09,Snow,None
FTL-04320,2025-03-29,Chicago,Seattle,FastShip,Economy,18.1,2025-04-05,2025-04-04,Snow,None
FTL-04321,2025-05-26,Denver,Minneapolis,FastShip,Express,11.2,2025-05-29,2025-05-28,Rain,None
FTL-04322,2025-05-15,Denver,Nashville,LogiPro,Economy,7.2,2025-05-22,2025-05-24,Fog,Address issue
FTL-04323,2025-10-17,Phoenix,Boston,LogiPro,Express,23.7,2025-10-22,2025-10-21,Fog,None
FTL-04324,2025-04-07,Chicago,Houston,LogiPro,Economy,39.5,2025-04-11,2025-04-11,Rain,None
FTL-04325,2025-06-15,Phoenix,New York,QuickMove,Economy,1.0,2025-06-21,2025-06-21,Rain,None
FTL-04326,2025-02-16,Phoenix,Boston,QuickMove,Economy,23.9,2025-02-19,2025-02-18,Snow,None
FTL-04327,2025-04-29,Chicago,San Francisco,QuickMove,Express,16.1,2025-05-06,2025-05-11,Fog,Carrier delay
FTL-04328,2025-12-11,Denver,Minneapolis,QuickMove,Express,7.7,2025-12-15,2025-12-14,Clear,None
FTL-04329,2025-06-20,Atlanta,Houston,LogiPro,Economy,7.9,2025-06-24,2025-06-24,Rain,None
FTL-04330,2025-02-19,Chicago,Dallas,FastShip,Express,31.9,2025-02-23,2025-02-23,Clear,None
FTL-04331,2025-12-08,Denver,Dallas,QuickMove,Express,4.3,2025-12-15,2025-12-15,Snow,None
FTL-04332,2025-09-19,Denver,Miami,FastShip,Express,3.4,2025-09-22,2025-09-22,Clear,None
FTL-04333,2025-10-06,Chicago,Houston,QuickMove,Express,30.6,2025-10-09,2025-10-13,Clear,Sorting error
FTL-04334,2025-02-03,Atlanta,Minneapolis,QuickMove,Economy,5.8,2025-02-08,2025-02-08,Snow,None
FTL-04335,2025-05-11,Chicago,Houston,FastShip,Economy,19.2,2025-05-15,2025-05-15,Clear,None
FTL-04336,2025-02-18,Atlanta,Houston,FastShip,Economy,30.7,2025-02-23,2025-02-22,Rain,None
FTL-04337,2025-12-31,Phoenix,Dallas,FastShip,Economy,47.8,2026-01-07,2026-01-06,Clear,None
FTL-04338,2025-03-11,Phoenix,Seattle,LogiPro,Express,34.3,2025-03-16,2025-03-15,Clear,None
FTL-04339,2025-01-13,Phoenix,Boston,QuickMove,Express,42.0,2025-01-17,2025-01-21,Rain,Carrier delay
FTL-04340,2025-06-14,Chicago,Boston,QuickMove,Express,18.4,2025-06-17,2025-06-16,Clear,None
FTL-04341,2025-03-23,Denver,Minneapolis,QuickMove,Economy,33.7,2025-03-27,2025-03-27,Fog,None
FTL-04342,2025-05-06,Denver,Houston,QuickMove,Express,11.6,2025-05-11,2025-05-10,Clear,None
FTL-04343,2025-10-27,Phoenix,New York,FastShip,Economy,13.3,2025-10-30,2025-10-29,Fog,None
FTL-04344,2025-12-31,Chicago,San Francisco,FastShip,Economy,37.9,2026-01-07,2026-01-06,Snow,None
FTL-04345,2025-04-11,Denver,Houston,QuickMove,Express,49.9,2025-04-16,2025-04-21,Clear,Weather disruption
FTL-04346,2025-10-25,Atlanta,New York,QuickMove,Express,26.0,2025-10-30,2025-10-30,Rain,None
FTL-04347,2025-09-29,Phoenix,San Francisco,QuickMove,Economy,49.5,2025-10-02,2025-10-01,Clear,None
FTL-04348,2025-04-21,Phoenix,San Francisco,LogiPro,Express,47.0,2025-04-26,2025-04-25,Rain,None
FTL-04349,2025-06-09,Chicago,Houston,FastShip,Economy,32.6,2025-06-12,2025-06-11,Clear,None
FTL-04350,2025-03-25,Phoenix,Seattle,LogiPro,Express,16.9,2025-04-01,2025-03-31,Clear,None
FTL-04351,2025-09-02,Atlanta,Houston,LogiPro,Express,29.4,2025-09-07,2025-09-07,Clear,None
FTL-04352,2025-06-29,Chicago,Nashville,LogiPro,Economy,20.7,2025-07-03,2025-07-02,Clear,None
FTL-04353,2025-08-24,Denver,Los Angeles,QuickMove,Economy,29.3,2025-08-27,2025-08-26,Rain,None
FTL-04354,2025-06-22,Phoenix,Miami,QuickMove,Economy,44.3,2025-06-29,2025-07-03,Clear,Weather disruption
FTL-04355,2025-04-20,Phoenix,Minneapolis,FastShip,Express,19.5,2025-04-27,2025-05-01,Clear,Sorting error
FTL-04356,2025-10-20,Denver,New York,QuickMove,Express,13.7,2025-10-23,2025-10-23,Fog,None
FTL-04357,2025-02-28,Denver,New York,QuickMove,Economy,25.2,2025-03-07,2025-03-06,Snow,None
FTL-04358,2025-02-12,Chicago,Houston,QuickMove,Economy,28.8,2025-02-19,2025-02-24,Snow,Carrier delay
FTL-04359,2025-08-04,Phoenix,Houston,FastShip,Express,24.1,2025-08-09,2025-08-08,Clear,None
FTL-04360,2025-03-26,Phoenix,New York,QuickMove,Express,18.2,2025-03-29,2025-03-31,Snow,Weather disruption
FTL-04361,2025-02-04,Phoenix,Seattle,QuickMove,Economy,26.4,2025-02-10,2025-02-09,Clear,None
FTL-04362,2025-07-17,Denver,Seattle,QuickMove,Economy,41.1,2025-07-21,2025-07-20,Fog,None
FTL-04363,2025-11-16,Denver,Houston,LogiPro,Economy,26.3,2025-11-19,2025-11-19,Fog,None
FTL-04364,2025-08-12,Phoenix,Nashville,FastShip,Economy,20.0,2025-08-15,2025-08-18,Clear,Sorting error
FTL-04365,2025-09-01,Atlanta,Los Angeles,LogiPro,Express,33.4,2025-09-06,2025-09-05,Clear,None
FTL-04366,2025-09-06,Denver,Nashville,QuickMove,Economy,28.1,2025-09-11,2025-09-12,Fog,Sorting error
FTL-04367,2025-03-28,Chicago,Miami,QuickMove,Express,5.6,2025-04-04,2025-04-04,Clear,None
FTL-04368,2025-03-22,Phoenix,Dallas,LogiPro,Economy,5.6,2025-03-28,2025-03-28,Clear,None
FTL-04369,2025-08-14,Atlanta,Los Angeles,QuickMove,Express,35.2,2025-08-20,2025-08-20,Clear,None
FTL-04370,2025-03-21,Atlanta,San Francisco,QuickMove,Economy,41.7,2025-03-28,2025-03-29,Rain,Vehicle breakdown
FTL-04371,2025-08-13,Phoenix,Seattle,LogiPro,Express,25.2,2025-08-20,2025-08-25,Clear,Warehouse processing
FTL-04372,2025-05-14,Chicago,Houston,QuickMove,Express,38.9,2025-05-21,2025-05-20,Rain,None
FTL-04373,2025-09-23,Atlanta,Dallas,QuickMove,Express,18.9,2025-09-26,2025-09-25,Clear,None
FTL-04374,2025-05-13,Denver,Boston,QuickMove,Express,47.6,2025-05-18,2025-05-18,Clear,None
FTL-04375,2025-03-24,Chicago,Minneapolis,QuickMove,Express,1.6,2025-03-28,2025-03-28,Rain,None
FTL-04376,2025-03-24,Phoenix,Minneapolis,LogiPro,Economy,5.3,2025-03-27,2025-03-26,Snow,None
FTL-04377,2025-06-11,Denver,Dallas,LogiPro,Economy,4.1,2025-06-14,2025-06-14,Clear,None
FTL-04378,2025-10-28,Denver,New York,FastShip,Economy,47.5,2025-11-01,2025-10-31,Rain,None
FTL-04379,2025-12-14,Atlanta,Minneapolis,FastShip,Economy,28.5,2025-12-18,2025-12-18,Clear,None
FTL-04380,2025-03-31,Chicago,San Francisco,FastShip,Express,4.1,2025-04-06,2025-04-05,Rain,None
FTL-04381,2025-02-28,Phoenix,Dallas,LogiPro,Express,27.0,2025-03-04,2025-03-03,Rain,None
FTL-04382,2025-07-17,Denver,Seattle,QuickMove,Express,47.1,2025-07-24,2025-07-23,Clear,None
FTL-04383,2025-01-09,Chicago,Houston,FastShip,Economy,39.2,2025-01-12,2025-01-12,Rain,None
FTL-04384,2025-01-16,Chicago,Seattle,FastShip,Economy,38.1,2025-01-19,2025-01-19,Snow,None
FTL-04385,2025-04-25,Chicago,Houston,FastShip,Economy,15.9,2025-04-30,2025-04-30,Rain,None
FTL-04386,2025-04-16,Atlanta,Boston,LogiPro,Economy,25.8,2025-04-19,2025-04-18,Rain,None
FTL-04387,2025-07-24,Phoenix,Los Angeles,FastShip,Economy,48.9,2025-07-31,2025-08-04,Clear,Carrier delay
FTL-04388,2025-12-29,Phoenix,Boston,FastShip,Express,38.5,2026-01-01,2026-01-05,Snow,Sorting error
FTL-04389,2025-01-12,Atlanta,Los Angeles,QuickMove,Express,19.1,2025-01-15,2025-01-14,Rain,None
FTL-04390,2025-06-15,Phoenix,Minneapolis,QuickMove,Express,17.6,2025-06-20,2025-06-24,Clear,Carrier delay
FTL-04391,2025-01-29,Chicago,Minneapolis,LogiPro,Economy,38.5,2025-02-05,2025-02-04,Clear,None
FTL-04392,2025-05-29,Chicago,Dallas,FastShip,Express,29.1,2025-06-02,2025-06-07,Clear,Weather disruption
FTL-04393,2025-03-23,Atlanta,Dallas,FastShip,Economy,1.1,2025-03-28,2025-03-28,Clear,None
FTL-04394,2025-10-21,Chicago,New York,QuickMove,Economy,9.0,2025-10-25,2025-10-24,Clear,None
FTL-04395,2025-04-06,Atlanta,Boston,LogiPro,Economy,28.2,2025-04-11,2025-04-11,Clear,None
FTL-04396,2025-08-01,Phoenix,Minneapolis,FastShip,Express,2.2,2025-08-07,2025-08-06,Rain,None
FTL-04397,2025-02-28,Chicago,Houston,FastShip,Express,38.1,2025-03-05,2025-03-05,Snow,None
FTL-04398,2025-02-17,Denver,Nashville,FastShip,Express,14.5,2025-02-22,2025-02-22,Rain,None
FTL-04399,2025-10-04,Chicago,Houston,QuickMove,Economy,13.6,2025-10-10,2025-10-10,Rain,None
FTL-04400,2025-05-24,Atlanta,New York,LogiPro,Express,40.9,2025-05-31,2025-05-30,Fog,None
FTL-04401,2025-06-02,Phoenix,Miami,FastShip,Express,33.0,2025-06-09,2025-06-08,Clear,None
FTL-04402,2025-07-17,Atlanta,Los Angeles,FastShip,Express,23.9,2025-07-22,2025-07-21,Clear,None
FTL-04403,2025-02-25,Phoenix,Nashville,QuickMove,Economy,18.1,2025-03-01,2025-03-01,Clear,None
FTL-04404,2025-11-23,Chicago,Los Angeles,LogiPro,Economy,17.0,2025-11-28,2025-12-01,Fog,Address issue
FTL-04405,2025-10-06,Phoenix,San Francisco,QuickMove,Economy,12.3,2025-10-11,2025-10-16,Clear,Carrier delay
FTL-04406,2025-08-04,Denver,Los Angeles,FastShip,Express,17.6,2025-08-10,2025-08-10,Clear,None
FTL-04407,2025-06-25,Phoenix,Boston,QuickMove,Economy,21.4,2025-06-30,2025-06-30,Rain,None
FTL-04408,2025-12-22,Phoenix,Los Angeles,FastShip,Express,32.3,2025-12-25,2025-12-28,Clear,Warehouse processing
FTL-04409,2025-12-29,Chicago,Boston,QuickMove,Express,45.3,2026-01-05,2026-01-04,Snow,None
FTL-04410,2025-09-01,Phoenix,New York,FastShip,Express,39.1,2025-09-05,2025-09-05,Clear,None
FTL-04411,2025-01-04,Denver,Los Angeles,QuickMove,Express,13.6,2025-01-10,2025-01-09,Snow,None
FTL-04412,2025-04-19,Chicago,Houston,LogiPro,Express,32.5,2025-04-22,2025-04-22,Clear,None
FTL-04413,2025-03-03,Atlanta,Houston,QuickMove,Economy,34.8,2025-03-10,2025-03-10,Fog,None
FTL-04414,2025-07-10,Atlanta,Los Angeles,FastShip,Economy,7.8,2025-07-13,2025-07-12,Rain,None
FTL-04415,2025-11-20,Atlanta,San Francisco,LogiPro,Economy,6.0,2025-11-23,2025-11-22,Clear,None
FTL-04416,2025-03-11,Atlanta,Nashville,FastShip,Express,24.6,2025-03-15,2025-03-15,Rain,None
FTL-04417,2025-11-27,Atlanta,Los Angeles,QuickMove,Economy,29.7,2025-12-01,2025-12-05,Snow,Weather disruption
FTL-04418,2025-02-11,Atlanta,Seattle,LogiPro,Economy,38.6,2025-02-15,2025-02-14,Clear,None
FTL-04419,2025-07-20,Phoenix,Minneapolis,QuickMove,Express,24.5,2025-07-27,2025-07-26,Fog,None
FTL-04420,2025-07-07,Atlanta,Nashville,LogiPro,Express,28.0,2025-07-13,2025-07-13,Clear,None
FTL-04421,2025-03-17,Chicago,Miami,QuickMove,Economy,47.7,2025-03-20,2025-03-20,Snow,None
FTL-04422,2025-09-28,Chicago,Los Angeles,LogiPro,Express,25.8,2025-10-05,2025-10-05,Clear,None
FTL-04423,2025-06-20,Phoenix,Dallas,QuickMove,Economy,27.7,2025-06-26,2025-06-30,Clear,Vehicle breakdown
FTL-04424,2025-02-28,Phoenix,Dallas,FastShip,Express,33.0,2025-03-05,2025-03-05,Snow,None
FTL-04425,2025-03-01,Chicago,Los Angeles,FastShip,Express,45.1,2025-03-05,2025-03-05,Snow,None
FTL-04426,2025-01-06,Chicago,San Francisco,QuickMove,Economy,19.5,2025-01-12,2025-01-11,Snow,None
FTL-04427,2025-01-27,Atlanta,Nashville,QuickMove,Express,20.4,2025-01-30,2025-01-30,Fog,None
FTL-04428,2025-02-09,Phoenix,New York,LogiPro,Economy,12.3,2025-02-13,2025-02-12,Snow,None
FTL-04429,2025-08-20,Phoenix,Miami,LogiPro,Economy,48.8,2025-08-24,2025-08-24,Rain,None
FTL-04430,2025-02-16,Phoenix,Minneapolis,LogiPro,Economy,42.4,2025-02-19,2025-02-18,Rain,None
FTL-04431,2025-09-13,Atlanta,New York,FastShip,Express,48.6,2025-09-16,2025-09-21,Clear,Weather disruption
FTL-04432,2025-05-09,Chicago,Minneapolis,QuickMove,Economy,26.6,2025-05-14,2025-05-13,Clear,None
FTL-04433,2025-09-14,Phoenix,Boston,LogiPro,Economy,11.2,2025-09-20,2025-09-19,Rain,None
FTL-04434,2025-06-23,Denver,Minneapolis,LogiPro,Express,41.6,2025-06-27,2025-06-27,Rain,None
FTL-04435,2025-07-12,Atlanta,Nashville,QuickMove,Economy,30.1,2025-07-16,2025-07-15,Rain,None
FTL-04436,2025-05-03,Chicago,Houston,QuickMove,Economy,19.0,2025-05-07,2025-05-10,Clear,Vehicle breakdown
FTL-04437,2025-09-10,Atlanta,Boston,LogiPro,Economy,27.4,2025-09-13,2025-09-13,Fog,None
FTL-04438,2025-09-21,Denver,Boston,FastShip,Express,4.9,2025-09-26,2025-09-25,Rain,None
FTL-04439,2025-02-28,Phoenix,New York,LogiPro,Express,21.2,2025-03-03,2025-03-02,Snow,None
FTL-04440,2025-03-05,Phoenix,Miami,FastShip,Express,16.6,2025-03-09,2025-03-09,Snow,None
FTL-04441,2025-07-13,Denver,New York,LogiPro,Express,45.6,2025-07-17,2025-07-17,Clear,None
FTL-04442,2025-02-20,Phoenix,Seattle,QuickMove,Economy,8.4,2025-02-27,2025-02-27,Rain,None
FTL-04443,2025-10-11,Denver,New York,FastShip,Economy,46.1,2025-10-16,2025-10-15,Fog,None
FTL-04444,2025-06-19,Atlanta,Minneapolis,FastShip,Express,36.3,2025-06-24,2025-06-23,Clear,None
FTL-04445,2025-06-18,Denver,Boston,QuickMove,Economy,47.7,2025-06-22,2025-06-25,Clear,Carrier delay
FTL-04446,2025-05-13,Atlanta,Seattle,FastShip,Express,4.4,2025-05-18,2025-05-18,Clear,None
FTL-04447,2025-04-06,Atlanta,Los Angeles,FastShip,Economy,45.5,2025-04-11,2025-04-11,Clear,None
FTL-04448,2025-12-06,Chicago,Boston,FastShip,Economy,18.7,2025-12-09,2025-12-08,Clear,None
FTL-04449,2025-01-21,Denver,Houston,QuickMove,Express,17.8,2025-01-25,2025-01-28,Rain,Weather disruption
FTL-04450,2025-01-15,Atlanta,Los Angeles,FastShip,Economy,14.7,2025-01-22,2025-01-26,Rain,Warehouse processing
FTL-04451,2025-09-02,Chicago,Nashville,QuickMove,Express,22.1,2025-09-07,2025-09-08,Clear,Sorting error
FTL-04452,2025-07-26,Phoenix,Minneapolis,LogiPro,Economy,44.1,2025-07-29,2025-07-29,Clear,None
FTL-04453,2025-04-09,Chicago,Seattle,QuickMove,Express,21.3,2025-04-14,2025-04-13,Clear,None
FTL-04454,2025-12-29,Phoenix,Miami,FastShip,Express,20.6,2026-01-01,2025-12-31,Clear,None
FTL-04455,2025-10-29,Phoenix,Los Angeles,LogiPro,Express,10.7,2025-11-04,2025-11-03,Clear,None
FTL-04456,2025-02-16,Chicago,Dallas,QuickMove,Express,19.5,2025-02-22,2025-02-21,Snow,None
FTL-04457,2025-08-01,Phoenix,Seattle,LogiPro,Economy,32.1,2025-08-07,2025-08-12,Fog,Carrier delay
FTL-04458,2025-04-15,Chicago,San Francisco,QuickMove,Express,24.9,2025-04-20,2025-04-19,Clear,None
FTL-04459,2025-01-20,Denver,Seattle,FastShip,Economy,46.8,2025-01-24,2025-01-24,Fog,None
FTL-04460,2025-07-20,Phoenix,Nashville,QuickMove,Express,28.4,2025-07-27,2025-08-01,Clear,Carrier delay
FTL-04461,2025-10-25,Phoenix,Boston,QuickMove,Express,31.2,2025-10-28,2025-10-27,Clear,None
FTL-04462,2025-04-19,Chicago,San Francisco,LogiPro,Express,46.3,2025-04-24,2025-04-23,Clear,None
FTL-04463,2025-09-23,Chicago,Nashville,QuickMove,Express,30.3,2025-09-26,2025-09-26,Clear,None
FTL-04464,2025-01-29,Denver,Seattle,FastShip,Economy,42.9,2025-02-02,2025-02-02,Rain,None
FTL-04465,2025-09-09,Chicago,New York,QuickMove,Express,38.8,2025-09-14,2025-09-14,Clear,None
FTL-04466,2025-07-09,Chicago,Boston,QuickMove,Express,1.3,2025-07-12,2025-07-11,Clear,None
FTL-04467,2025-10-09,Chicago,Dallas,QuickMove,Express,38.7,2025-10-13,2025-10-12,Clear,None
FTL-04468,2025-09-26,Atlanta,New York,LogiPro,Economy,22.9,2025-10-03,2025-10-02,Rain,None
FTL-04469,2025-12-06,Atlanta,Los Angeles,QuickMove,Economy,20.1,2025-12-09,2025-12-08,Clear,None
FTL-04470,2025-08-30,Atlanta,Nashville,QuickMove,Economy,34.6,2025-09-03,2025-09-05,Fog,Vehicle breakdown
FTL-04471,2025-05-11,Atlanta,Miami,FastShip,Express,11.2,2025-05-14,2025-05-14,Rain,None
FTL-04472,2025-07-21,Phoenix,Boston,QuickMove,Economy,22.9,2025-07-27,2025-07-26,Rain,None
FTL-04473,2025-12-28,Phoenix,Seattle,FastShip,Express,26.8,2026-01-04,2026-01-04,Snow,None
FTL-04474,2025-09-25,Atlanta,Nashville,FastShip,Express,48.7,2025-09-29,2025-09-29,Rain,None
FTL-04475,2025-08-31,Atlanta,Seattle,QuickMove,Express,42.1,2025-09-06,2025-09-06,Clear,None
FTL-04476,2025-03-01,Chicago,Minneapolis,QuickMove,Economy,34.0,2025-03-07,2025-03-11,Rain,Sorting error
FTL-04477,2025-08-03,Chicago,Minneapolis,LogiPro,Express,4.1,2025-08-06,2025-08-05,Fog,None
FTL-04478,2025-05-20,Phoenix,Los Angeles,FastShip,Express,18.8,2025-05-26,2025-05-25,Snow,None
FTL-04479,2025-07-05,Atlanta,New York,QuickMove,Express,22.1,2025-07-12,2025-07-11,Clear,None
FTL-04480,2025-07-24,Chicago,Boston,QuickMove,Express,8.3,2025-07-27,2025-07-26,Rain,None
FTL-04481,2025-06-02,Denver,Houston,QuickMove,Economy,36.3,2025-06-06,2025-06-09,Clear,Carrier delay
FTL-04482,2025-10-24,Denver,Nashville,LogiPro,Express,3.8,2025-10-31,2025-10-31,Clear,None
FTL-04483,2025-05-24,Denver,San Francisco,FastShip,Express,35.4,2025-05-30,2025-06-03,Fog,Warehouse processing
FTL-04484,2025-08-24,Chicago,Houston,LogiPro,Express,49.0,2025-08-30,2025-08-29,Clear,None
FTL-04485,2025-10-06,Phoenix,Boston,LogiPro,Economy,14.5,2025-10-13,2025-10-13,Rain,None
FTL-04486,2025-12-04,Chicago,New York,LogiPro,Express,12.3,2025-12-10,2025-12-10,Rain,None
FTL-04487,2025-10-15,Chicago,Dallas,QuickMove,Express,42.3,2025-10-19,2025-10-19,Rain,None
FTL-04488,2025-12-07,Atlanta,San Francisco,LogiPro,Express,25.3,2025-12-12,2025-12-11,Clear,None
FTL-04489,2025-09-02,Denver,Los Angeles,LogiPro,Express,1.1,2025-09-08,2025-09-07,Clear,None
FTL-04490,2025-12-19,Atlanta,New York,QuickMove,Express,20.9,2025-12-22,2025-12-23,Snow,Carrier delay
FTL-04491,2025-04-10,Phoenix,New York,FastShip,Express,14.3,2025-04-14,2025-04-14,Clear,None
FTL-04492,2025-03-10,Denver,Seattle,LogiPro,Economy,9.2,2025-03-16,2025-03-16,Snow,None
FTL-04493,2025-08-22,Atlanta,Minneapolis,FastShip,Economy,20.4,2025-08-27,2025-08-26,Clear,None
FTL-04494,2025-05-01,Chicago,Seattle,QuickMove,Economy,19.0,2025-05-04,2025-05-05,Fog,Sorting error
FTL-04495,2025-02-28,Chicago,Miami,QuickMove,Economy,29.0,2025-03-05,2025-03-04,Snow,None
FTL-04496,2025-08-26,Atlanta,Seattle,FastShip,Economy,15.5,2025-08-29,2025-08-28,Clear,None
FTL-04497,2025-06-22,Phoenix,Boston,LogiPro,Economy,38.7,2025-06-28,2025-06-28,Clear,None
FTL-04498,2025-11-12,Denver,Nashville,QuickMove,Express,45.2,2025-11-15,2025-11-19,Snow,Vehicle breakdown
FTL-04499,2025-01-14,Chicago,Seattle,QuickMove,Economy,9.1,2025-01-20,2025-01-22,Clear,Carrier delay
FTL-04500,2025-03-27,Chicago,Minneapolis,LogiPro,Economy,18.4,2025-03-31,2025-03-30,Snow,None
FTL-04501,2025-06-16,Denver,Los Angeles,QuickMove,Economy,34.1,2025-06-22,2025-06-25,Fog,Carrier delay
FTL-04502,2025-08-13,Chicago,Boston,QuickMove,Express,47.8,2025-08-16,2025-08-17,Clear,Carrier delay
FTL-04503,2025-12-08,Atlanta,Dallas,FastShip,Economy,15.5,2025-12-13,2025-12-12,Rain,None
FTL-04504,2025-04-12,Denver,Dallas,LogiPro,Express,38.0,2025-04-17,2025-04-17,Rain,None
FTL-04505,2025-01-30,Atlanta,Nashville,FastShip,Economy,28.2,2025-02-06,2025-02-09,Snow,Weather disruption
FTL-04506,2025-03-06,Denver,Los Angeles,FastShip,Economy,8.6,2025-03-11,2025-03-11,Clear,None
FTL-04507,2025-05-08,Chicago,Miami,LogiPro,Economy,10.2,2025-05-12,2025-05-11,Clear,None
FTL-04508,2025-04-13,Chicago,Nashville,QuickMove,Express,47.2,2025-04-19,2025-04-21,Clear,Weather disruption
FTL-04509,2025-10-06,Phoenix,San Francisco,QuickMove,Economy,11.8,2025-10-11,2025-10-10,Clear,None
FTL-04510,2025-01-11,Phoenix,Houston,LogiPro,Express,4.1,2025-01-16,2025-01-18,Rain,Warehouse processing
FTL-04511,2025-06-04,Phoenix,Los Angeles,LogiPro,Economy,38.9,2025-06-08,2025-06-07,Clear,None
FTL-04512,2025-12-22,Phoenix,Houston,QuickMove,Express,23.1,2025-12-25,2025-12-24,Snow,None
FTL-04513,2025-07-31,Phoenix,Boston,LogiPro,Express,32.3,2025-08-06,2025-08-06,Rain,None
FTL-04514,2025-07-19,Chicago,Los Angeles,QuickMove,Express,6.4,2025-07-26,2025-07-31,Clear,Carrier delay
FTL-04515,2025-10-21,Atlanta,San Francisco,LogiPro,Express,10.4,2025-10-28,2025-10-27,Rain,None
FTL-04516,2025-01-03,Chicago,Seattle,LogiPro,Economy,49.2,2025-01-09,2025-01-09,Snow,None
FTL-04517,2025-04-27,Denver,San Francisco,FastShip,Express,48.8,2025-05-02,2025-05-02,Clear,None
FTL-04518,2025-01-26,Chicago,San Francisco,QuickMove,Express,45.4,2025-01-31,2025-02-02,Snow,Address issue
FTL-04519,2025-09-04,Chicago,Miami,FastShip,Express,39.3,2025-09-10,2025-09-09,Clear,None
FTL-04520,2025-05-08,Chicago,Houston,QuickMove,Economy,15.3,2025-05-13,2025-05-12,Rain,None
FTL-04521,2025-02-22,Atlanta,Miami,QuickMove,Economy,27.4,2025-02-27,2025-02-26,Snow,None
FTL-04522,2025-11-30,Phoenix,Dallas,FastShip,Economy,14.0,2025-12-06,2025-12-06,Fog,None
FTL-04523,2025-05-27,Atlanta,Nashville,QuickMove,Express,48.3,2025-06-01,2025-06-01,Clear,None
FTL-04524,2025-12-27,Chicago,Houston,QuickMove,Express,2.0,2026-01-02,2026-01-07,Clear,Carrier delay
FTL-04525,2025-07-19,Denver,Dallas,LogiPro,Economy,31.6,2025-07-25,2025-07-24,Rain,None
FTL-04526,2025-05-18,Atlanta,Minneapolis,QuickMove,Economy,7.8,2025-05-24,2025-05-24,Fog,None
FTL-04527,2025-01-14,Denver,New York,QuickMove,Economy,10.6,2025-01-18,2025-01-21,Clear,Weather disruption
FTL-04528,2025-06-19,Atlanta,Miami,LogiPro,Economy,8.9,2025-06-23,2025-06-23,Clear,None
FTL-04529,2025-09-26,Chicago,Houston,QuickMove,Express,2.0,2025-10-01,2025-09-30,Rain,None
FTL-04530,2025-10-30,Phoenix,Houston,FastShip,Economy,23.1,2025-11-03,2025-11-03,Clear,None
FTL-04531,2025-08-23,Chicago,Houston,FastShip,Express,49.3,2025-08-26,2025-08-25,Clear,None
FTL-04532,2025-02-12,Denver,Nashville,FastShip,Express,30.8,2025-02-16,2025-02-16,Fog,None
FTL-04533,2025-01-12,Phoenix,San Francisco,LogiPro,Express,34.7,2025-01-16,2025-01-15,Snow,None
FTL-04534,2025-10-11,Atlanta,Boston,FastShip,Express,45.9,2025-10-18,2025-10-17,Rain,None
FTL-04535,2025-01-29,Atlanta,Minneapolis,LogiPro,Express,35.0,2025-02-05,2025-02-05,Snow,None
FTL-04536,2025-06-13,Phoenix,Nashville,FastShip,Economy,9.9,2025-06-16,2025-06-20,Clear,Warehouse processing
FTL-04537,2025-07-10,Denver,Los Angeles,FastShip,Economy,42.7,2025-07-17,2025-07-16,Clear,None
FTL-04538,2025-01-08,Denver,Los Angeles,FastShip,Express,11.0,2025-01-11,2025-01-11,Snow,None
FTL-04539,2025-05-15,Denver,Boston,LogiPro,Economy,19.9,2025-05-22,2025-05-22,Clear,None
FTL-04540,2025-10-12,Atlanta,Seattle,FastShip,Express,29.4,2025-10-18,2025-10-22,Rain,Customs hold
FTL-04541,2025-05-11,Chicago,Los Angeles,FastShip,Express,45.4,2025-05-16,2025-05-15,Clear,None
FTL-04542,2025-12-24,Phoenix,San Francisco,FastShip,Express,11.0,2025-12-30,2025-12-29,Clear,None
FTL-04543,2025-07-26,Phoenix,Nashville,FastShip,Economy,44.3,2025-08-02,2025-08-01,Rain,None
FTL-04544,2025-12-22,Phoenix,Minneapolis,QuickMove,Express,48.5,2025-12-29,2025-12-28,Clear,None
FTL-04545,2025-05-18,Chicago,Boston,QuickMove,Express,11.0,2025-05-21,2025-05-21,Clear,None
FTL-04546,2025-04-01,Denver,Houston,LogiPro,Economy,12.5,2025-04-07,2025-04-06,Fog,None
FTL-04547,2025-07-21,Chicago,Minneapolis,QuickMove,Express,5.3,2025-07-24,2025-07-24,Clear,None
FTL-04548,2025-11-08,Atlanta,Miami,QuickMove,Economy,1.6,2025-11-11,2025-11-10,Clear,None
FTL-04549,2025-02-21,Chicago,Nashville,LogiPro,Economy,34.1,2025-02-26,2025-02-25,Clear,None
FTL-04550,2025-04-30,Phoenix,Los Angeles,LogiPro,Express,33.0,2025-05-06,2025-05-05,Clear,None
FTL-04551,2025-03-27,Chicago,Houston,FastShip,Economy,26.4,2025-04-02,2025-04-02,Fog,None
FTL-04552,2025-05-02,Chicago,Seattle,FastShip,Economy,43.3,2025-05-09,2025-05-09,Clear,None
FTL-04553,2025-05-12,Denver,Minneapolis,LogiPro,Express,27.0,2025-05-15,2025-05-14,Clear,None
FTL-04554,2025-09-14,Chicago,San Francisco,FastShip,Express,20.9,2025-09-17,2025-09-17,Rain,None
FTL-04555,2025-04-06,Chicago,Los Angeles,QuickMove,Economy,24.5,2025-04-10,2025-04-10,Clear,None
FTL-04556,2025-11-10,Denver,Seattle,LogiPro,Economy,12.8,2025-11-13,2025-11-17,Clear,Address issue
FTL-04557,2025-06-28,Chicago,Houston,QuickMove,Economy,20.0,2025-07-05,2025-07-04,Clear,None
FTL-04558,2025-01-28,Atlanta,Miami,QuickMove,Express,9.9,2025-02-04,2025-02-03,Clear,None
FTL-04559,2025-10-12,Chicago,Los Angeles,LogiPro,Express,40.3,2025-10-19,2025-10-19,Clear,None
FTL-04560,2025-09-23,Atlanta,Seattle,LogiPro,Express,35.7,2025-09-27,2025-09-27,Rain,None
FTL-04561,2025-08-17,Denver,Miami,LogiPro,Economy,11.1,2025-08-20,2025-08-20,Clear,None
FTL-04562,2025-11-19,Atlanta,Minneapolis,LogiPro,Express,8.1,2025-11-26,2025-11-26,Snow,None
FTL-04563,2025-10-02,Chicago,San Francisco,LogiPro,Economy,40.3,2025-10-05,2025-10-05,Rain,None
FTL-04564,2025-05-26,Phoenix,Miami,LogiPro,Economy,41.3,2025-05-30,2025-06-03,Clear,Warehouse processing
FTL-04565,2025-09-23,Chicago,Dallas,FastShip,Express,6.4,2025-09-29,2025-09-28,Clear,None
FTL-04566,2025-03-28,Atlanta,Miami,QuickMove,Express,45.1,2025-04-01,2025-04-01,Clear,None
FTL-04567,2025-04-05,Phoenix,Nashville,QuickMove,Economy,5.0,2025-04-12,2025-04-12,Clear,None
FTL-04568,2025-11-16,Phoenix,San Francisco,QuickMove,Economy,29.3,2025-11-22,2025-11-27,Fog,Carrier delay
FTL-04569,2025-06-09,Atlanta,Houston,QuickMove,Express,15.4,2025-06-12,2025-06-13,Clear,Address issue
FTL-04570,2025-03-18,Atlanta,Boston,QuickMove,Express,9.5,2025-03-24,2025-03-23,Clear,None
FTL-04571,2025-11-18,Phoenix,Houston,FastShip,Express,26.2,2025-11-21,2025-11-20,Snow,None
FTL-04572,2025-03-28,Chicago,Miami,QuickMove,Economy,12.2,2025-04-02,2025-04-02,Snow,None
FTL-04573,2025-01-13,Phoenix,Miami,FastShip,Economy,45.2,2025-01-16,2025-01-16,Snow,None
FTL-04574,2025-07-03,Denver,Dallas,LogiPro,Express,7.6,2025-07-06,2025-07-06,Clear,None
FTL-04575,2025-10-12,Denver,New York,FastShip,Economy,17.8,2025-10-15,2025-10-15,Clear,None
FTL-04576,2025-08-27,Atlanta,Houston,FastShip,Economy,25.7,2025-09-03,2025-09-02,Clear,None
FTL-04577,2025-07-04,Phoenix,Seattle,QuickMove,Economy,1.2,2025-07-10,2025-07-12,Clear,Sorting error
FTL-04578,2025-08-27,Phoenix,Los Angeles,QuickMove,Express,1.1,2025-08-31,2025-09-03,Fog,Vehicle breakdown
FTL-04579,2025-11-21,Phoenix,San Francisco,QuickMove,Express,16.9,2025-11-28,2025-11-27,Clear,None
FTL-04580,2025-10-02,Atlanta,New York,QuickMove,Economy,39.6,2025-10-05,2025-10-08,Clear,Vehicle breakdown
FTL-04581,2025-06-07,Denver,Miami,QuickMove,Express,39.8,2025-06-10,2025-06-13,Clear,Weather disruption
FTL-04582,2025-04-20,Atlanta,Boston,FastShip,Economy,13.0,2025-04-24,2025-04-23,Rain,None
FTL-04583,2025-08-07,Atlanta,Houston,QuickMove,Express,17.0,2025-08-10,2025-08-09,Clear,None
FTL-04584,2025-02-12,Phoenix,Seattle,LogiPro,Economy,48.5,2025-02-15,2025-02-14,Clear,None
FTL-04585,2025-05-25,Denver,Minneapolis,FastShip,Economy,20.3,2025-05-29,2025-05-31,Clear,Carrier delay
FTL-04586,2025-08-25,Chicago,Boston,QuickMove,Express,2.9,2025-08-31,2025-09-01,Rain,Carrier delay
FTL-04587,2025-12-22,Atlanta,Boston,LogiPro,Economy,34.2,2025-12-29,2025-12-28,Snow,None
FTL-04588,2025-07-31,Atlanta,Miami,FastShip,Economy,13.8,2025-08-06,2025-08-05,Clear,None
FTL-04589,2025-03-13,Denver,Houston,LogiPro,Economy,18.0,2025-03-20,2025-03-20,Fog,None
FTL-04590,2025-08-31,Denver,Minneapolis,QuickMove,Economy,13.4,2025-09-06,2025-09-08,Rain,Vehicle breakdown
FTL-04591,2025-11-22,Atlanta,San Francisco,QuickMove,Economy,9.0,2025-11-28,2025-11-27,Snow,None
FTL-04592,2025-04-18,Chicago,Boston,FastShip,Economy,4.3,2025-04-22,2025-04-26,Clear,Weather disruption
FTL-04593,2025-11-15,Atlanta,Boston,QuickMove,Express,15.6,2025-11-19,2025-11-24,Snow,Weather disruption
FTL-04594,2025-11-27,Phoenix,Houston,LogiPro,Express,1.7,2025-12-02,2025-12-02,Snow,None
FTL-04595,2025-08-12,Denver,Minneapolis,FastShip,Express,8.9,2025-08-19,2025-08-18,Clear,None
FTL-04596,2025-05-05,Chicago,San Francisco,QuickMove,Express,34.9,2025-05-09,2025-05-13,Clear,Vehicle breakdown
FTL-04597,2025-03-06,Atlanta,Minneapolis,FastShip,Economy,46.1,2025-03-09,2025-03-09,Fog,None
FTL-04598,2025-04-18,Atlanta,Boston,FastShip,Economy,23.0,2025-04-25,2025-04-27,Fog,Carrier delay
FTL-04599,2025-01-06,Denver,Los Angeles,LogiPro,Express,2.3,2025-01-10,2025-01-09,Snow,None
FTL-04600,2025-06-23,Denver,Dallas,FastShip,Economy,46.6,2025-06-30,2025-06-30,Clear,None
FTL-04601,2025-09-10,Denver,Dallas,FastShip,Economy,34.1,2025-09-17,2025-09-17,Rain,None
FTL-04602,2025-06-27,Chicago,Seattle,LogiPro,Economy,41.2,2025-07-02,2025-07-02,Clear,None
FTL-04603,2025-07-26,Phoenix,Nashville,LogiPro,Express,42.0,2025-07-31,2025-07-31,Rain,None
FTL-04604,2025-01-12,Chicago,Houston,LogiPro,Economy,43.3,2025-01-18,2025-01-17,Clear,None
FTL-04605,2025-06-21,Denver,Nashville,LogiPro,Economy,18.7,2025-06-25,2025-06-24,Snow,None
FTL-04606,2025-09-22,Denver,Miami,LogiPro,Economy,44.2,2025-09-28,2025-09-28,Fog,None
FTL-04607,2025-10-26,Denver,Los Angeles,FastShip,Express,22.4,2025-10-31,2025-10-31,Clear,None
FTL-04608,2025-05-06,Atlanta,Minneapolis,QuickMove,Express,13.6,2025-05-09,2025-05-08,Rain,None
FTL-04609,2025-05-12,Chicago,San Francisco,QuickMove,Express,31.8,2025-05-16,2025-05-15,Rain,None
FTL-04610,2025-08-26,Denver,Dallas,FastShip,Economy,3.8,2025-09-02,2025-09-02,Fog,None
FTL-04611,2025-08-09,Phoenix,San Francisco,QuickMove,Economy,37.6,2025-08-15,2025-08-20,Clear,Carrier delay
FTL-04612,2025-04-17,Atlanta,Seattle,FastShip,Express,39.4,2025-04-21,2025-04-20,Clear,None
FTL-04613,2025-02-21,Chicago,Los Angeles,FastShip,Economy,31.6,2025-02-27,2025-03-01,Fog,Weather disruption
FTL-04614,2025-05-30,Phoenix,Boston,QuickMove,Economy,18.1,2025-06-05,2025-06-05,Clear,None
FTL-04615,2025-04-23,Denver,San Francisco,QuickMove,Express,20.9,2025-04-26,2025-04-30,Clear,Carrier delay
FTL-04616,2025-05-10,Phoenix,Minneapolis,QuickMove,Economy,24.7,2025-05-13,2025-05-17,Clear,Vehicle breakdown
FTL-04617,2025-06-03,Phoenix,Dallas,QuickMove,Economy,42.5,2025-06-06,2025-06-05,Clear,None
FTL-04618,2025-05-12,Atlanta,Boston,QuickMove,Express,9.6,2025-05-17,2025-05-22,Rain,Carrier delay
FTL-04619,2025-05-22,Denver,Dallas,LogiPro,Economy,20.5,2025-05-28,2025-05-27,Clear,None
FTL-04620,2025-01-03,Denver,Seattle,QuickMove,Express,1.1,2025-01-06,2025-01-06,Fog,None
FTL-04621,2025-07-05,Phoenix,New York,FastShip,Economy,31.5,2025-07-12,2025-07-11,Fog,None
FTL-04622,2025-10-14,Phoenix,New York,QuickMove,Economy,43.7,2025-10-17,2025-10-16,Rain,None
FTL-04623,2025-10-23,Denver,Nashville,FastShip,Economy,8.4,2025-10-30,2025-10-29,Clear,None
FTL-04624,2025-09-15,Chicago,Los Angeles,FastShip,Express,47.8,2025-09-18,2025-09-18,Clear,None
FTL-04625,2025-01-28,Chicago,New York,QuickMove,Economy,42.4,2025-01-31,2025-01-30,Clear,None
FTL-04626,2025-02-18,Phoenix,Dallas,LogiPro,Express,20.8,2025-02-25,2025-02-24,Fog,None
FTL-04627,2025-08-31,Phoenix,Minneapolis,FastShip,Economy,26.8,2025-09-05,2025-09-05,Clear,None
FTL-04628,2025-07-28,Chicago,Houston,LogiPro,Economy,29.2,2025-07-31,2025-07-30,Clear,None
FTL-04629,2025-04-08,Denver,Minneapolis,FastShip,Economy,41.1,2025-04-13,2025-04-12,Rain,None
FTL-04630,2025-10-04,Chicago,Los Angeles,QuickMove,Express,42.1,2025-10-10,2025-10-10,Clear,None
FTL-04631,2025-09-11,Denver,Miami,LogiPro,Express,29.5,2025-09-15,2025-09-15,Clear,None
FTL-04632,2025-08-26,Atlanta,Los Angeles,LogiPro,Economy,24.2,2025-08-29,2025-08-28,Rain,None
FTL-04633,2025-07-07,Atlanta,Boston,QuickMove,Express,31.9,2025-07-12,2025-07-12,Rain,None
FTL-04634,2025-07-19,Atlanta,Nashville,LogiPro,Economy,32.7,2025-07-23,2025-07-22,Rain,None
FTL-04635,2025-09-02,Phoenix,Minneapolis,QuickMove,Economy,16.8,2025-09-09,2025-09-11,Clear,Vehicle breakdown
FTL-04636,2025-08-03,Chicago,New York,FastShip,Economy,35.5,2025-08-10,2025-08-10,Clear,None
FTL-04637,2025-10-12,Chicago,Boston,QuickMove,Express,45.8,2025-10-16,2025-10-21,Clear,Carrier delay
FTL-04638,2025-08-15,Denver,Miami,FastShip,Express,31.8,2025-08-21,2025-08-20,Clear,None
FTL-04639,2025-06-06,Chicago,Dallas,FastShip,Economy,37.3,2025-06-13,2025-06-13,Clear,None
FTL-04640,2025-05-26,Denver,Minneapolis,QuickMove,Economy,27.9,2025-05-31,2025-05-31,Clear,None
FTL-04641,2025-01-13,Phoenix,Boston,QuickMove,Express,11.0,2025-01-19,2025-01-22,Rain,Weather disruption
FTL-04642,2025-07-03,Chicago,New York,LogiPro,Express,36.6,2025-07-08,2025-07-07,Rain,None
FTL-04643,2025-09-14,Denver,San Francisco,FastShip,Economy,2.5,2025-09-21,2025-09-20,Fog,None
FTL-04644,2025-03-31,Denver,Boston,FastShip,Express,42.0,2025-04-07,2025-04-06,Rain,None
FTL-04645,2025-01-16,Chicago,Minneapolis,FastShip,Express,3.8,2025-01-19,2025-01-18,Clear,None
FTL-04646,2025-12-05,Atlanta,Dallas,LogiPro,Express,11.0,2025-12-11,2025-12-10,Clear,None
FTL-04647,2025-05-31,Denver,Minneapolis,QuickMove,Express,24.6,2025-06-03,2025-06-07,Clear,Carrier delay
FTL-04648,2025-04-16,Denver,Miami,QuickMove,Express,18.5,2025-04-23,2025-04-22,Clear,None
FTL-04649,2025-12-08,Atlanta,Nashville,FastShip,Express,14.7,2025-12-14,2025-12-13,Clear,None
FTL-04650,2025-08-10,Denver,New York,LogiPro,Economy,22.7,2025-08-13,2025-08-13,Clear,None
FTL-04651,2025-01-12,Chicago,Nashville,QuickMove,Express,24.4,2025-01-17,2025-01-16,Snow,None
FTL-04652,2025-12-14,Atlanta,Minneapolis,LogiPro,Express,7.0,2025-12-18,2025-12-17,Snow,None
FTL-04653,2025-05-09,Denver,Houston,QuickMove,Economy,29.7,2025-05-13,2025-05-12,Clear,None
FTL-04654,2025-01-08,Denver,Seattle,QuickMove,Economy,40.6,2025-01-13,2025-01-12,Clear,None
FTL-04655,2025-07-18,Phoenix,Boston,QuickMove,Express,5.8,2025-07-21,2025-07-24,Clear,Address issue
FTL-04656,2025-05-02,Denver,Dallas,LogiPro,Economy,32.5,2025-05-05,2025-05-04,Clear,None
FTL-04657,2025-08-05,Atlanta,Miami,QuickMove,Express,24.5,2025-08-12,2025-08-16,Clear,Vehicle breakdown
FTL-04658,2025-09-28,Chicago,Miami,FastShip,Express,32.4,2025-10-02,2025-10-01,Clear,None
FTL-04659,2025-06-02,Denver,Nashville,FastShip,Express,26.1,2025-06-06,2025-06-06,Clear,None
FTL-04660,2025-04-25,Phoenix,Miami,FastShip,Express,46.5,2025-04-29,2025-05-03,Snow,Weather disruption
FTL-04661,2025-12-03,Phoenix,San Francisco,FastShip,Economy,14.9,2025-12-08,2025-12-10,Snow,Weather disruption
FTL-04662,2025-03-04,Chicago,Los Angeles,QuickMove,Express,33.9,2025-03-08,2025-03-08,Snow,None
FTL-04663,2025-09-18,Denver,New York,LogiPro,Express,14.2,2025-09-23,2025-09-22,Clear,None
FTL-04664,2025-03-11,Denver,Miami,QuickMove,Express,48.0,2025-03-17,2025-03-21,Snow,Carrier delay
FTL-04665,2025-04-24,Atlanta,Seattle,FastShip,Express,9.9,2025-04-29,2025-04-29,Clear,None
FTL-04666,2025-04-28,Atlanta,Miami,LogiPro,Express,5.1,2025-05-04,2025-05-04,Fog,None
FTL-04667,2025-10-06,Chicago,Houston,FastShip,Economy,44.6,2025-10-12,2025-10-12,Clear,None
FTL-04668,2025-11-01,Denver,Los Angeles,LogiPro,Express,46.2,2025-11-05,2025-11-04,Snow,None
FTL-04669,2025-06-08,Chicago,Los Angeles,FastShip,Express,30.8,2025-06-11,2025-06-11,Clear,None
FTL-04670,2025-10-04,Denver,Nashville,FastShip,Express,38.6,2025-10-09,2025-10-14,Clear,Customs hold
FTL-04671,2025-01-25,Denver,San Francisco,QuickMove,Express,14.0,2025-01-28,2025-01-28,Snow,None
FTL-04672,2025-04-12,Chicago,Minneapolis,QuickMove,Economy,13.3,2025-04-15,2025-04-15,Rain,None
FTL-04673,2025-05-01,Atlanta,Minneapolis,FastShip,Express,18.0,2025-05-05,2025-05-05,Clear,None
FTL-04674,2025-10-29,Atlanta,Seattle,FastShip,Express,37.2,2025-11-03,2025-11-03,Clear,None
FTL-04675,2025-12-25,Atlanta,San Francisco,QuickMove,Express,22.9,2026-01-01,2026-01-04,Snow,Carrier delay
FTL-04676,2025-06-10,Chicago,Minneapolis,QuickMove,Economy,20.0,2025-06-16,2025-06-18,Clear,Vehicle breakdown
FTL-04677,2025-10-12,Chicago,Minneapolis,LogiPro,Express,40.8,2025-10-19,2025-10-18,Clear,None
FTL-04678,2025-02-24,Chicago,New York,FastShip,Express,28.4,2025-03-01,2025-03-01,Rain,None
FTL-04679,2025-10-07,Chicago,San Francisco,QuickMove,Express,7.9,2025-10-12,2025-10-14,Clear,Carrier delay
FTL-04680,2025-03-04,Atlanta,New York,FastShip,Economy,27.2,2025-03-09,2025-03-09,Snow,None
FTL-04681,2025-07-28,Chicago,Miami,LogiPro,Express,6.8,2025-08-04,2025-08-04,Clear,None
FTL-04682,2025-04-18,Chicago,Nashville,FastShip,Economy,24.0,2025-04-21,2025-04-21,Rain,None
FTL-04683,2025-04-30,Atlanta,Houston,LogiPro,Economy,16.9,2025-05-06,2025-05-05,Rain,None
FTL-04684,2025-07-05,Denver,Los Angeles,FastShip,Economy,27.0,2025-07-09,2025-07-09,Fog,None
FTL-04685,2025-04-05,Phoenix,San Francisco,QuickMove,Express,22.1,2025-04-10,2025-04-10,Clear,None
FTL-04686,2025-10-05,Phoenix,Seattle,QuickMove,Economy,13.0,2025-10-12,2025-10-17,Clear,Carrier delay
FTL-04687,2025-06-26,Atlanta,Seattle,QuickMove,Economy,15.1,2025-06-29,2025-06-28,Clear,None
FTL-04688,2025-10-11,Denver,Minneapolis,FastShip,Express,30.3,2025-10-17,2025-10-19,Clear,Weather disruption
FTL-04689,2025-06-27,Phoenix,Minneapolis,QuickMove,Economy,31.2,2025-07-01,2025-07-01,Clear,None
FTL-04690,2025-02-27,Denver,Los Angeles,QuickMove,Economy,7.3,2025-03-05,2025-03-05,Clear,None
FTL-04691,2025-11-25,Phoenix,Seattle,FastShip,Express,42.8,2025-11-29,2025-11-29,Clear,None
FTL-04692,2025-07-31,Chicago,Houston,QuickMove,Economy,3.7,2025-08-07,2025-08-06,Fog,None
FTL-04693,2025-11-09,Phoenix,Miami,FastShip,Economy,43.1,2025-11-13,2025-11-16,Clear,Sorting error
FTL-04694,2025-08-24,Atlanta,Nashville,LogiPro,Express,49.0,2025-08-28,2025-08-27,Clear,None
FTL-04695,2025-08-16,Atlanta,Los Angeles,QuickMove,Express,33.7,2025-08-21,2025-08-26,Clear,Carrier delay
FTL-04696,2025-04-21,Phoenix,Los Angeles,FastShip,Economy,22.4,2025-04-28,2025-05-02,Rain,Warehouse processing
FTL-04697,2025-01-14,Atlanta,Seattle,QuickMove,Express,1.5,2025-01-18,2025-01-17,Rain,None
FTL-04698,2025-09-02,Chicago,Houston,QuickMove,Economy,34.3,2025-09-08,2025-09-07,Rain,None
FTL-04699,2025-01-17,Chicago,Nashville,FastShip,Express,40.8,2025-01-21,2025-01-20,Clear,None
FTL-04700,2025-03-15,Chicago,Los Angeles,FastShip,Economy,24.5,2025-03-22,2025-03-22,Rain,None
FTL-04701,2025-06-05,Phoenix,New York,FastShip,Economy,24.5,2025-06-09,2025-06-08,Clear,None
FTL-04702,2025-08-15,Atlanta,Houston,LogiPro,Express,28.1,2025-08-20,2025-08-19,Rain,None
FTL-04703,2025-08-22,Phoenix,San Francisco,LogiPro,Economy,43.4,2025-08-26,2025-08-26,Fog,None
FTL-04704,2025-04-21,Phoenix,Boston,FastShip,Economy,3.8,2025-04-28,2025-04-27,Clear,None
FTL-04705,2025-01-30,Chicago,Minneapolis,QuickMove,Express,26.5,2025-02-04,2025-02-07,Rain,Sorting error
FTL-04706,2025-07-23,Atlanta,Nashville,QuickMove,Express,25.5,2025-07-28,2025-07-27,Clear,None
FTL-04707,2025-10-17,Denver,Minneapolis,FastShip,Economy,42.3,2025-10-20,2025-10-20,Rain,None
FTL-04708,2025-05-18,Atlanta,Houston,QuickMove,Economy,21.0,2025-05-24,2025-05-24,Fog,None
FTL-04709,2025-06-08,Denver,Boston,LogiPro,Express,45.2,2025-06-15,2025-06-14,Rain,None
FTL-04710,2025-08-22,Atlanta,New York,LogiPro,Economy,10.0,2025-08-27,2025-08-26,Rain,None
FTL-04711,2025-03-27,Chicago,Minneapolis,FastShip,Express,19.1,2025-04-02,2025-04-02,Clear,None
FTL-04712,2025-07-18,Chicago,Seattle,FastShip,Economy,29.3,2025-07-21,2025-07-20,Clear,None
FTL-04713,2025-03-22,Denver,Minneapolis,QuickMove,Express,43.2,2025-03-29,2025-03-30,Fog,Carrier delay
FTL-04714,2025-09-08,Atlanta,Seattle,FastShip,Economy,34.8,2025-09-15,2025-09-14,Rain,None
FTL-04715,2025-06-05,Atlanta,Minneapolis,FastShip,Economy,35.0,2025-06-11,2025-06-11,Rain,None
FTL-04716,2025-02-01,Phoenix,Dallas,LogiPro,Express,13.6,2025-02-07,2025-02-12,Rain,Warehouse processing
FTL-04717,2025-10-06,Phoenix,Boston,QuickMove,Economy,35.1,2025-10-12,2025-10-11,Clear,None
FTL-04718,2025-11-29,Atlanta,Los Angeles,FastShip,Economy,30.8,2025-12-04,2025-12-03,Clear,None
FTL-04719,2025-12-20,Chicago,Dallas,LogiPro,Economy,6.7,2025-12-25,2025-12-28,Snow,Vehicle breakdown
FTL-04720,2025-04-21,Atlanta,Minneapolis,QuickMove,Express,1.5,2025-04-26,2025-04-26,Rain,None
FTL-04721,2025-01-14,Phoenix,Minneapolis,LogiPro,Express,35.7,2025-01-18,2025-01-18,Clear,None
FTL-04722,2025-08-02,Atlanta,Dallas,QuickMove,Express,26.5,2025-08-09,2025-08-08,Clear,None
FTL-04723,2025-03-01,Atlanta,San Francisco,LogiPro,Express,20.4,2025-03-04,2025-03-03,Clear,None
FTL-04724,2025-02-15,Chicago,Boston,FastShip,Express,22.9,2025-02-21,2025-02-21,Rain,None
FTL-04725,2025-12-08,Phoenix,Boston,QuickMove,Economy,8.7,2025-12-12,2025-12-11,Fog,None
FTL-04726,2025-10-15,Atlanta,Minneapolis,LogiPro,Economy,24.3,2025-10-20,2025-10-20,Fog,None
FTL-04727,2025-01-29,Denver,Dallas,QuickMove,Express,19.4,2025-02-03,2025-02-02,Snow,None
FTL-04728,2025-07-03,Atlanta,Nashville,LogiPro,Express,43.4,2025-07-06,2025-07-06,Fog,None
FTL-04729,2025-07-06,Atlanta,Miami,QuickMove,Express,5.1,2025-07-09,2025-07-09,Clear,None
FTL-04730,2025-05-21,Phoenix,San Francisco,QuickMove,Express,4.2,2025-05-25,2025-05-25,Fog,None
FTL-04731,2025-06-15,Atlanta,New York,LogiPro,Express,35.1,2025-06-20,2025-06-20,Clear,None
FTL-04732,2025-10-25,Atlanta,New York,QuickMove,Express,1.5,2025-10-31,2025-11-01,Clear,Vehicle breakdown
FTL-04733,2025-04-06,Denver,San Francisco,LogiPro,Express,12.8,2025-04-12,2025-04-12,Fog,None
FTL-04734,2025-03-13,Phoenix,Boston,QuickMove,Express,6.4,2025-03-20,2025-03-20,Fog,None
FTL-04735,2025-09-27,Atlanta,New York,FastShip,Economy,18.9,2025-10-03,2025-10-02,Clear,None
FTL-04736,2025-04-24,Chicago,Boston,QuickMove,Express,40.3,2025-04-27,2025-04-27,Rain,None
FTL-04737,2025-04-29,Denver,Miami,QuickMove,Economy,3.1,2025-05-02,2025-05-05,Fog,Carrier delay
FTL-04738,2025-07-03,Atlanta,Nashville,FastShip,Express,49.2,2025-07-07,2025-07-06,Clear,None
FTL-04739,2025-03-07,Atlanta,Los Angeles,LogiPro,Economy,30.0,2025-03-12,2025-03-11,Clear,None
FTL-04740,2025-08-17,Phoenix,Seattle,LogiPro,Express,41.8,2025-08-23,2025-08-22,Clear,None
FTL-04741,2025-09-03,Atlanta,San Francisco,QuickMove,Express,3.3,2025-09-10,2025-09-10,Clear,None
FTL-04742,2025-05-14,Phoenix,San Francisco,LogiPro,Economy,34.9,2025-05-17,2025-05-16,Clear,None
FTL-04743,2025-01-25,Denver,Boston,FastShip,Express,43.6,2025-01-30,2025-01-30,Clear,None
FTL-04744,2025-11-23,Phoenix,Nashville,FastShip,Economy,47.2,2025-11-28,2025-11-28,Rain,None
FTL-04745,2025-10-16,Atlanta,Minneapolis,LogiPro,Economy,27.4,2025-10-20,2025-10-19,Clear,None
FTL-04746,2025-09-03,Denver,New York,FastShip,Economy,19.9,2025-09-07,2025-09-07,Clear,None
FTL-04747,2025-04-03,Denver,San Francisco,LogiPro,Express,41.5,2025-04-10,2025-04-09,Rain,None
FTL-04748,2025-12-20,Denver,San Francisco,LogiPro,Economy,8.4,2025-12-25,2025-12-25,Snow,None
FTL-04749,2025-10-26,Chicago,New York,QuickMove,Express,14.1,2025-10-29,2025-10-29,Clear,None
FTL-04750,2025-03-28,Chicago,San Francisco,QuickMove,Economy,38.1,2025-04-02,2025-04-07,Fog,Vehicle breakdown
FTL-04751,2025-10-26,Chicago,Miami,QuickMove,Express,9.9,2025-10-31,2025-10-30,Clear,None
FTL-04752,2025-12-05,Chicago,New York,QuickMove,Economy,27.9,2025-12-10,2025-12-10,Snow,None
FTL-04753,2025-09-04,Atlanta,San Francisco,FastShip,Economy,10.9,2025-09-07,2025-09-07,Rain,None
FTL-04754,2025-10-20,Atlanta,Houston,FastShip,Express,26.5,2025-10-23,2025-10-22,Clear,None
FTL-04755,2025-04-20,Atlanta,Minneapolis,LogiPro,Economy,38.4,2025-04-24,2025-04-23,Fog,None
FTL-04756,2025-01-27,Phoenix,Dallas,QuickMove,Express,26.5,2025-02-02,2025-02-01,Clear,None
FTL-04757,2025-12-17,Phoenix,Boston,QuickMove,Express,12.4,2025-12-20,2025-12-25,Snow,Vehicle breakdown
FTL-04758,2025-04-09,Atlanta,Minneapolis,QuickMove,Express,12.4,2025-04-13,2025-04-17,Rain,Carrier delay
FTL-04759,2025-12-02,Chicago,Miami,FastShip,Express,19.0,2025-12-08,2025-12-08,Rain,None
FTL-04760,2025-04-05,Denver,Miami,FastShip,Economy,38.9,2025-04-11,2025-04-13,Rain,Vehicle breakdown
FTL-04761,2025-06-20,Chicago,Houston,FastShip,Express,20.1,2025-06-25,2025-06-24,Rain,None
FTL-04762,2025-08-04,Chicago,Miami,FastShip,Economy,27.5,2025-08-10,2025-08-09,Clear,None
FTL-04763,2025-07-17,Chicago,Seattle,LogiPro,Economy,16.0,2025-07-20,2025-07-20,Clear,None
FTL-04764,2025-04-28,Denver,Houston,LogiPro,Express,1.7,2025-05-04,2025-05-03,Clear,None
FTL-04765,2025-08-11,Denver,Minneapolis,QuickMove,Economy,4.4,2025-08-15,2025-08-15,Clear,None
FTL-04766,2025-12-16,Denver,Minneapolis,FastShip,Economy,40.3,2025-12-22,2025-12-21,Snow,None
FTL-04767,2025-05-12,Atlanta,Los Angeles,QuickMove,Express,19.3,2025-05-19,2025-05-19,Rain,None
FTL-04768,2025-07-09,Denver,Minneapolis,LogiPro,Economy,34.7,2025-07-13,2025-07-13,Clear,None
FTL-04769,2025-07-25,Phoenix,New York,QuickMove,Economy,44.4,2025-07-31,2025-08-01,Clear,Vehicle breakdown
FTL-04770,2025-03-11,Phoenix,Dallas,QuickMove,Economy,43.2,2025-03-17,2025-03-18,Rain,Vehicle breakdown
FTL-04771,2025-04-06,Chicago,Boston,FastShip,Express,41.0,2025-04-09,2025-04-09,Clear,None
FTL-04772,2025-07-29,Atlanta,Dallas,FastShip,Economy,17.4,2025-08-04,2025-08-04,Clear,None
FTL-04773,2025-08-07,Chicago,Nashville,FastShip,Economy,12.0,2025-08-12,2025-08-11,Clear,None
FTL-04774,2025-03-11,Phoenix,Nashville,FastShip,Express,27.5,2025-03-15,2025-03-14,Rain,None
FTL-04775,2025-02-07,Denver,New York,FastShip,Economy,38.5,2025-02-10,2025-02-10,Snow,None
FTL-04776,2025-11-02,Atlanta,Miami,FastShip,Economy,27.5,2025-11-07,2025-11-07,Snow,None
FTL-04777,2025-03-31,Atlanta,Nashville,FastShip,Economy,41.8,2025-04-07,2025-04-07,Snow,None
FTL-04778,2025-12-06,Phoenix,New York,FastShip,Economy,32.0,2025-12-12,2025-12-11,Clear,None
FTL-04779,2025-08-01,Phoenix,Minneapolis,FastShip,Economy,41.0,2025-08-07,2025-08-07,Clear,None
FTL-04780,2025-10-17,Chicago,Minneapolis,LogiPro,Economy,22.7,2025-10-20,2025-10-19,Rain,None
FTL-04781,2025-07-18,Denver,New York,QuickMove,Economy,34.7,2025-07-24,2025-07-28,Clear,Carrier delay
FTL-04782,2025-09-10,Atlanta,Seattle,QuickMove,Express,43.5,2025-09-14,2025-09-19,Clear,Vehicle breakdown
FTL-04783,2025-05-07,Atlanta,Los Angeles,LogiPro,Express,24.9,2025-05-14,2025-05-13,Fog,None
FTL-04784,2025-11-17,Atlanta,Nashville,LogiPro,Express,38.4,2025-11-22,2025-11-22,Snow,None
FTL-04785,2025-02-04,Atlanta,Houston,QuickMove,Economy,11.5,2025-02-08,2025-02-10,Fog,Carrier delay
FTL-04786,2025-11-19,Denver,Los Angeles,QuickMove,Economy,7.4,2025-11-24,2025-11-23,Clear,None
FTL-04787,2025-11-18,Atlanta,Houston,FastShip,Express,23.1,2025-11-23,2025-11-22,Snow,None
FTL-04788,2025-03-29,Phoenix,Los Angeles,QuickMove,Express,21.7,2025-04-03,2025-04-03,Clear,None
FTL-04789,2025-05-27,Chicago,Boston,FastShip,Express,11.4,2025-06-01,2025-06-01,Clear,None
FTL-04790,2025-08-31,Atlanta,Nashville,QuickMove,Express,33.2,2025-09-04,2025-09-03,Rain,None
FTL-04791,2025-06-13,Denver,New York,QuickMove,Economy,27.9,2025-06-18,2025-06-21,Snow,Vehicle breakdown
FTL-04792,2025-05-06,Phoenix,New York,QuickMove,Economy,25.5,2025-05-11,2025-05-16,Rain,Carrier delay
FTL-04793,2025-06-07,Denver,New York,LogiPro,Economy,26.6,2025-06-13,2025-06-13,Clear,None
FTL-04794,2025-12-20,Denver,Houston,QuickMove,Express,16.9,2025-12-24,2025-12-26,Fog,Weather disruption
FTL-04795,2025-01-18,Chicago,San Francisco,LogiPro,Economy,21.3,2025-01-23,2025-01-23,Fog,None
FTL-04796,2025-12-29,Denver,Miami,FastShip,Economy,11.1,2026-01-01,2026-01-05,Snow,Weather disruption
FTL-04797,2025-04-10,Atlanta,San Francisco,LogiPro,Economy,31.1,2025-04-17,2025-04-16,Clear,None
FTL-04798,2025-10-16,Phoenix,San Francisco,QuickMove,Express,41.3,2025-10-23,2025-10-25,Snow,Weather disruption
FTL-04799,2025-08-12,Chicago,Houston,QuickMove,Express,45.4,2025-08-15,2025-08-15,Fog,None
FTL-04800,2025-04-19,Chicago,Houston,LogiPro,Economy,29.6,2025-04-25,2025-04-24,Rain,None
FTL-04801,2025-02-17,Phoenix,Nashville,FastShip,Express,37.6,2025-02-21,2025-02-25,Rain,Sorting error
FTL-04802,2025-01-16,Chicago,New York,LogiPro,Express,33.5,2025-01-21,2025-01-20,Snow,None
FTL-04803,2025-07-22,Denver,Boston,LogiPro,Economy,27.0,2025-07-29,2025-07-28,Snow,None
FTL-04804,2025-04-30,Phoenix,Seattle,LogiPro,Express,24.6,2025-05-06,2025-05-05,Fog,None
FTL-04805,2025-03-29,Denver,Houston,QuickMove,Economy,28.8,2025-04-02,2025-04-06,Clear,Carrier delay
FTL-04806,2025-09-03,Denver,Boston,LogiPro,Express,12.5,2025-09-08,2025-09-08,Clear,None
FTL-04807,2025-09-04,Phoenix,Dallas,QuickMove,Express,47.0,2025-09-08,2025-09-07,Rain,None
FTL-04808,2025-02-05,Atlanta,Seattle,QuickMove,Economy,45.4,2025-02-08,2025-02-08,Snow,None
FTL-04809,2025-01-20,Denver,Los Angeles,LogiPro,Economy,1.8,2025-01-25,2025-01-25,Rain,None
FTL-04810,2025-11-19,Chicago,Miami,QuickMove,Economy,25.3,2025-11-26,2025-11-26,Fog,None
FTL-04811,2025-12-11,Phoenix,Dallas,LogiPro,Economy,18.7,2025-12-14,2025-12-14,Clear,None
FTL-04812,2025-07-22,Chicago,Houston,LogiPro,Express,34.1,2025-07-25,2025-07-24,Rain,None
FTL-04813,2025-08-07,Denver,Dallas,FastShip,Express,35.7,2025-08-10,2025-08-10,Clear,None
FTL-04814,2025-07-11,Denver,Houston,QuickMove,Economy,38.2,2025-07-14,2025-07-14,Clear,None
FTL-04815,2025-08-21,Atlanta,Minneapolis,QuickMove,Express,1.1,2025-08-28,2025-09-02,Clear,Carrier delay
FTL-04816,2025-09-30,Phoenix,New York,LogiPro,Economy,12.0,2025-10-07,2025-10-07,Clear,None
FTL-04817,2025-10-19,Chicago,Minneapolis,QuickMove,Express,47.0,2025-10-24,2025-10-23,Clear,None
FTL-04818,2025-01-07,Phoenix,Seattle,LogiPro,Economy,17.2,2025-01-12,2025-01-12,Snow,None
FTL-04819,2025-08-10,Atlanta,Houston,LogiPro,Economy,40.1,2025-08-15,2025-08-14,Rain,None
FTL-04820,2025-03-01,Atlanta,Los Angeles,QuickMove,Economy,28.6,2025-03-06,2025-03-05,Fog,None
FTL-04821,2025-05-25,Denver,Dallas,FastShip,Economy,23.3,2025-05-29,2025-05-28,Clear,None
FTL-04822,2025-04-11,Phoenix,San Francisco,QuickMove,Express,26.5,2025-04-15,2025-04-15,Rain,None
FTL-04823,2025-08-23,Phoenix,Houston,QuickMove,Economy,43.8,2025-08-28,2025-09-02,Clear,Carrier delay
FTL-04824,2025-09-05,Atlanta,Los Angeles,QuickMove,Express,7.6,2025-09-10,2025-09-09,Rain,None
FTL-04825,2025-04-19,Phoenix,Miami,QuickMove,Express,13.0,2025-04-23,2025-04-22,Clear,None
FTL-04826,2025-01-19,Phoenix,San Francisco,QuickMove,Express,31.0,2025-01-22,2025-01-21,Rain,None
FTL-04827,2025-05-31,Atlanta,Miami,FastShip,Express,14.2,2025-06-06,2025-06-05,Fog,None
FTL-04828,2025-02-13,Chicago,Boston,LogiPro,Economy,8.0,2025-02-18,2025-02-18,Clear,None
FTL-04829,2025-03-23,Atlanta,Seattle,FastShip,Economy,39.5,2025-03-26,2025-03-25,Clear,None
FTL-04830,2025-03-16,Atlanta,Miami,FastShip,Economy,29.6,2025-03-21,2025-03-25,Rain,Warehouse processing
FTL-04831,2025-09-19,Chicago,Miami,FastShip,Express,21.5,2025-09-23,2025-09-23,Clear,None
FTL-04832,2025-10-09,Phoenix,New York,QuickMove,Express,49.3,2025-10-14,2025-10-14,Clear,None
FTL-04833,2025-05-01,Chicago,Nashville,FastShip,Economy,14.2,2025-05-05,2025-05-07,Clear,Address issue
FTL-04834,2025-03-14,Phoenix,Minneapolis,QuickMove,Express,29.2,2025-03-20,2025-03-21,Snow,Carrier delay
FTL-04835,2025-08-31,Denver,Miami,QuickMove,Express,36.3,2025-09-06,2025-09-05,Clear,None
FTL-04836,2025-01-17,Atlanta,Boston,FastShip,Express,25.2,2025-01-22,2025-01-22,Snow,None
FTL-04837,2025-09-25,Phoenix,Boston,QuickMove,Express,33.9,2025-09-28,2025-09-27,Clear,None
FTL-04838,2025-01-08,Phoenix,Boston,FastShip,Express,3.8,2025-01-12,2025-01-16,Clear,Sorting error
FTL-04839,2025-07-29,Phoenix,Los Angeles,FastShip,Economy,17.0,2025-08-05,2025-08-05,Fog,None
FTL-04840,2025-05-04,Denver,San Francisco,FastShip,Economy,8.9,2025-05-10,2025-05-10,Rain,None
FTL-04841,2025-02-22,Phoenix,Houston,LogiPro,Economy,31.3,2025-03-01,2025-02-28,Rain,None
FTL-04842,2025-06-30,Atlanta,Houston,QuickMove,Economy,25.4,2025-07-05,2025-07-05,Clear,None
FTL-04843,2025-03-08,Phoenix,Houston,QuickMove,Economy,35.8,2025-03-14,2025-03-14,Snow,None
FTL-04844,2025-09-30,Denver,San Francisco,FastShip,Economy,2.4,2025-10-04,2025-10-04,Clear,None
FTL-04845,2025-12-26,Atlanta,Houston,QuickMove,Economy,43.3,2026-01-02,2026-01-01,Snow,None
FTL-04846,2025-11-06,Chicago,Dallas,LogiPro,Express,3.6,2025-11-09,2025-11-09,Rain,None
FTL-04847,2025-03-12,Atlanta,Nashville,QuickMove,Express,6.5,2025-03-18,2025-03-21,Clear,Sorting error
FTL-04848,2025-10-16,Denver,New York,FastShip,Express,6.1,2025-10-23,2025-10-23,Clear,None
FTL-04849,2025-03-03,Phoenix,San Francisco,LogiPro,Express,4.8,2025-03-07,2025-03-06,Clear,None
FTL-04850,2025-05-09,Chicago,Seattle,LogiPro,Express,44.1,2025-05-14,2025-05-14,Rain,None
FTL-04851,2025-07-15,Denver,Dallas,QuickMove,Express,11.6,2025-07-19,2025-07-18,Clear,None
FTL-04852,2025-01-08,Phoenix,Los Angeles,QuickMove,Express,39.0,2025-01-14,2025-01-14,Clear,None
FTL-04853,2025-08-26,Denver,Los Angeles,FastShip,Express,16.5,2025-09-01,2025-09-03,Rain,Vehicle breakdown
FTL-04854,2025-01-11,Phoenix,Nashville,FastShip,Economy,8.5,2025-01-14,2025-01-13,Clear,None
FTL-04855,2025-08-11,Chicago,San Francisco,QuickMove,Express,45.1,2025-08-14,2025-08-13,Clear,None
FTL-04856,2025-08-16,Denver,Seattle,FastShip,Economy,15.9,2025-08-22,2025-08-21,Clear,None
FTL-04857,2025-10-01,Denver,New York,QuickMove,Express,22.5,2025-10-07,2025-10-06,Rain,None
FTL-04858,2025-06-19,Phoenix,New York,LogiPro,Economy,31.0,2025-06-25,2025-06-25,Clear,None
FTL-04859,2025-08-16,Denver,Dallas,FastShip,Economy,49.1,2025-08-20,2025-08-19,Clear,None
FTL-04860,2025-01-21,Atlanta,Nashville,QuickMove,Economy,46.3,2025-01-24,2025-01-28,Snow,Carrier delay
FTL-04861,2025-04-17,Denver,Minneapolis,QuickMove,Express,11.4,2025-04-20,2025-04-21,Rain,Carrier delay
FTL-04862,2025-03-03,Chicago,Dallas,FastShip,Express,34.2,2025-03-06,2025-03-06,Clear,None
FTL-04863,2025-07-18,Chicago,Seattle,QuickMove,Economy,29.1,2025-07-21,2025-07-23,Clear,Carrier delay
FTL-04864,2025-11-01,Atlanta,San Francisco,QuickMove,Express,23.0,2025-11-05,2025-11-07,Snow,Sorting error
FTL-04865,2025-08-27,Denver,New York,FastShip,Economy,12.1,2025-08-30,2025-08-30,Fog,None
FTL-04866,2025-12-19,Phoenix,San Francisco,QuickMove,Express,10.4,2025-12-24,2025-12-24,Clear,None
FTL-04867,2025-11-03,Phoenix,Houston,QuickMove,Economy,15.1,2025-11-10,2025-11-10,Snow,None
FTL-04868,2025-06-28,Chicago,San Francisco,FastShip,Express,12.5,2025-07-04,2025-07-04,Fog,None
FTL-04869,2025-02-23,Atlanta,Seattle,QuickMove,Economy,7.8,2025-02-28,2025-03-03,Clear,Weather disruption
FTL-04870,2025-11-25,Atlanta,Minneapolis,FastShip,Express,8.1,2025-12-02,2025-12-02,Snow,None
FTL-04871,2025-05-04,Denver,Miami,QuickMove,Express,38.5,2025-05-11,2025-05-11,Clear,None
FTL-04872,2025-03-13,Phoenix,Seattle,QuickMove,Express,20.1,2025-03-19,2025-03-19,Clear,None
FTL-04873,2025-12-30,Chicago,New York,QuickMove,Express,42.3,2026-01-05,2026-01-05,Clear,None
FTL-04874,2025-06-15,Chicago,Minneapolis,LogiPro,Economy,4.1,2025-06-20,2025-06-20,Clear,None
FTL-04875,2025-03-22,Chicago,Houston,LogiPro,Economy,32.5,2025-03-26,2025-03-26,Snow,None
FTL-04876,2025-11-09,Chicago,Houston,FastShip,Economy,3.5,2025-11-14,2025-11-14,Snow,None
FTL-04877,2025-04-18,Atlanta,Dallas,LogiPro,Express,15.8,2025-04-23,2025-04-22,Clear,None
FTL-04878,2025-11-19,Denver,Houston,FastShip,Express,44.3,2025-11-26,2025-11-25,Snow,None
FTL-04879,2025-12-18,Denver,Seattle,FastShip,Express,32.6,2025-12-23,2025-12-22,Snow,None
FTL-04880,2025-01-15,Denver,San Francisco,QuickMove,Express,5.5,2025-01-21,2025-01-20,Snow,None
FTL-04881,2025-03-09,Chicago,Dallas,FastShip,Express,24.1,2025-03-13,2025-03-12,Snow,None
FTL-04882,2025-10-30,Phoenix,Dallas,FastShip,Economy,17.3,2025-11-05,2025-11-04,Clear,None
FTL-04883,2025-08-18,Denver,Minneapolis,QuickMove,Economy,45.5,2025-08-21,2025-08-20,Rain,None
FTL-04884,2025-05-30,Denver,New York,QuickMove,Express,2.9,2025-06-04,2025-06-04,Clear,None
FTL-04885,2025-05-31,Atlanta,Minneapolis,LogiPro,Express,17.6,2025-06-04,2025-06-04,Clear,None
FTL-04886,2025-04-22,Chicago,Dallas,QuickMove,Economy,17.4,2025-04-27,2025-04-26,Clear,None
FTL-04887,2025-06-19,Denver,Houston,FastShip,Express,45.4,2025-06-25,2025-06-25,Clear,None
FTL-04888,2025-03-16,Denver,Minneapolis,QuickMove,Express,27.9,2025-03-23,2025-03-24,Snow,Sorting error
FTL-04889,2025-11-08,Denver,Dallas,QuickMove,Economy,45.7,2025-11-11,2025-11-16,Clear,Weather disruption
FTL-04890,2025-04-11,Phoenix,Minneapolis,FastShip,Express,2.1,2025-04-14,2025-04-13,Clear,None
FTL-04891,2025-11-19,Atlanta,New York,QuickMove,Economy,37.6,2025-11-22,2025-11-22,Snow,None
FTL-04892,2025-06-11,Atlanta,Los Angeles,LogiPro,Express,39.9,2025-06-16,2025-06-20,Clear,Carrier delay
FTL-04893,2025-05-21,Atlanta,New York,LogiPro,Economy,10.1,2025-05-24,2025-05-24,Clear,None
FTL-04894,2025-10-18,Denver,Nashville,QuickMove,Express,15.0,2025-10-21,2025-10-25,Clear,Vehicle breakdown
FTL-04895,2025-04-25,Denver,Boston,LogiPro,Economy,49.1,2025-05-02,2025-05-02,Clear,None
FTL-04896,2025-06-04,Chicago,Dallas,QuickMove,Express,23.1,2025-06-08,2025-06-12,Clear,Carrier delay
FTL-04897,2025-12-24,Atlanta,Dallas,FastShip,Economy,2.4,2025-12-28,2025-12-28,Snow,None
FTL-04898,2025-09-23,Phoenix,Minneapolis,QuickMove,Economy,18.9,2025-09-26,2025-09-27,Clear,Carrier delay
FTL-04899,2025-01-06,Denver,Seattle,QuickMove,Express,45.5,2025-01-11,2025-01-11,Clear,None
FTL-04900,2025-06-10,Denver,Dallas,QuickMove,Economy,38.8,2025-06-13,2025-06-15,Fog,Weather disruption
FTL-04901,2025-01-06,Phoenix,San Francisco,QuickMove,Economy,13.9,2025-01-12,2025-01-11,Fog,None
FTL-04902,2025-09-09,Denver,Miami,LogiPro,Express,10.6,2025-09-13,2025-09-13,Rain,None
FTL-04903,2025-04-08,Atlanta,Houston,FastShip,Economy,31.9,2025-04-15,2025-04-14,Clear,None
FTL-04904,2025-06-14,Atlanta,Houston,LogiPro,Express,46.3,2025-06-20,2025-06-20,Rain,None
FTL-04905,2025-01-12,Atlanta,Miami,FastShip,Express,14.5,2025-01-17,2025-01-16,Rain,None
FTL-04906,2025-09-10,Chicago,Boston,QuickMove,Economy,24.1,2025-09-13,2025-09-13,Clear,None
FTL-04907,2025-11-14,Denver,New York,LogiPro,Express,12.5,2025-11-20,2025-11-19,Snow,None
FTL-04908,2025-05-08,Denver,Dallas,LogiPro,Economy,45.0,2025-05-11,2025-05-10,Rain,None
FTL-04909,2025-06-07,Denver,Boston,FastShip,Express,1.9,2025-06-14,2025-06-14,Clear,None
FTL-04910,2025-01-05,Phoenix,Dallas,QuickMove,Economy,8.7,2025-01-11,2025-01-16,Snow,Vehicle breakdown
FTL-04911,2025-08-04,Atlanta,San Francisco,FastShip,Economy,10.5,2025-08-10,2025-08-10,Clear,None
FTL-04912,2025-08-23,Denver,Houston,FastShip,Economy,35.4,2025-08-29,2025-08-30,Clear,Weather disruption
FTL-04913,2025-05-01,Atlanta,Miami,FastShip,Express,12.5,2025-05-06,2025-05-05,Fog,None
FTL-04914,2025-12-27,Chicago,Nashville,QuickMove,Express,18.1,2026-01-03,2026-01-08,Snow,Carrier delay
FTL-04915,2025-08-13,Chicago,New York,FastShip,Express,9.5,2025-08-17,2025-08-16,Clear,None
FTL-04916,2025-09-20,Chicago,Minneapolis,QuickMove,Economy,23.8,2025-09-23,2025-09-23,Fog,None
FTL-04917,2025-07-04,Chicago,San Francisco,QuickMove,Economy,31.4,2025-07-09,2025-07-08,Clear,None
FTL-04918,2025-05-20,Chicago,New York,LogiPro,Economy,43.1,2025-05-25,2025-05-25,Snow,None
FTL-04919,2025-01-16,Atlanta,Dallas,LogiPro,Economy,40.0,2025-01-20,2025-01-19,Rain,None
FTL-04920,2025-03-29,Denver,Seattle,FastShip,Economy,31.7,2025-04-01,2025-04-01,Snow,None
FTL-04921,2025-05-09,Phoenix,San Francisco,FastShip,Economy,30.5,2025-05-16,2025-05-16,Clear,None
FTL-04922,2025-02-20,Denver,Dallas,QuickMove,Express,29.8,2025-02-23,2025-02-28,Rain,Carrier delay
FTL-04923,2025-05-07,Phoenix,Boston,FastShip,Express,38.0,2025-05-14,2025-05-18,Rain,Warehouse processing
FTL-04924,2025-10-15,Atlanta,Nashville,QuickMove,Express,36.3,2025-10-18,2025-10-18,Clear,None
FTL-04925,2025-04-21,Chicago,Minneapolis,FastShip,Express,42.5,2025-04-25,2025-04-24,Clear,None
FTL-04926,2025-12-03,Phoenix,Nashville,FastShip,Economy,16.3,2025-12-06,2025-12-10,Fog,Warehouse processing
FTL-04927,2025-06-14,Atlanta,Nashville,FastShip,Economy,24.8,2025-06-21,2025-06-20,Fog,None
FTL-04928,2025-08-17,Chicago,Dallas,LogiPro,Economy,16.0,2025-08-23,2025-08-25,Clear,Carrier delay
FTL-04929,2025-07-31,Chicago,Seattle,FastShip,Express,24.5,2025-08-05,2025-08-05,Rain,None
FTL-04930,2025-01-27,Chicago,Miami,QuickMove,Express,19.0,2025-01-30,2025-01-30,Snow,None
FTL-04931,2025-10-22,Phoenix,Miami,QuickMove,Express,34.0,2025-10-29,2025-10-29,Rain,None
FTL-04932,2025-04-06,Atlanta,Los Angeles,QuickMove,Express,44.0,2025-04-11,2025-04-12,Clear,Sorting error
FTL-04933,2025-03-21,Denver,Boston,FastShip,Express,26.3,2025-03-24,2025-03-23,Snow,None
FTL-04934,2025-11-22,Denver,Boston,FastShip,Express,25.7,2025-11-28,2025-11-27,Fog,None
FTL-04935,2025-02-16,Chicago,New York,LogiPro,Economy,12.7,2025-02-23,2025-02-22,Clear,None
FTL-04936,2025-03-18,Chicago,Dallas,QuickMove,Express,42.3,2025-03-24,2025-03-23,Snow,None
FTL-04937,2025-06-24,Atlanta,Houston,QuickMove,Express,49.7,2025-06-30,2025-06-30,Clear,None
FTL-04938,2025-11-29,Denver,New York,FastShip,Economy,35.2,2025-12-05,2025-12-04,Snow,None
FTL-04939,2025-06-01,Denver,Minneapolis,FastShip,Economy,32.3,2025-06-06,2025-06-06,Clear,None
FTL-04940,2025-11-20,Phoenix,Nashville,QuickMove,Express,19.9,2025-11-24,2025-11-24,Clear,None
FTL-04941,2025-07-16,Chicago,Nashville,LogiPro,Express,42.5,2025-07-19,2025-07-19,Rain,None
FTL-04942,2025-04-03,Atlanta,Los Angeles,QuickMove,Economy,43.1,2025-04-09,2025-04-08,Rain,None
FTL-04943,2025-07-29,Phoenix,Minneapolis,LogiPro,Economy,22.8,2025-08-01,2025-07-31,Clear,None
FTL-04944,2025-10-12,Chicago,Miami,FastShip,Express,17.7,2025-10-18,2025-10-18,Clear,None
FTL-04945,2025-09-24,Atlanta,Los Angeles,QuickMove,Economy,9.8,2025-09-29,2025-09-28,Clear,None
FTL-04946,2025-11-02,Atlanta,Minneapolis,FastShip,Express,9.8,2025-11-09,2025-11-09,Clear,None
FTL-04947,2025-09-21,Atlanta,Dallas,QuickMove,Express,6.0,2025-09-28,2025-09-28,Clear,None
FTL-04948,2025-01-16,Denver,Houston,FastShip,Express,16.9,2025-01-20,2025-01-22,Clear,Customs hold
FTL-04949,2025-08-31,Atlanta,Minneapolis,QuickMove,Economy,18.1,2025-09-06,2025-09-06,Rain,None
FTL-04950,2025-08-03,Atlanta,Los Angeles,QuickMove,Economy,6.4,2025-08-07,2025-08-12,Rain,Sorting error
FTL-04951,2025-09-03,Atlanta,Seattle,LogiPro,Economy,14.7,2025-09-06,2025-09-06,Clear,None
FTL-04952,2025-08-22,Denver,Minneapolis,QuickMove,Express,14.8,2025-08-26,2025-08-25,Rain,None
FTL-04953,2025-10-09,Atlanta,Seattle,QuickMove,Express,2.4,2025-10-14,2025-10-14,Rain,None
FTL-04954,2025-12-29,Denver,Houston,FastShip,Economy,4.9,2026-01-03,2026-01-03,Snow,None
FTL-04955,2025-08-02,Atlanta,San Francisco,FastShip,Economy,19.9,2025-08-05,2025-08-04,Clear,None
FTL-04956,2025-12-22,Phoenix,Minneapolis,FastShip,Economy,1.2,2025-12-29,2025-12-29,Snow,None
FTL-04957,2025-09-13,Atlanta,Nashville,FastShip,Economy,21.1,2025-09-18,2025-09-17,Clear,None
FTL-04958,2025-05-15,Denver,San Francisco,QuickMove,Express,19.7,2025-05-20,2025-05-20,Clear,None
FTL-04959,2025-09-10,Phoenix,Houston,LogiPro,Economy,4.3,2025-09-14,2025-09-13,Rain,None
FTL-04960,2025-09-07,Atlanta,Boston,QuickMove,Express,34.0,2025-09-13,2025-09-13,Clear,None
FTL-04961,2025-03-03,Atlanta,Los Angeles,QuickMove,Economy,8.2,2025-03-10,2025-03-10,Snow,None
FTL-04962,2025-09-03,Phoenix,Miami,FastShip,Express,2.4,2025-09-08,2025-09-09,Clear,Warehouse processing
FTL-04963,2025-10-18,Chicago,Los Angeles,FastShip,Express,19.4,2025-10-23,2025-10-23,Rain,None
FTL-04964,2025-11-01,Phoenix,Dallas,FastShip,Express,48.3,2025-11-06,2025-11-05,Snow,None
FTL-04965,2025-06-30,Phoenix,Miami,FastShip,Economy,16.3,2025-07-04,2025-07-04,Clear,None
FTL-04966,2025-05-19,Chicago,New York,LogiPro,Economy,15.1,2025-05-26,2025-05-26,Clear,None
FTL-04967,2025-06-17,Chicago,Boston,LogiPro,Express,44.5,2025-06-24,2025-06-24,Clear,None
FTL-04968,2025-07-07,Phoenix,Seattle,FastShip,Economy,1.3,2025-07-12,2025-07-16,Rain,Weather disruption
FTL-04969,2025-05-22,Denver,Dallas,LogiPro,Economy,46.0,2025-05-26,2025-05-26,Clear,None
FTL-04970,2025-05-10,Chicago,Minneapolis,FastShip,Economy,26.6,2025-05-17,2025-05-16,Clear,None
FTL-04971,2025-10-29,Phoenix,New York,FastShip,Economy,13.4,2025-11-04,2025-11-06,Clear,Warehouse processing
FTL-04972,2025-03-22,Phoenix,Seattle,QuickMove,Economy,44.9,2025-03-26,2025-03-25,Clear,None
FTL-04973,2025-11-28,Phoenix,Seattle,LogiPro,Express,12.8,2025-12-05,2025-12-09,Snow,Sorting error
FTL-04974,2025-04-13,Chicago,San Francisco,LogiPro,Economy,17.9,2025-04-17,2025-04-16,Fog,None
FTL-04975,2025-07-10,Atlanta,Houston,FastShip,Economy,26.4,2025-07-14,2025-07-13,Clear,None
FTL-04976,2025-02-01,Denver,Miami,LogiPro,Express,31.8,2025-02-06,2025-02-08,Rain,Carrier delay
FTL-04977,2025-06-10,Phoenix,Boston,QuickMove,Express,8.4,2025-06-14,2025-06-16,Rain,Carrier delay
FTL-04978,2025-11-11,Denver,Houston,FastShip,Economy,42.2,2025-11-16,2025-11-16,Fog,None
FTL-04979,2025-04-05,Denver,Dallas,FastShip,Express,31.4,2025-04-10,2025-04-09,Fog,None
FTL-04980,2025-07-21,Chicago,Nashville,LogiPro,Express,26.5,2025-07-28,2025-07-27,Rain,None
FTL-04981,2025-03-30,Denver,Nashville,LogiPro,Express,49.2,2025-04-02,2025-04-01,Clear,None
FTL-04982,2025-03-07,Chicago,Houston,QuickMove,Economy,11.6,2025-03-11,2025-03-11,Clear,None
FTL-04983,2025-06-29,Chicago,New York,QuickMove,Express,10.0,2025-07-05,2025-07-04,Clear,None
FTL-04984,2025-07-20,Phoenix,San Francisco,QuickMove,Economy,32.1,2025-07-27,2025-07-27,Clear,None
FTL-04985,2025-09-27,Phoenix,Nashville,LogiPro,Express,5.7,2025-10-01,2025-09-30,Clear,None
FTL-04986,2025-12-29,Denver,Dallas,FastShip,Economy,24.5,2026-01-01,2025-12-31,Fog,None
FTL-04987,2025-04-27,Denver,San Francisco,LogiPro,Economy,30.4,2025-05-02,2025-05-01,Clear,None
FTL-04988,2025-05-20,Denver,San Francisco,LogiPro,Express,39.9,2025-05-25,2025-05-25,Clear,None
FTL-04989,2025-11-01,Denver,Minneapolis,QuickMove,Economy,37.0,2025-11-04,2025-11-04,Clear,None
FTL-04990,2025-09-30,Denver,Nashville,FastShip,Economy,45.5,2025-10-04,2025-10-04,Clear,None
FTL-04991,2025-10-11,Phoenix,Seattle,FastShip,Express,34.4,2025-10-16,2025-10-21,Rain,Sorting error
FTL-04992,2025-09-15,Denver,Dallas,FastShip,Express,23.3,2025-09-22,2025-09-22,Rain,None
FTL-04993,2025-05-05,Atlanta,Nashville,LogiPro,Economy,24.8,2025-05-10,2025-05-09,Clear,None
FTL-04994,2025-07-06,Atlanta,Miami,FastShip,Express,39.8,2025-07-09,2025-07-10,Rain,Carrier delay
FTL-04995,2025-11-08,Chicago,Houston,QuickMove,Economy,14.2,2025-11-12,2025-11-12,Snow,None
FTL-04996,2025-04-22,Denver,Houston,FastShip,Express,27.2,2025-04-28,2025-05-01,Clear,Weather disruption
FTL-04997,2025-01-16,Phoenix,Miami,QuickMove,Economy,41.5,2025-01-19,2025-01-22,Snow,Carrier delay
FTL-04998,2025-04-02,Atlanta,New York,FastShip,Economy,22.6,2025-04-06,2025-04-06,Clear,None
FTL-04999,2025-08-14,Chicago,Nashville,FastShip,Express,7.3,2025-08-19,2025-08-19,Snow,None
FTL-05000,2025-09-12,Atlanta,Boston,FastShip,Economy,47.9,2025-09-16,2025-09-16,Clear,None