"camis","dba","boro","cuisine_description","inspection_date","critical_flag","score","grade","grade_date","inspection_type"
"50180644","PEEK IN CAFE","Brooklyn","Korean","2026-02-21T00:00:00.000","Critical","12","A","2026-02-21T00:00:00.000","Pre-permit (Operational) / Initial Inspection"
"50107252","CARVEL","Brooklyn","Frozen Desserts","2026-02-21T00:00:00.000","Critical","5","A","2026-02-21T00:00:00.000","Cycle Inspection / Initial Inspection"
"50179985","Forefathers Chicken Madness","Brooklyn","Chicken","2026-02-21T00:00:00.000","Critical","10","A","2026-02-21T00:00:00.000","Pre-permit (Operational) / Initial Inspection"
"50152524","UNCUTT BAR & RESTAURANT","Brooklyn","American","2026-02-21T00:00:00.000","Not Critical","12","A","2026-02-21T00:00:00.000","Cycle Inspection / Initial Inspection"
"50152524","UNCUTT BAR & RESTAURANT","Brooklyn","American","2026-02-21T00:00:00.000","Critical","12","A","2026-02-21T00:00:00.000","Cycle Inspection / Initial Inspection"
"50165726","COCINA MI ENCANTO","Staten Island","Other","2026-02-21T00:00:00.000","Critical","12","A","2026-02-21T00:00:00.000","Pre-permit (Operational) / Initial Inspection"
"50165726","COCINA MI ENCANTO","Staten Island","Other","2026-02-21T00:00:00.000","Not Critical","12","A","2026-02-21T00:00:00.000","Pre-permit (Operational) / Initial Inspection"
"50180644","PEEK IN CAFE","Brooklyn","Korean","2026-02-21T00:00:00.000","Critical","12","A","2026-02-21T00:00:00.000","Pre-permit (Operational) / Initial Inspection"
"50180829","BOB'S NOODLE","Queens","Chinese","2026-02-21T00:00:00.000","Not Critical","13","A","2026-02-21T00:00:00.000","Pre-permit (Operational) / Initial Inspection"
"41600900","PANDA GARDEN RESTAURANT","Brooklyn","Chinese","2026-02-21T00:00:00.000","Critical","13","A","2026-02-21T00:00:00.000","Cycle Inspection / Initial Inspection"
"50059239","RUZANA","Brooklyn","Mediterranean","2026-02-21T00:00:00.000","Critical","10","A","2026-02-21T00:00:00.000","Cycle Inspection / Initial Inspection"
"41600900","PANDA GARDEN RESTAURANT","Brooklyn","Chinese","2026-02-21T00:00:00.000","Critical","13","A","2026-02-21T00:00:00.000","Cycle Inspection / Initial Inspection"
"41629000","GINO'S RESTAURANT & PIZZERIA","Brooklyn","Italian","2026-02-21T00:00:00.000","Not Critical","9","A","2026-02-21T00:00:00.000","Cycle Inspection / Initial Inspection"
"50180644","PEEK IN CAFE","Brooklyn","Korean","2026-02-21T00:00:00.000","Not Critical","12","A","2026-02-21T00:00:00.000","Pre-permit (Operational) / Initial Inspection"
"50180829","BOB'S NOODLE","Queens","Chinese","2026-02-21T00:00:00.000","Not Critical","13","A","2026-02-21T00:00:00.000","Pre-permit (Operational) / Initial Inspection"
"50174187","DRAGON KING","Bronx","Chinese","2026-02-21T00:00:00.000","Not Critical","12","A","2026-02-21T00:00:00.000","Pre-permit (Operational) / Re-inspection"
"41629000","GINO'S RESTAURANT & PIZZERIA","Brooklyn","Italian","2026-02-21T00:00:00.000","Not Critical","9","A","2026-02-21T00:00:00.000","Cycle Inspection / Initial Inspection"
"50174187","DRAGON KING","Bronx","Chinese","2026-02-21T00:00:00.000","Not Critical","12","A","2026-02-21T00:00:00.000","Pre-permit (Operational) / Re-inspection"
"50075658","PEKING CHINESE RESTAURANT","Queens","Chinese","2026-02-21T00:00:00.000","Critical","12","A","2026-02-21T00:00:00.000","Cycle Inspection / Initial Inspection"
"50174187","DRAGON KING","Bronx","Chinese","2026-02-21T00:00:00.000","Critical","12","A","2026-02-21T00:00:00.000","Pre-permit (Operational) / Re-inspection"
"41481377","MADERA","Queens","Latin American","2026-02-21T00:00:00.000","Critical","12","A","2026-02-21T00:00:00.000","Cycle Inspection / Initial Inspection"
"50059239","RUZANA","Brooklyn","Mediterranean","2026-02-21T00:00:00.000","Critical","10","A","2026-02-21T00:00:00.000","Cycle Inspection / Initial Inspection"
"50180829","BOB'S NOODLE","Queens","Chinese","2026-02-21T00:00:00.000","Critical","13","A","2026-02-21T00:00:00.000","Pre-permit (Operational) / Initial Inspection"
"50075658","PEKING CHINESE RESTAURANT","Queens","Chinese","2026-02-21T00:00:00.000","Not Critical","12","A","2026-02-21T00:00:00.000","Cycle Inspection / Initial Inspection"
"41481377","MADERA","Queens","Latin American","2026-02-21T00:00:00.000","Not Critical","12","A","2026-02-21T00:00:00.000","Cycle Inspection / Initial Inspection"
"41166072","QUIJOTE","Queens","Latin American","2026-02-21T00:00:00.000","Critical","5","A","2026-02-21T00:00:00.000","Cycle Inspection / Initial Inspection"
"41629000","GINO'S RESTAURANT & PIZZERIA","Brooklyn","Italian","2026-02-21T00:00:00.000","Critical","9","A","2026-02-21T00:00:00.000","Cycle Inspection / Initial Inspection"
"50051436","GERSI","Brooklyn","Italian","2026-02-20T00:00:00.000","Critical","13","A","2026-02-20T00:00:00.000","Cycle Inspection / Initial Inspection"
"50013581","MARKET PLACE @ 9TH","Manhattan","Fusion","2026-02-20T00:00:00.000","Critical","11","A","2026-02-20T00:00:00.000","Cycle Inspection / Initial Inspection"
"50007973","GOOD TASTE","Queens","Caribbean","2026-02-20T00:00:00.000","Critical","13","A","2026-02-20T00:00:00.000","Cycle Inspection / Initial Inspection"
"50180483","HAWA LES","Manhattan","Juice, Smoothies, Fruit Salads","2026-02-20T00:00:00.000","Critical","7","A","2026-02-20T00:00:00.000","Pre-permit (Operational) / Initial Inspection"
"41277596","BURGER KING","Queens","Hamburgers","2026-02-20T00:00:00.000","Critical","8","A","2026-02-20T00:00:00.000","Cycle Inspection / Initial Inspection"
"50115306","POKEBOWL STATION","Staten Island","Hawaiian","2026-02-20T00:00:00.000","Critical","11","A","2026-02-20T00:00:00.000","Cycle Inspection / Initial Inspection"
"50105860","POPEYES","Queens","American","2026-02-20T00:00:00.000","Critical","7","A","2026-02-20T00:00:00.000","Cycle Inspection / Initial Inspection"
"50007973","GOOD TASTE","Queens","Caribbean","2026-02-20T00:00:00.000","Not Critical","13","A","2026-02-20T00:00:00.000","Cycle Inspection / Initial Inspection"
"41696737","DUNKIN","Queens","Donuts","2026-02-20T00:00:00.000","Critical","7","A","2026-02-20T00:00:00.000","Cycle Inspection / Re-inspection"
"41701514","DUNKIN","Queens","Donuts","2026-02-20T00:00:00.000","Not Critical","9","A","2026-02-20T00:00:00.000","Cycle Inspection / Initial Inspection"
"41699397","JUICY CUBE","Manhattan","Juice, Smoothies, Fruit Salads","2026-02-20T00:00:00.000","Not Critical","8","A","2026-02-20T00:00:00.000","Cycle Inspection / Initial Inspection"
"50065986","TWISTED ROOTZ","Brooklyn","Juice, Smoothies, Fruit Salads","2026-02-20T00:00:00.000","Critical","11","A","2026-02-20T00:00:00.000","Cycle Inspection / Re-inspection"
"50065986","TWISTED ROOTZ","Brooklyn","Juice, Smoothies, Fruit Salads","2026-02-20T00:00:00.000","Not Critical","11","A","2026-02-20T00:00:00.000","Cycle Inspection / Re-inspection"
"50002807","DUNKIN","Bronx","Donuts","2026-02-20T00:00:00.000","Not Critical","11","A","2026-02-20T00:00:00.000","Cycle Inspection / Initial Inspection"
"50101746","LA GRAN NAGUA BAKERY","Brooklyn","Bakery Products/Desserts","2026-02-20T00:00:00.000","Critical","9","A","2026-02-20T00:00:00.000","Cycle Inspection / Initial Inspection"
"50155565","LAS PATRONAS","Queens","Mexican","2026-02-20T00:00:00.000","Not Critical","10","A","2026-02-20T00:00:00.000","Cycle Inspection / Initial Inspection"
"50152632","L.M CAFE","Queens","Coffee/Tea","2026-02-20T00:00:00.000","Not Critical","4","A","2026-02-20T00:00:00.000","Cycle Inspection / Re-inspection"
"50115306","POKEBOWL STATION","Staten Island","Hawaiian","2026-02-20T00:00:00.000","Not Critical","11","A","2026-02-20T00:00:00.000","Cycle Inspection / Initial Inspection"
"50156290","THE GRAPE LEAF","Brooklyn","Middle Eastern","2026-02-20T00:00:00.000","Critical","12","A","2026-02-20T00:00:00.000","Cycle Inspection / Initial Inspection"
"41635498","SPEEDY ROMEO","Brooklyn","Italian","2026-02-20T00:00:00.000","Not Critical","9","A","2026-02-20T00:00:00.000","Cycle Inspection / Initial Inspection"
"50156290","THE GRAPE LEAF","Brooklyn","Middle Eastern","2026-02-20T00:00:00.000","Critical","12","A","2026-02-20T00:00:00.000","Cycle Inspection / Initial Inspection"
"50155808","Main entrance on REED St.)","Brooklyn","American","2026-02-20T00:00:00.000","Critical","12","A","2026-02-20T00:00:00.000","Cycle Inspection / Initial Inspection"
"41305836","ST JOHN'S UNIVERSITY LAW SCHOOL","Queens","American","2026-02-20T00:00:00.000","Critical","12","A","2026-02-20T00:00:00.000","Cycle Inspection / Initial Inspection"
"50094746","EL VAQUERITO","Queens","Mexican","2026-02-20T00:00:00.000","Not Critical","10","A","2026-02-20T00:00:00.000","Cycle Inspection / Initial Inspection"
"50115702","SEFTON","Manhattan","American","2026-02-20T00:00:00.000","Not Critical","10","A","2026-02-20T00:00:00.000","Cycle Inspection / Initial Inspection"
"41635498","SPEEDY ROMEO","Brooklyn","Italian","2026-02-20T00:00:00.000","Critical","9","A","2026-02-20T00:00:00.000","Cycle Inspection / Initial Inspection"
"41499986","EL GAUCHITO II","Queens","Brazilian","2026-02-20T00:00:00.000","Critical","10","A","2026-02-20T00:00:00.000","Cycle Inspection / Initial Inspection"
"41427803","HAMPTON INN","Queens","Continental","2026-02-20T00:00:00.000","Critical","7","A","2026-02-20T00:00:00.000","Cycle Inspection / Initial Inspection"
"50115702","SEFTON","Manhattan","American","2026-02-20T00:00:00.000","Critical","10","A","2026-02-20T00:00:00.000","Cycle Inspection / Initial Inspection"
"50101746","LA GRAN NAGUA BAKERY","Brooklyn","Bakery Products/Desserts","2026-02-20T00:00:00.000","Not Critical","9","A","2026-02-20T00:00:00.000","Cycle Inspection / Initial Inspection"
"50002807","DUNKIN","Bronx","Donuts","2026-02-20T00:00:00.000","Critical","11","A","2026-02-20T00:00:00.000","Cycle Inspection / Initial Inspection"
"50064439","ORSO COFFEE","Brooklyn","Coffee/Tea","2026-02-20T00:00:00.000","Critical","10","A","2026-02-20T00:00:00.000","Cycle Inspection / Re-inspection"
"50094746","EL VAQUERITO","Queens","Mexican","2026-02-20T00:00:00.000","Not Critical","10","A","2026-02-20T00:00:00.000","Cycle Inspection / Initial Inspection"
"50013581","MARKET PLACE @ 9TH","Manhattan","Fusion","2026-02-20T00:00:00.000","Not Critical","11","A","2026-02-20T00:00:00.000","Cycle Inspection / Initial Inspection"
"41427803","HAMPTON INN","Queens","Continental","2026-02-20T00:00:00.000","Not Critical","7","A","2026-02-20T00:00:00.000","Cycle Inspection / Initial Inspection"
"50155808","Main entrance on REED St.)","Brooklyn","American","2026-02-20T00:00:00.000","Not Critical","12","A","2026-02-20T00:00:00.000","Cycle Inspection / Initial Inspection"
"41699397","JUICY CUBE","Manhattan","Juice, Smoothies, Fruit Salads","2026-02-20T00:00:00.000","Critical","8","A","2026-02-20T00:00:00.000","Cycle Inspection / Initial Inspection"
"50148137","GYRO AND KASHMIRI PIZZA","Brooklyn","Indian","2026-02-20T00:00:00.000","Critical","12","A","2026-02-20T00:00:00.000","Cycle Inspection / Initial Inspection"
"40880194","TOURNESOL","Queens","French","2026-02-20T00:00:00.000","Not Critical","11","A","2026-02-20T00:00:00.000","Cycle Inspection / Re-inspection"
"41305836","ST JOHN'S UNIVERSITY LAW SCHOOL","Queens","American","2026-02-20T00:00:00.000","Critical","12","A","2026-02-20T00:00:00.000","Cycle Inspection / Initial Inspection"
"50002807","DUNKIN","Bronx","Donuts","2026-02-20T00:00:00.000","Not Critical","11","A","2026-02-20T00:00:00.000","Cycle Inspection / Initial Inspection"
"50156385","YORK COFFEE AND CREPERIE","Manhattan","Coffee/Tea","2026-02-20T00:00:00.000","Not Critical","5","A","2026-02-20T00:00:00.000","Cycle Inspection / Re-inspection"
"41277596","BURGER KING","Queens","Hamburgers","2026-02-20T00:00:00.000","Not Critical","8","A","2026-02-20T00:00:00.000","Cycle Inspection / Initial Inspection"
"50156290","THE GRAPE LEAF","Brooklyn","Middle Eastern","2026-02-20T00:00:00.000","Not Critical","12","A","2026-02-20T00:00:00.000","Cycle Inspection / Initial Inspection"
"50101746","LA GRAN NAGUA BAKERY","Brooklyn","Bakery Products/Desserts","2026-02-20T00:00:00.000","Not Critical","9","A","2026-02-20T00:00:00.000","Cycle Inspection / Initial Inspection"
"50152632","L.M CAFE","Queens","Coffee/Tea","2026-02-20T00:00:00.000","Not Critical","4","A","2026-02-20T00:00:00.000","Cycle Inspection / Re-inspection"
"50148137","GYRO AND KASHMIRI PIZZA","Brooklyn","Indian","2026-02-20T00:00:00.000","Not Critical","12","A","2026-02-20T00:00:00.000","Cycle Inspection / Initial Inspection"
"50159433","THE KOVA","Brooklyn","Coffee/Tea","2026-02-20T00:00:00.000","Critical","5","A","2026-02-20T00:00:00.000","Cycle Inspection / Initial Inspection"
"50148137","GYRO AND KASHMIRI PIZZA","Brooklyn","Indian","2026-02-20T00:00:00.000","Not Critical","12","A","2026-02-20T00:00:00.000","Cycle Inspection / Initial Inspection"
"50051436","GERSI","Brooklyn","Italian","2026-02-20T00:00:00.000","Critical","13","A","2026-02-20T00:00:00.000","Cycle Inspection / Initial Inspection"
"41701514","DUNKIN","Queens","Donuts","2026-02-20T00:00:00.000","Not Critical","9","A","2026-02-20T00:00:00.000","Cycle Inspection / Initial Inspection"
"41272917","BAR GREAT HARRY","Brooklyn","American","2026-02-20T00:00:00.000","Not Critical","13","A","2026-02-20T00:00:00.000","Cycle Inspection / Initial Inspection"
"40880194","TOURNESOL","Queens","French","2026-02-20T00:00:00.000","Critical","11","A","2026-02-20T00:00:00.000","Cycle Inspection / Re-inspection"
"50007973","GOOD TASTE","Queens","Caribbean","2026-02-20T00:00:00.000","Not Critical","13","A","2026-02-20T00:00:00.000","Cycle Inspection / Initial Inspection"
"50064439","ORSO COFFEE","Brooklyn","Coffee/Tea","2026-02-20T00:00:00.000","Not Critical","10","A","2026-02-20T00:00:00.000","Cycle Inspection / Re-inspection"
"41573306","RED MANGO","Manhattan","Frozen Desserts","2026-02-20T00:00:00.000","Critical","13","A","2026-02-20T00:00:00.000","Cycle Inspection / Initial Inspection"
"41701514","DUNKIN","Queens","Donuts","2026-02-20T00:00:00.000","Critical","9","A","2026-02-20T00:00:00.000","Cycle Inspection / Initial Inspection"
"40880194","TOURNESOL","Queens","French","2026-02-20T00:00:00.000","Critical","11","A","2026-02-20T00:00:00.000","Cycle Inspection / Re-inspection"
"41272917","BAR GREAT HARRY","Brooklyn","American","2026-02-20T00:00:00.000","Critical","13","A","2026-02-20T00:00:00.000","Cycle Inspection / Initial Inspection"
"50180483","HAWA LES","Manhattan","Juice, Smoothies, Fruit Salads","2026-02-20T00:00:00.000","Not Critical","7","A","2026-02-20T00:00:00.000","Pre-permit (Operational) / Initial Inspection"
"41573306","RED MANGO","Manhattan","Frozen Desserts","2026-02-20T00:00:00.000","Critical","13","A","2026-02-20T00:00:00.000","Cycle Inspection / Initial Inspection"
"50115306","POKEBOWL STATION","Staten Island","Hawaiian","2026-02-20T00:00:00.000","Not Critical","11","A","2026-02-20T00:00:00.000","Cycle Inspection / Initial Inspection"
"41305836","ST JOHN'S UNIVERSITY LAW SCHOOL","Queens","American","2026-02-20T00:00:00.000","Not Critical","12","A","2026-02-20T00:00:00.000","Cycle Inspection / Initial Inspection"
"50063629","JOE & THE JUICE","Manhattan","Sandwiches/Salads/Mixed Buffet","2026-02-20T00:00:00.000","Not Critical","5","A","2026-02-20T00:00:00.000","Cycle Inspection / Initial Inspection"
"41272917","BAR GREAT HARRY","Brooklyn","American","2026-02-20T00:00:00.000","Critical","13","A","2026-02-20T00:00:00.000","Cycle Inspection / Initial Inspection"
"41311804","ESQUIRE DINER","Queens","American","2026-02-20T00:00:00.000","Not Critical","13","A","2026-02-20T00:00:00.000","Cycle Inspection / Initial Inspection"
"41350747","CHIPOTLE MEXICAN GRILL","Manhattan","Tex-Mex","2026-02-20T00:00:00.000","Critical","12","A","2026-02-20T00:00:00.000","Cycle Inspection / Initial Inspection"
"50007973","GOOD TASTE","Queens","Caribbean","2026-02-20T00:00:00.000","Not Critical","13","A","2026-02-20T00:00:00.000","Cycle Inspection / Initial Inspection"
"50094746","EL VAQUERITO","Queens","Mexican","2026-02-20T00:00:00.000","Critical","10","A","2026-02-20T00:00:00.000","Cycle Inspection / Initial Inspection"
"41311804","ESQUIRE DINER","Queens","American","2026-02-20T00:00:00.000","Critical","13","A","2026-02-20T00:00:00.000","Cycle Inspection / Initial Inspection"
"41350747","CHIPOTLE MEXICAN GRILL","Manhattan","Tex-Mex","2026-02-20T00:00:00.000","Critical","12","A","2026-02-20T00:00:00.000","Cycle Inspection / Initial Inspection"
"41311804","ESQUIRE DINER","Queens","American","2026-02-20T00:00:00.000","Not Critical","13","A","2026-02-20T00:00:00.000","Cycle Inspection / Initial Inspection"
"50156385","YORK COFFEE AND CREPERIE","Manhattan","Coffee/Tea","2026-02-20T00:00:00.000","Not Critical","5","A","2026-02-20T00:00:00.000","Cycle Inspection / Re-inspection"
"41499986","EL GAUCHITO II","Queens","Brazilian","2026-02-20T00:00:00.000","Not Critical","10","A","2026-02-20T00:00:00.000","Cycle Inspection / Initial Inspection"
"50155565","LAS PATRONAS","Queens","Mexican","2026-02-20T00:00:00.000","Critical","10","A","2026-02-20T00:00:00.000","Cycle Inspection / Initial Inspection"
"41696737","DUNKIN","Queens","Donuts","2026-02-20T00:00:00.000","Not Critical","7","A","2026-02-20T00:00:00.000","Cycle Inspection / Re-inspection"
"50091847","DUNKIN","Queens","Donuts","2026-02-19T00:00:00.000","Not Critical","2","A","2026-02-19T00:00:00.000","Cycle Inspection / Initial Inspection"
"50176897","Wingstop","Queens","American","2026-02-19T00:00:00.000","Critical","7","A","2026-02-19T00:00:00.000","Pre-permit (Operational) / Initial Inspection"
"50040896","MCDONALD'S","Bronx","Hamburgers","2026-02-19T00:00:00.000","Not Critical","4","A","2026-02-19T00:00:00.000","Cycle Inspection / Initial Inspection"
"41176172","GENNARO","Manhattan","Italian","2026-02-19T00:00:00.000","Not Critical","12","A","2026-02-19T00:00:00.000","Cycle Inspection / Initial Inspection"
"50135092","MITOUSHI","Brooklyn","Japanese","2026-02-19T00:00:00.000","Not Critical","11","A","2026-02-19T00:00:00.000","Cycle Inspection / Re-inspection"
"41700793","NEW CENTURY CHINESE RESTAURANT","Brooklyn","Chinese","2026-02-19T00:00:00.000","Critical","13","A","2026-02-19T00:00:00.000","Cycle Inspection / Initial Inspection"
"50151232","SACHI ASIAN BISTRO I","Manhattan","Chinese","2026-02-19T00:00:00.000","Critical","13","A","2026-02-19T00:00:00.000","Cycle Inspection / Re-inspection"
"50133738","TEURA","Brooklyn","Mediterranean","2026-02-19T00:00:00.000","Not Critical","7","A","2026-02-19T00:00:00.000","Cycle Inspection / Initial Inspection"
"50146105","ROMA PIZZA","Manhattan","Pizza","2026-02-19T00:00:00.000","Critical","8","A","2026-02-19T00:00:00.000","Cycle Inspection / Initial Inspection"
"50174571","HOLYDOG CAFE","Manhattan","Coffee/Tea","2026-02-19T00:00:00.000","Not Critical","8","A","2026-02-19T00:00:00.000","Pre-permit (Operational) / Initial Inspection"
"50009469","SHAKE SHACK","Brooklyn","Hamburgers","2026-02-19T00:00:00.000","Not Critical","7","A","2026-02-19T00:00:00.000","Cycle Inspection / Initial Inspection"
"50152613","ORANGE MOON CAFE","Manhattan","Coffee/Tea","2026-02-19T00:00:00.000","Critical","11","A","2026-02-19T00:00:00.000","Cycle Inspection / Re-inspection"
"50172068","ROMA PIZZA","Manhattan","Pizza","2026-02-19T00:00:00.000","Not Critical","10","A","2026-02-19T00:00:00.000","Pre-permit (Operational) / Initial Inspection"
"50148922","GOOD DAY PLAY CAFE","Brooklyn","American","2026-02-19T00:00:00.000","Critical","5","A","2026-02-19T00:00:00.000","Cycle Inspection / Initial Inspection"
"40401422","BROADWAY DIVE","Manhattan","American","2026-02-19T00:00:00.000","Critical","10","A","2026-02-19T00:00:00.000","Cycle Inspection / Initial Inspection"
"50125963","AINSLIE BOWERY","Manhattan","American","2026-02-19T00:00:00.000","Not Critical","12","A","2026-02-19T00:00:00.000","Cycle Inspection / Initial Inspection"
"50107405","THE LITTLE BEET","Manhattan","American","2026-02-19T00:00:00.000","Not Critical","12","A","2026-02-19T00:00:00.000","Cycle Inspection / Initial Inspection"
"41717420","DUNKIN'","Bronx","Donuts","2026-02-19T00:00:00.000","Not Critical","4","A","2026-02-19T00:00:00.000","Cycle Inspection / Initial Inspection"
"41325319","CHIPOTLE MEXICAN GRILL","Manhattan","Tex-Mex","2026-02-19T00:00:00.000","Not Critical","8","A","2026-02-19T00:00:00.000","Cycle Inspection / Initial Inspection"
"50016964","BONCHON","Manhattan","Korean","2026-02-19T00:00:00.000","Not Critical","13","A","2026-02-19T00:00:00.000","Cycle Inspection / Re-inspection"
"50135092","MITOUSHI","Brooklyn","Japanese","2026-02-19T00:00:00.000","Not Critical","11","A","2026-02-19T00:00:00.000","Cycle Inspection / Re-inspection"
"50067914","BOYCE TECHNOLOGIES","Queens","American","2026-02-19T00:00:00.000","Not Critical","5","A","2026-02-19T00:00:00.000","Cycle Inspection / Initial Inspection"
"50105982","CKA KA QELLUE","Manhattan","Mediterranean","2026-02-19T00:00:00.000","Not Critical","12","A","2026-02-19T00:00:00.000","Cycle Inspection / Initial Inspection"
"50139035","COMPILATION COFFEE","Brooklyn","American","2026-02-19T00:00:00.000","Critical","13","A","2026-02-19T00:00:00.000","Cycle Inspection / Initial Inspection"
"41393521","SUSHI 33","Queens","Japanese","2026-02-19T00:00:00.000","Critical","10","A","2026-02-19T00:00:00.000","Cycle Inspection / Initial Inspection"
"50068860","IRVING FARM NEW YORK","Manhattan","Coffee/Tea","2026-02-19T00:00:00.000","Critical","13","A","2026-02-19T00:00:00.000","Cycle Inspection / Initial Inspection"
"40401422","BROADWAY DIVE","Manhattan","American","2026-02-19T00:00:00.000","Not Critical","10","A","2026-02-19T00:00:00.000","Cycle Inspection / Initial Inspection"
"50013454","DOMINO'S","Manhattan","Pizza","2026-02-19T00:00:00.000","Critical","12","A","2026-02-19T00:00:00.000","Cycle Inspection / Initial Inspection"
"50141242","MR WEEK","Staten Island","Russian","2026-02-19T00:00:00.000","Critical","10","A","2026-02-19T00:00:00.000","Cycle Inspection / Initial Inspection"
"50016964","BONCHON","Manhattan","Korean","2026-02-19T00:00:00.000","Not Critical","13","A","2026-02-19T00:00:00.000","Cycle Inspection / Re-inspection"
"50014033","HAPPY KITCHEN","Queens","Chinese","2026-02-19T00:00:00.000","Critical","11","A","2026-02-19T00:00:00.000","Cycle Inspection / Initial Inspection"
"50000946","FRONT PAGE RESTAURANT","Bronx","Caribbean","2026-02-19T00:00:00.000","Not Critical","12","A","2026-02-19T00:00:00.000","Cycle Inspection / Re-inspection"
"50161283","STEPPING STONE CAFE","Queens","Coffee/Tea","2026-02-19T00:00:00.000","Critical","13","A","2026-02-19T00:00:00.000","Pre-permit (Operational) / Initial Inspection"
"50151232","SACHI ASIAN BISTRO I","Manhattan","Chinese","2026-02-19T00:00:00.000","Critical","13","A","2026-02-19T00:00:00.000","Cycle Inspection / Re-inspection"
"50133738","TEURA","Brooklyn","Mediterranean","2026-02-19T00:00:00.000","Not Critical","7","A","2026-02-19T00:00:00.000","Cycle Inspection / Initial Inspection"
"50138416","B&B SPICE","Brooklyn","Caribbean","2026-02-19T00:00:00.000","Critical","12","A","2026-02-19T00:00:00.000","Cycle Inspection / Initial Inspection"
"50138416","B&B SPICE","Brooklyn","Caribbean","2026-02-19T00:00:00.000","Not Critical","12","A","2026-02-19T00:00:00.000","Cycle Inspection / Initial Inspection"
"50041245","SUNBERI","Queens","Frozen Desserts","2026-02-19T00:00:00.000","Not Critical","4","A","2026-02-19T00:00:00.000","Cycle Inspection / Initial Inspection"
"50105774","PASTRAMI QUEEN","Manhattan","Jewish/Kosher","2026-02-19T00:00:00.000","Not Critical","7","A","2026-02-19T00:00:00.000","Cycle Inspection / Initial Inspection"
"50177378","DEVOCION","Brooklyn","Coffee/Tea","2026-02-19T00:00:00.000","Not Critical","12","A","2026-02-19T00:00:00.000","Pre-permit (Operational) / Initial Inspection"
"50052114","STARBUCKS COFFEE","Manhattan","Coffee/Tea","2026-02-19T00:00:00.000","Not Critical","10","A","2026-02-19T00:00:00.000","Cycle Inspection / Initial Inspection"
"41176172","GENNARO","Manhattan","Italian","2026-02-19T00:00:00.000","Not Critical","12","A","2026-02-19T00:00:00.000","Cycle Inspection / Initial Inspection"
"50161283","STEPPING STONE CAFE","Queens","Coffee/Tea","2026-02-19T00:00:00.000","Not Critical","13","A","2026-02-19T00:00:00.000","Pre-permit (Operational) / Initial Inspection"
"40372422","BURGER KING","Queens","Hamburgers","2026-02-19T00:00:00.000","Critical","7","A","2026-02-19T00:00:00.000","Cycle Inspection / Initial Inspection"
"50144008","SAFARI","Manhattan","African","2026-02-19T00:00:00.000","Critical","13","A","2026-02-19T00:00:00.000","Cycle Inspection / Initial Inspection"
"40372422","BURGER KING","Queens","Hamburgers","2026-02-19T00:00:00.000","Not Critical","7","A","2026-02-19T00:00:00.000","Cycle Inspection / Initial Inspection"
"41663207","FIVE GUYS FAMOUS BURGERS AND FRIES","Manhattan","Hamburgers","2026-02-19T00:00:00.000","Critical","9","A","2026-02-19T00:00:00.000","Cycle Inspection / Initial Inspection"
"50000342","BLEND ASTORIA","Queens","Latin American","2026-02-19T00:00:00.000","Critical","12","A","2026-02-19T00:00:00.000","Cycle Inspection / Initial Inspection"
"41176172","GENNARO","Manhattan","Italian","2026-02-19T00:00:00.000","Critical","12","A","2026-02-19T00:00:00.000","Cycle Inspection / Initial Inspection"
"50143750","LOLITA","Manhattan","Mexican","2026-02-19T00:00:00.000","Not Critical","13","A","2026-02-19T00:00:00.000","Cycle Inspection / Initial Inspection"
"50174571","HOLYDOG CAFE","Manhattan","Coffee/Tea","2026-02-19T00:00:00.000","Critical","8","A","2026-02-19T00:00:00.000","Pre-permit (Operational) / Initial Inspection"
"50013454","DOMINO'S","Manhattan","Pizza","2026-02-19T00:00:00.000","Not Critical","12","A","2026-02-19T00:00:00.000","Cycle Inspection / Initial Inspection"
"50000342","BLEND ASTORIA","Queens","Latin American","2026-02-19T00:00:00.000","Critical","12","A","2026-02-19T00:00:00.000","Cycle Inspection / Initial Inspection"
"50014033","HAPPY KITCHEN","Queens","Chinese","2026-02-19T00:00:00.000","Not Critical","11","A","2026-02-19T00:00:00.000","Cycle Inspection / Initial Inspection"
"50052428","SWEETGREEN","Manhattan","Salads","2026-02-19T00:00:00.000","Not Critical","13","A","2026-02-19T00:00:00.000","Cycle Inspection / Initial Inspection"
"41663207","FIVE GUYS FAMOUS BURGERS AND FRIES","Manhattan","Hamburgers","2026-02-19T00:00:00.000","Not Critical","9","A","2026-02-19T00:00:00.000","Cycle Inspection / Initial Inspection"
"50131039","WING LUCK","Brooklyn","Chinese","2026-02-19T00:00:00.000","Not Critical","12","A","2026-02-19T00:00:00.000","Cycle Inspection / Initial Inspection"
"50159251","PLATEIA GR","Queens","Greek","2026-02-19T00:00:00.000","Critical","7","A","2026-02-19T00:00:00.000","Cycle Inspection / Initial Inspection"
"50116051","RICE & BEANS LECHONERA","Queens","Latin American","2026-02-19T00:00:00.000","Critical","10","A","2026-02-19T00:00:00.000","Cycle Inspection / Initial Inspection"
"50123489","TRUDY'S ICE CREAM","Manhattan","Frozen Desserts","2026-02-19T00:00:00.000","Not Critical","9","A","2026-02-19T00:00:00.000","Cycle Inspection / Initial Inspection"
"50177378","DEVOCION","Brooklyn","Coffee/Tea","2026-02-19T00:00:00.000","Critical","12","A","2026-02-19T00:00:00.000","Pre-permit (Operational) / Initial Inspection"
"50172068","ROMA PIZZA","Manhattan","Pizza","2026-02-19T00:00:00.000","Not Critical","10","A","2026-02-19T00:00:00.000","Pre-permit (Operational) / Initial Inspection"
"50052428","SWEETGREEN","Manhattan","Salads","2026-02-19T00:00:00.000","Critical","13","A","2026-02-19T00:00:00.000","Cycle Inspection / Initial Inspection"
"50040896","MCDONALD'S","Bronx","Hamburgers","2026-02-19T00:00:00.000","Not Critical","4","A","2026-02-19T00:00:00.000","Cycle Inspection / Initial Inspection"
"50000011","BIRCH COFFEE","Manhattan","Coffee/Tea","2026-02-19T00:00:00.000","Not Critical","11","A","2026-02-19T00:00:00.000","Cycle Inspection / Initial Inspection"
"50007853","DUNKIN","Brooklyn","Donuts","2026-02-19T00:00:00.000","Critical","8","A","2026-02-19T00:00:00.000","Cycle Inspection / Initial Inspection"
"50017755","CALEDONIA","Manhattan","Irish","2026-02-19T00:00:00.000","Not Critical","12","A","2026-02-19T00:00:00.000","Cycle Inspection / Initial Inspection"
"50105982","CKA KA QELLUE","Manhattan","Mediterranean","2026-02-19T00:00:00.000","Not Critical","12","A","2026-02-19T00:00:00.000","Cycle Inspection / Initial Inspection"
"50104443","NEW BEACH BAR","Brooklyn","American","2026-02-19T00:00:00.000","Critical","10","A","2026-02-19T00:00:00.000","Cycle Inspection / Re-inspection"
"50007853","DUNKIN","Brooklyn","Donuts","2026-02-19T00:00:00.000","Not Critical","8","A","2026-02-19T00:00:00.000","Cycle Inspection / Initial Inspection"
"50052428","SWEETGREEN","Manhattan","Salads","2026-02-19T00:00:00.000","Critical","13","A","2026-02-19T00:00:00.000","Cycle Inspection / Initial Inspection"
"50159251","PLATEIA GR","Queens","Greek","2026-02-19T00:00:00.000","Not Critical","7","A","2026-02-19T00:00:00.000","Cycle Inspection / Initial Inspection"
"50123489","TRUDY'S ICE CREAM","Manhattan","Frozen Desserts","2026-02-19T00:00:00.000","Critical","9","A","2026-02-19T00:00:00.000","Cycle Inspection / Initial Inspection"
"50117962","EL RANCHERO","Queens","Mexican","2026-02-19T00:00:00.000","Not Critical","13","A","2026-02-19T00:00:00.000","Cycle Inspection / Re-inspection"
"50116051","RICE & BEANS LECHONERA","Queens","Latin American","2026-02-19T00:00:00.000","Not Critical","10","A","2026-02-19T00:00:00.000","Cycle Inspection / Initial Inspection"
"50143750","LOLITA","Manhattan","Mexican","2026-02-19T00:00:00.000","Critical","13","A","2026-02-19T00:00:00.000","Cycle Inspection / Initial Inspection"
"50000011","BIRCH COFFEE","Manhattan","Coffee/Tea","2026-02-19T00:00:00.000","Not Critical","11","A","2026-02-19T00:00:00.000","Cycle Inspection / Initial Inspection"
"50015858","ETHYL'S ALCOHOL & FOOD","Manhattan","American","2026-02-19T00:00:00.000","Critical","10","A","2026-02-19T00:00:00.000","Cycle Inspection / Initial Inspection"
"50016964","BONCHON","Manhattan","Korean","2026-02-19T00:00:00.000","Critical","13","A","2026-02-19T00:00:00.000","Cycle Inspection / Re-inspection"
"50117962","EL RANCHERO","Queens","Mexican","2026-02-19T00:00:00.000","Critical","13","A","2026-02-19T00:00:00.000","Cycle Inspection / Re-inspection"
"50091419","WHISTLE & FIZZ","Manhattan","Coffee/Tea","2026-02-19T00:00:00.000","Critical","10","A","2026-02-19T00:00:00.000","Cycle Inspection / Initial Inspection"
"50000946","FRONT PAGE RESTAURANT","Bronx","Caribbean","2026-02-19T00:00:00.000","Not Critical","12","A","2026-02-19T00:00:00.000","Cycle Inspection / Re-inspection"
"50143750","LOLITA","Manhattan","Mexican","2026-02-19T00:00:00.000","Not Critical","13","A","2026-02-19T00:00:00.000","Cycle Inspection / Initial Inspection"
"50172068","ROMA PIZZA","Manhattan","Pizza","2026-02-19T00:00:00.000","Not Critical","10","A","2026-02-19T00:00:00.000","Pre-permit (Operational) / Initial Inspection"
"50152613","ORANGE MOON CAFE","Manhattan","Coffee/Tea","2026-02-19T00:00:00.000","Not Critical","11","A","2026-02-19T00:00:00.000","Cycle Inspection / Re-inspection"
"41325319","CHIPOTLE MEXICAN GRILL","Manhattan","Tex-Mex","2026-02-19T00:00:00.000","Not Critical","8","A","2026-02-19T00:00:00.000","Cycle Inspection / Initial Inspection"
"50139035","COMPILATION COFFEE","Brooklyn","American","2026-02-19T00:00:00.000","Not Critical","13","A","2026-02-19T00:00:00.000","Cycle Inspection / Initial Inspection"
"50101530","LITTLE GEORGIA","Brooklyn","Bakery Products/Desserts","2026-02-19T00:00:00.000","Not Critical","13","A","2026-02-19T00:00:00.000","Cycle Inspection / Initial Inspection"
"50137283","BREADIVORE BAKERY","Brooklyn","Bakery Products/Desserts","2026-02-19T00:00:00.000","Critical","5","A","2026-02-19T00:00:00.000","Cycle Inspection / Initial Inspection"
"50135092","MITOUSHI","Brooklyn","Japanese","2026-02-19T00:00:00.000","Critical","11","A","2026-02-19T00:00:00.000","Cycle Inspection / Re-inspection"
"50107405","THE LITTLE BEET","Manhattan","American","2026-02-19T00:00:00.000","Critical","12","A","2026-02-19T00:00:00.000","Cycle Inspection / Initial Inspection"
"50151232","SACHI ASIAN BISTRO I","Manhattan","Chinese","2026-02-19T00:00:00.000","Not Critical","13","A","2026-02-19T00:00:00.000","Cycle Inspection / Re-inspection"
"50117962","EL RANCHERO","Queens","Mexican","2026-02-19T00:00:00.000","Not Critical","13","A","2026-02-19T00:00:00.000","Cycle Inspection / Re-inspection"
"50101530","LITTLE GEORGIA","Brooklyn","Bakery Products/Desserts","2026-02-19T00:00:00.000","Critical","13","A","2026-02-19T00:00:00.000","Cycle Inspection / Initial Inspection"
"41700793","NEW CENTURY CHINESE RESTAURANT","Brooklyn","Chinese","2026-02-19T00:00:00.000","Not Critical","13","A","2026-02-19T00:00:00.000","Cycle Inspection / Initial Inspection"
"50009469","SHAKE SHACK","Brooklyn","Hamburgers","2026-02-19T00:00:00.000","Critical","7","A","2026-02-19T00:00:00.000","Cycle Inspection / Initial Inspection"
"50169050","POPEYES LOUISIANA KITCHEN","Queens","Chicken","2026-02-19T00:00:00.000","Not Critical","12","A","2026-02-19T00:00:00.000","Cycle Inspection / Initial Inspection"
"50143750","LOLITA","Manhattan","Mexican","2026-02-19T00:00:00.000","Not Critical","13","A","2026-02-19T00:00:00.000","Cycle Inspection / Initial Inspection"
"50148792","OAKLAND CITY VIEW CAFE","Queens","American","2026-02-19T00:00:00.000","Not Critical","12","A","2026-02-19T00:00:00.000","Cycle Inspection / Initial Inspection"
"50169050","POPEYES LOUISIANA KITCHEN","Queens","Chicken","2026-02-19T00:00:00.000","Critical","12","A","2026-02-19T00:00:00.000","Cycle Inspection / Initial Inspection"
"41236258","DUNKIN","Brooklyn","Donuts","2026-02-19T00:00:00.000","Not Critical","3","A","2026-02-19T00:00:00.000","Cycle Inspection / Initial Inspection"
"50104443","NEW BEACH BAR","Brooklyn","American","2026-02-19T00:00:00.000","Not Critical","10","A","2026-02-19T00:00:00.000","Cycle Inspection / Re-inspection"
"50094357","SPREAD LOVE & JUICE","Brooklyn","Juice, Smoothies, Fruit Salads","2026-02-19T00:00:00.000","Critical","13","A","2026-02-19T00:00:00.000","Cycle Inspection / Initial Inspection"
"50148792","OAKLAND CITY VIEW CAFE","Queens","American","2026-02-19T00:00:00.000","Critical","12","A","2026-02-19T00:00:00.000","Cycle Inspection / Initial Inspection"
"50146644","VESTED","Manhattan","American","2026-02-19T00:00:00.000","Critical","8","A","2026-02-19T00:00:00.000","Cycle Inspection / Initial Inspection"
"50124829","DUNKIN","Manhattan","Donuts","2026-02-19T00:00:00.000","Critical","12","A","2026-02-19T00:00:00.000","Cycle Inspection / Re-inspection"
"50105982","CKA KA QELLUE","Manhattan","Mediterranean","2026-02-19T00:00:00.000","Critical","12","A","2026-02-19T00:00:00.000","Cycle Inspection / Initial Inspection"
"50014033","HAPPY KITCHEN","Queens","Chinese","2026-02-19T00:00:00.000","Not Critical","11","A","2026-02-19T00:00:00.000","Cycle Inspection / Initial Inspection"
"50102112","GOLDEN SHOVEL COFFEE","Brooklyn","Coffee/Tea","2026-02-19T00:00:00.000","Not Critical","4","A","2026-02-19T00:00:00.000","Cycle Inspection / Initial Inspection"
"50125963","AINSLIE BOWERY","Manhattan","American","2026-02-19T00:00:00.000","Critical","12","A","2026-02-19T00:00:00.000","Cycle Inspection / Initial Inspection"
"41393521","SUSHI 33","Queens","Japanese","2026-02-19T00:00:00.000","Not Critical","10","A","2026-02-19T00:00:00.000","Cycle Inspection / Initial Inspection"
"50125963","AINSLIE BOWERY","Manhattan","American","2026-02-19T00:00:00.000","Not Critical","12","A","2026-02-19T00:00:00.000","Cycle Inspection / Initial Inspection"
"50000946","FRONT PAGE RESTAURANT","Bronx","Caribbean","2026-02-19T00:00:00.000","Critical","12","A","2026-02-19T00:00:00.000","Cycle Inspection / Re-inspection"
"50068860","IRVING FARM NEW YORK","Manhattan","Coffee/Tea","2026-02-19T00:00:00.000","Critical","13","A","2026-02-19T00:00:00.000","Cycle Inspection / Initial Inspection"
"41393521","SUSHI 33","Queens","Japanese","2026-02-19T00:00:00.000","Not Critical","10","A","2026-02-19T00:00:00.000","Cycle Inspection / Initial Inspection"
"50015858","ETHYL'S ALCOHOL & FOOD","Manhattan","American","2026-02-19T00:00:00.000","Not Critical","10","A","2026-02-19T00:00:00.000","Cycle Inspection / Initial Inspection"
"50117962","EL RANCHERO","Queens","Mexican","2026-02-19T00:00:00.000","Not Critical","13","A","2026-02-19T00:00:00.000","Cycle Inspection / Re-inspection"
"50000011","BIRCH COFFEE","Manhattan","Coffee/Tea","2026-02-19T00:00:00.000","Critical","11","A","2026-02-19T00:00:00.000","Cycle Inspection / Initial Inspection"
"50052114","STARBUCKS COFFEE","Manhattan","Coffee/Tea","2026-02-19T00:00:00.000","Critical","10","A","2026-02-19T00:00:00.000","Cycle Inspection / Initial Inspection"
"50139035","COMPILATION COFFEE","Brooklyn","American","2026-02-19T00:00:00.000","Critical","13","A","2026-02-19T00:00:00.000","Cycle Inspection / Initial Inspection"
"50172068","ROMA PIZZA","Manhattan","Pizza","2026-02-19T00:00:00.000","Not Critical","10","A","2026-02-19T00:00:00.000","Pre-permit (Operational) / Initial Inspection"
"50017755","CALEDONIA","Manhattan","Irish","2026-02-19T00:00:00.000","Critical","12","A","2026-02-19T00:00:00.000","Cycle Inspection / Initial Inspection"
"50124829","DUNKIN","Manhattan","Donuts","2026-02-19T00:00:00.000","Critical","12","A","2026-02-19T00:00:00.000","Cycle Inspection / Re-inspection"
"50131039","WING LUCK","Brooklyn","Chinese","2026-02-19T00:00:00.000","Critical","12","A","2026-02-19T00:00:00.000","Cycle Inspection / Initial Inspection"
"50148792","OAKLAND CITY VIEW CAFE","Queens","American","2026-02-19T00:00:00.000","Not Critical","12","A","2026-02-19T00:00:00.000","Cycle Inspection / Initial Inspection"
"50000011","BIRCH COFFEE","Manhattan","Coffee/Tea","2026-02-19T00:00:00.000","Not Critical","11","A","2026-02-19T00:00:00.000","Cycle Inspection / Initial Inspection"
"50067914","BOYCE TECHNOLOGIES","Queens","American","2026-02-19T00:00:00.000","Not Critical","5","A","2026-02-19T00:00:00.000","Cycle Inspection / Initial Inspection"
"50013454","DOMINO'S","Manhattan","Pizza","2026-02-19T00:00:00.000","Not Critical","12","A","2026-02-19T00:00:00.000","Cycle Inspection / Initial Inspection"
"41325319","CHIPOTLE MEXICAN GRILL","Manhattan","Tex-Mex","2026-02-19T00:00:00.000","Not Critical","8","A","2026-02-19T00:00:00.000","Cycle Inspection / Initial Inspection"
"50117962","EL RANCHERO","Queens","Mexican","2026-02-19T00:00:00.000","Not Critical","13","A","2026-02-19T00:00:00.000","Cycle Inspection / Re-inspection"
"50152613","ORANGE MOON CAFE","Manhattan","Coffee/Tea","2026-02-19T00:00:00.000","Not Critical","11","A","2026-02-19T00:00:00.000","Cycle Inspection / Re-inspection"
"50041245","SUNBERI","Queens","Frozen Desserts","2026-02-19T00:00:00.000","Not Critical","4","A","2026-02-19T00:00:00.000","Cycle Inspection / Initial Inspection"
"50144008","SAFARI","Manhattan","African","2026-02-19T00:00:00.000","Critical","13","A","2026-02-19T00:00:00.000","Cycle Inspection / Initial Inspection"
"50105774","PASTRAMI QUEEN","Manhattan","Jewish/Kosher","2026-02-19T00:00:00.000","Critical","7","A","2026-02-19T00:00:00.000","Cycle Inspection / Initial Inspection"
"50161283","STEPPING STONE CAFE","Queens","Coffee/Tea","2026-02-19T00:00:00.000","Critical","13","A","2026-02-19T00:00:00.000","Pre-permit (Operational) / Initial Inspection"
"50101530","LITTLE GEORGIA","Brooklyn","Bakery Products/Desserts","2026-02-19T00:00:00.000","Not Critical","13","A","2026-02-19T00:00:00.000","Cycle Inspection / Initial Inspection"
"50094357","SPREAD LOVE & JUICE","Brooklyn","Juice, Smoothies, Fruit Salads","2026-02-19T00:00:00.000","Critical","13","A","2026-02-19T00:00:00.000","Cycle Inspection / Initial Inspection"
"50105982","CKA KA QELLUE","Manhattan","Mediterranean","2026-02-19T00:00:00.000","Not Critical","12","A","2026-02-19T00:00:00.000","Cycle Inspection / Initial Inspection"
"50179265","FRESH CATCH","Manhattan","Soul Food","2026-02-18T00:00:00.000","Critical","12","A","2026-02-18T00:00:00.000","Pre-permit (Operational) / Initial Inspection"
"40483696","LENA HORNE THEATRE","Manhattan","American","2026-02-18T00:00:00.000","Critical","12","A","2026-02-18T00:00:00.000","Cycle Inspection / Initial Inspection"
"50150087","MAMAN","Queens","French","2026-02-18T00:00:00.000","Critical","9","A","2026-02-18T00:00:00.000","Cycle Inspection / Re-inspection"
"41621218","SEA WITCH","Brooklyn","American","2026-02-18T00:00:00.000","Not Critical","5","A","2026-02-18T00:00:00.000","Cycle Inspection / Initial Inspection"
"50134085","NAI BROTHER","Queens","Chinese","2026-02-18T00:00:00.000","Critical","8","A","2026-02-18T00:00:00.000","Cycle Inspection / Initial Inspection"
"50177866","SLAP BURGER BROOKLYN","Brooklyn","American","2026-02-18T00:00:00.000","Not Critical","13","A","2026-02-18T00:00:00.000","Pre-permit (Operational) / Initial Inspection"
"40391531","TEA & SYMPATHY","Manhattan","English","2026-02-18T00:00:00.000","Not Critical","10","A","2026-02-18T00:00:00.000","Cycle Inspection / Re-inspection"
"50175652","Dona Bella Restaurant Pizzeria","Queens","Pizza","2026-02-18T00:00:00.000","Not Critical","11","A","2026-02-18T00:00:00.000","Pre-permit (Operational) / Initial Inspection"
"50119971","MCDONALD'S RESTAURANT","Bronx","American","2026-02-18T00:00:00.000","Critical","10","A","2026-02-18T00:00:00.000","Cycle Inspection / Initial Inspection"
"50100616","ITALIAN VILLAGE","Manhattan","Pizza","2026-02-18T00:00:00.000","Critical","13","A","2026-02-18T00:00:00.000","Cycle Inspection / Initial Inspection"
"41128211","HARD ROCK CAFE","Manhattan","American","2026-02-18T00:00:00.000","Critical","12","A","2026-02-18T00:00:00.000","Cycle Inspection / Initial Inspection"
"50177866","SLAP BURGER BROOKLYN","Brooklyn","American","2026-02-18T00:00:00.000","Not Critical","13","A","2026-02-18T00:00:00.000","Pre-permit (Operational) / Initial Inspection"
"41641276","TABOONETTE","Manhattan","Mediterranean","2026-02-18T00:00:00.000","Critical","7","A","2026-02-18T00:00:00.000","Cycle Inspection / Initial Inspection"
"50102782","ALL NIGHT SKATE","Brooklyn","Japanese","2026-02-18T00:00:00.000","Critical","12","A","2026-02-18T00:00:00.000","Cycle Inspection / Initial Inspection"
"50082146","SWEET CHURROS","Manhattan","Frozen Desserts","2026-02-18T00:00:00.000","Critical","13","A","2026-02-18T00:00:00.000","Cycle Inspection / Initial Inspection"
"50177336","BROWN BAG SANDWICH CO.","Manhattan","Sandwiches","2026-02-18T00:00:00.000","Critical","12","A","2026-02-18T00:00:00.000","Pre-permit (Operational) / Initial Inspection"
"41092840","YIASOU, NEXT DOOR","Brooklyn","Mediterranean","2026-02-18T00:00:00.000","Critical","12","A","2026-02-18T00:00:00.000","Cycle Inspection / Initial Inspection"
"50165661","BAGEL & CAFE EVERYDAY","Queens","Bagels/Pretzels","2026-02-18T00:00:00.000","Critical","12","A","2026-02-18T00:00:00.000","Cycle Inspection / Initial Inspection"
"40739412","APPLEBEE'S","Manhattan","American","2026-02-18T00:00:00.000","Critical","10","A","2026-02-18T00:00:00.000","Cycle Inspection / Initial Inspection"
"41092840","YIASOU, NEXT DOOR","Brooklyn","Mediterranean","2026-02-18T00:00:00.000","Not Critical","12","A","2026-02-18T00:00:00.000","Cycle Inspection / Initial Inspection"
"50150087","MAMAN","Queens","French","2026-02-18T00:00:00.000","Not Critical","9","A","2026-02-18T00:00:00.000","Cycle Inspection / Re-inspection"
"50178722","HALAL KING PIZZA","Bronx","Pizza","2026-02-18T00:00:00.000","Critical","12","A","2026-02-18T00:00:00.000","Cycle Inspection / Initial Inspection"
"50110540","ELECTRIC BURRITO","Manhattan","Mexican","2026-02-18T00:00:00.000","Not Critical","4","A","2026-02-18T00:00:00.000","Cycle Inspection / Initial Inspection"
"50053278","BEDFORD GARDENS / MAMA PHO","Brooklyn","Southeast Asian","2026-02-18T00:00:00.000","Not Critical","6","A","2026-02-18T00:00:00.000","Cycle Inspection / Initial Inspection"
"50164363","HEYTEA","Manhattan","Coffee/Tea","2026-02-18T00:00:00.000","Not Critical","12","A","2026-02-18T00:00:00.000","Pre-permit (Operational) / Re-inspection"
"50139326","DUNKIN DONUTS","Manhattan","Donuts","2026-02-18T00:00:00.000","Not Critical","5","A","2026-02-18T00:00:00.000","Cycle Inspection / Initial Inspection"
"50179265","FRESH CATCH","Manhattan","Soul Food","2026-02-18T00:00:00.000","Critical","12","A","2026-02-18T00:00:00.000","Pre-permit (Operational) / Initial Inspection"
"50100616","ITALIAN VILLAGE","Manhattan","Pizza","2026-02-18T00:00:00.000","Not Critical","13","A","2026-02-18T00:00:00.000","Cycle Inspection / Initial Inspection"
"50037830","CONSTANTINE RESTAURANT & BAR","Brooklyn","American","2026-02-18T00:00:00.000","Critical","12","A","2026-02-18T00:00:00.000","Cycle Inspection / Initial Inspection"
"50130476","QUEUE BEER","Brooklyn","American","2026-02-18T00:00:00.000","Not Critical","5","A","2026-02-18T00:00:00.000","Cycle Inspection / Initial Inspection"
"50116606","PETITE MAMAN","Manhattan","Sandwiches","2026-02-18T00:00:00.000","Not Critical","9","A","2026-02-18T00:00:00.000","Cycle Inspection / Initial Inspection"
"50175428","CHOCO LAND PRINCESOSNY","Bronx","Bakery Products/Desserts","2026-02-18T00:00:00.000","Critical","12","A","2026-02-18T00:00:00.000","Pre-permit (Operational) / Re-inspection"
"40483696","LENA HORNE THEATRE","Manhattan","American","2026-02-18T00:00:00.000","Not Critical","12","A","2026-02-18T00:00:00.000","Cycle Inspection / Initial Inspection"
"50179307","SWEET REHAB","Manhattan","Bakery Products/Desserts","2026-02-18T00:00:00.000","Not Critical","11","A","2026-02-18T00:00:00.000","Pre-permit (Operational) / Initial Inspection"
"50175652","Dona Bella Restaurant Pizzeria","Queens","Pizza","2026-02-18T00:00:00.000","Critical","11","A","2026-02-18T00:00:00.000","Pre-permit (Operational) / Initial Inspection"
"50179307","SWEET REHAB","Manhattan","Bakery Products/Desserts","2026-02-18T00:00:00.000","Critical","11","A","2026-02-18T00:00:00.000","Pre-permit (Operational) / Initial Inspection"
"41268295","MCDONALD'S","Queens","Hamburgers","2026-02-18T00:00:00.000","Not Critical","4","A","2026-02-18T00:00:00.000","Cycle Inspection / Initial Inspection"
"50177866","SLAP BURGER BROOKLYN","Brooklyn","American","2026-02-18T00:00:00.000","Not Critical","13","A","2026-02-18T00:00:00.000","Pre-permit (Operational) / Initial Inspection"
"50102137","NEW TOP TACO & CHINA","Brooklyn","Tex-Mex","2026-02-18T00:00:00.000","Critical","13","A","2026-02-18T00:00:00.000","Cycle Inspection / Re-inspection"
"40732696","GIACOMO FINE FOODS","Manhattan","Sandwiches","2026-02-18T00:00:00.000","Critical","12","A","2026-02-18T00:00:00.000","Cycle Inspection / Re-inspection"
"50164363","HEYTEA","Manhattan","Coffee/Tea","2026-02-18T00:00:00.000","Critical","12","A","2026-02-18T00:00:00.000","Pre-permit (Operational) / Re-inspection"
"50128282","SAL & DOMS PASTRY SHOP","Bronx","Bakery Products/Desserts","2026-02-18T00:00:00.000","Not Critical","10","A","2026-02-18T00:00:00.000","Cycle Inspection / Initial Inspection"
"50085344","FROZEN PALM","Manhattan","Frozen Desserts","2026-02-18T00:00:00.000","Not Critical","10","A","2026-02-18T00:00:00.000","Cycle Inspection / Initial Inspection"
"50017047","JUST SALAD","Manhattan","Salads","2026-02-18T00:00:00.000","Not Critical","6","A","2026-02-18T00:00:00.000","Cycle Inspection / Initial Inspection"
"50148394","UNORIGINAL NOODLES","Brooklyn","Japanese","2026-02-18T00:00:00.000","Critical","12","A","2026-02-18T00:00:00.000","Cycle Inspection / Initial Inspection"
"40732696","GIACOMO FINE FOODS","Manhattan","Sandwiches","2026-02-18T00:00:00.000","Not Critical","12","A","2026-02-18T00:00:00.000","Cycle Inspection / Re-inspection"
"41350166","POPEYES","Bronx","Chicken","2026-02-18T00:00:00.000","Critical","8","A","2026-02-18T00:00:00.000","Cycle Inspection / Initial Inspection"
"50148394","UNORIGINAL NOODLES","Brooklyn","Japanese","2026-02-18T00:00:00.000","Critical","12","A","2026-02-18T00:00:00.000","Cycle Inspection / Initial Inspection"
"50117269","WONDER PIG KBBQ","Queens","Korean","2026-02-18T00:00:00.000","Not Critical","12","A","2026-02-18T00:00:00.000","Cycle Inspection / Initial Inspection"
"50179265","FRESH CATCH","Manhattan","Soul Food","2026-02-18T00:00:00.000","Not Critical","12","A","2026-02-18T00:00:00.000","Pre-permit (Operational) / Initial Inspection"
"50085344","FROZEN PALM","Manhattan","Frozen Desserts","2026-02-18T00:00:00.000","Not Critical","10","A","2026-02-18T00:00:00.000","Cycle Inspection / Initial Inspection"
"50148394","UNORIGINAL NOODLES","Brooklyn","Japanese","2026-02-18T00:00:00.000","Not Critical","12","A","2026-02-18T00:00:00.000","Cycle Inspection / Initial Inspection"
"50111909","CHIEF","Manhattan","American","2026-02-18T00:00:00.000","Not Critical","12","A","2026-02-18T00:00:00.000","Cycle Inspection / Initial Inspection"
"50053575","BLUE STORM BILLIARDS & CAFE","Queens","Tapas","2026-02-18T00:00:00.000","Critical","7","A","2026-02-18T00:00:00.000","Cycle Inspection / Initial Inspection"
"50116606","PETITE MAMAN","Manhattan","Sandwiches","2026-02-18T00:00:00.000","Critical","9","A","2026-02-18T00:00:00.000","Cycle Inspection / Initial Inspection"
"41245387","PETIT CREVETTE","Brooklyn","French","2026-02-18T00:00:00.000","Critical","13","A","2026-02-18T00:00:00.000","Cycle Inspection / Re-inspection"
"50101523","BAR BETE","Brooklyn","French","2026-02-18T00:00:00.000","Not Critical","11","A","2026-02-18T00:00:00.000","Cycle Inspection / Initial Inspection"
"41664978","GRAMERCY TAVERN","Manhattan","New American","2026-02-18T00:00:00.000","Critical","7","A","2026-02-18T00:00:00.000","Cycle Inspection / Initial Inspection"
"41128211","HARD ROCK CAFE","Manhattan","American","2026-02-18T00:00:00.000","Critical","12","A","2026-02-18T00:00:00.000","Cycle Inspection / Initial Inspection"
"41128211","HARD ROCK CAFE","Manhattan","American","2026-02-18T00:00:00.000","Not Critical","12","A","2026-02-18T00:00:00.000","Cycle Inspection / Initial Inspection"
"40391531","TEA & SYMPATHY","Manhattan","English","2026-02-18T00:00:00.000","Critical","10","A","2026-02-18T00:00:00.000","Cycle Inspection / Re-inspection"
"50053278","BEDFORD GARDENS / MAMA PHO","Brooklyn","Southeast Asian","2026-02-18T00:00:00.000","Not Critical","6","A","2026-02-18T00:00:00.000","Cycle Inspection / Initial Inspection"
"50102782","ALL NIGHT SKATE","Brooklyn","Japanese","2026-02-18T00:00:00.000","Not Critical","12","A","2026-02-18T00:00:00.000","Cycle Inspection / Initial Inspection"
"50120909","LA BARAKA","Queens","French","2026-02-18T00:00:00.000","Not Critical","12","A","2026-02-18T00:00:00.000","Cycle Inspection / Re-inspection"
"50172916","BAREBURGER","Manhattan","American","2026-02-18T00:00:00.000","Not Critical","6","A","2026-02-18T00:00:00.000","Pre-permit (Operational) / Initial Inspection"
"50076870","WESTSIDE WOK / KONATA SUSHI BAR","Manhattan","Jewish/Kosher","2026-02-18T00:00:00.000","Not Critical","12","A","2026-02-18T00:00:00.000","Cycle Inspection / Initial Inspection"
"50053575","BLUE STORM BILLIARDS & CAFE","Queens","Tapas","2026-02-18T00:00:00.000","Not Critical","7","A","2026-02-18T00:00:00.000","Cycle Inspection / Initial Inspection"
"41245387","PETIT CREVETTE","Brooklyn","French","2026-02-18T00:00:00.000","Critical","13","A","2026-02-18T00:00:00.000","Cycle Inspection / Re-inspection"
"50037830","CONSTANTINE RESTAURANT & BAR","Brooklyn","American","2026-02-18T00:00:00.000","Not Critical","12","A","2026-02-18T00:00:00.000","Cycle Inspection / Initial Inspection"
"40369482","ARMANDO'S PIZZA","Brooklyn","Pizza","2026-02-18T00:00:00.000","Not Critical","10","A","2026-02-18T00:00:00.000","Cycle Inspection / Initial Inspection"
"50110038","NO STRESS COFFEE","Queens","Coffee/Tea","2026-02-18T00:00:00.000","Critical","10","A","2026-02-18T00:00:00.000","Cycle Inspection / Re-inspection"
"50175652","Dona Bella Restaurant Pizzeria","Queens","Pizza","2026-02-18T00:00:00.000","Not Critical","11","A","2026-02-18T00:00:00.000","Pre-permit (Operational) / Initial Inspection"
"50017047","JUST SALAD","Manhattan","Salads","2026-02-18T00:00:00.000","Not Critical","6","A","2026-02-18T00:00:00.000","Cycle Inspection / Initial Inspection"
"50082146","SWEET CHURROS","Manhattan","Frozen Desserts","2026-02-18T00:00:00.000","Critical","13","A","2026-02-18T00:00:00.000","Cycle Inspection / Initial Inspection"
"41419101","CHELTON'S BAR & GRILLE (DOUBLETREE BY HILTON)","Manhattan","American","2026-02-18T00:00:00.000","Critical","7","A","2026-02-18T00:00:00.000","Cycle Inspection / Initial Inspection"
"50170443","HAAGEN-DAZS","Manhattan","Frozen Desserts","2026-02-18T00:00:00.000","Not Critical","13","A","2026-02-18T00:00:00.000","Pre-permit (Operational) / Re-inspection"
"50118592","BAR MILAGRO","Brooklyn","Mexican","2026-02-18T00:00:00.000","Critical","12","A","2026-02-18T00:00:00.000","Cycle Inspection / Initial Inspection"
"41350166","POPEYES","Bronx","Chicken","2026-02-18T00:00:00.000","Not Critical","8","A","2026-02-18T00:00:00.000","Cycle Inspection / Initial Inspection"
"50177336","BROWN BAG SANDWICH CO.","Manhattan","Sandwiches","2026-02-18T00:00:00.000","Critical","12","A","2026-02-18T00:00:00.000","Pre-permit (Operational) / Initial Inspection"
"50170443","HAAGEN-DAZS","Manhattan","Frozen Desserts","2026-02-18T00:00:00.000","Critical","13","A","2026-02-18T00:00:00.000","Pre-permit (Operational) / Re-inspection"
"40732696","GIACOMO FINE FOODS","Manhattan","Sandwiches","2026-02-18T00:00:00.000","Not Critical","12","A","2026-02-18T00:00:00.000","Cycle Inspection / Re-inspection"
"50130476","QUEUE BEER","Brooklyn","American","2026-02-18T00:00:00.000","Not Critical","5","A","2026-02-18T00:00:00.000","Cycle Inspection / Initial Inspection"
"50095429","FAMILI","Queens","Chinese","2026-02-18T00:00:00.000","Critical","10","A","2026-02-18T00:00:00.000","Cycle Inspection / Initial Inspection"
"41638918","ANGELO'S PIZZERIA","Manhattan","Pizza","2026-02-18T00:00:00.000","Critical","12","A","2026-02-18T00:00:00.000","Cycle Inspection / Initial Inspection"
"40668464","TURKISH CUISINE","Manhattan","Turkish","2026-02-18T00:00:00.000","Not Critical","11","A","2026-02-18T00:00:00.000","Cycle Inspection / Initial Inspection"
"50178722","HALAL KING PIZZA","Bronx","Pizza","2026-02-18T00:00:00.000","Not Critical","12","A","2026-02-18T00:00:00.000","Cycle Inspection / Initial Inspection"
"40483696","LENA HORNE THEATRE","Manhattan","American","2026-02-18T00:00:00.000","Not Critical","12","A","2026-02-18T00:00:00.000","Cycle Inspection / Initial Inspection"
"50178722","HALAL KING PIZZA","Bronx","Pizza","2026-02-18T00:00:00.000","Critical","12","A","2026-02-18T00:00:00.000","Cycle Inspection / Initial Inspection"
"50120909","LA BARAKA","Queens","French","2026-02-18T00:00:00.000","Critical","12","A","2026-02-18T00:00:00.000","Cycle Inspection / Re-inspection"
"50118592","BAR MILAGRO","Brooklyn","Mexican","2026-02-18T00:00:00.000","Not Critical","12","A","2026-02-18T00:00:00.000","Cycle Inspection / Initial Inspection"
"40391531","TEA & SYMPATHY","Manhattan","English","2026-02-18T00:00:00.000","Not Critical","10","A","2026-02-18T00:00:00.000","Cycle Inspection / Re-inspection"
"50076870","WESTSIDE WOK / KONATA SUSHI BAR","Manhattan","Jewish/Kosher","2026-02-18T00:00:00.000","Critical","12","A","2026-02-18T00:00:00.000","Cycle Inspection / Initial Inspection"
"50102137","NEW TOP TACO & CHINA","Brooklyn","Tex-Mex","2026-02-18T00:00:00.000","Critical","13","A","2026-02-18T00:00:00.000","Cycle Inspection / Re-inspection"
"50172916","BAREBURGER","Manhattan","American","2026-02-18T00:00:00.000","Not Critical","6","A","2026-02-18T00:00:00.000","Pre-permit (Operational) / Initial Inspection"
"50150854","REGULAR NYC","Manhattan","American","2026-02-18T00:00:00.000","Critical","12","A","2026-02-18T00:00:00.000","Cycle Inspection / Re-inspection"
"50095429","FAMILI","Queens","Chinese","2026-02-18T00:00:00.000","Not Critical","10","A","2026-02-18T00:00:00.000","Cycle Inspection / Initial Inspection"
"40668464","TURKISH CUISINE","Manhattan","Turkish","2026-02-18T00:00:00.000","Critical","11","A","2026-02-18T00:00:00.000","Cycle Inspection / Initial Inspection"
"50085344","FROZEN PALM","Manhattan","Frozen Desserts","2026-02-18T00:00:00.000","Critical","10","A","2026-02-18T00:00:00.000","Cycle Inspection / Initial Inspection"
"41634439","NAMASTE RESTAURANT & BAR","Queens","Indian","2026-02-18T00:00:00.000","Not Critical","13","A","2026-02-18T00:00:00.000","Cycle Inspection / Initial Inspection"
"50082146","SWEET CHURROS","Manhattan","Frozen Desserts","2026-02-18T00:00:00.000","Not Critical","13","A","2026-02-18T00:00:00.000","Cycle Inspection / Initial Inspection"
"50164363","HEYTEA","Manhattan","Coffee/Tea","2026-02-18T00:00:00.000","Not Critical","12","A","2026-02-18T00:00:00.000","Pre-permit (Operational) / Re-inspection"
"50165661","BAGEL & CAFE EVERYDAY","Queens","Bagels/Pretzels","2026-02-18T00:00:00.000","Critical","12","A","2026-02-18T00:00:00.000","Cycle Inspection / Initial Inspection"
"50002053","THE LOCAL","Queens","American","2026-02-18T00:00:00.000","Critical","12","A","2026-02-18T00:00:00.000","Cycle Inspection / Initial Inspection"
"41634439","NAMASTE RESTAURANT & BAR","Queens","Indian","2026-02-18T00:00:00.000","Critical","13","A","2026-02-18T00:00:00.000","Cycle Inspection / Initial Inspection"
"50101523","BAR BETE","Brooklyn","French","2026-02-18T00:00:00.000","Critical","11","A","2026-02-18T00:00:00.000","Cycle Inspection / Initial Inspection"
"50077731","MCDONALD'S","Bronx","Hamburgers","2026-02-18T00:00:00.000","Critical","10","A","2026-02-18T00:00:00.000","Cycle Inspection / Initial Inspection"
"50150087","MAMAN","Queens","French","2026-02-18T00:00:00.000","Not Critical","9","A","2026-02-18T00:00:00.000","Cycle Inspection / Re-inspection"
"50177866","SLAP BURGER BROOKLYN","Brooklyn","American","2026-02-18T00:00:00.000","Critical","13","A","2026-02-18T00:00:00.000","Pre-permit (Operational) / Initial Inspection"
"50100616","ITALIAN VILLAGE","Manhattan","Pizza","2026-02-18T00:00:00.000","Critical","13","A","2026-02-18T00:00:00.000","Cycle Inspection / Initial Inspection"
"41638918","ANGELO'S PIZZERIA","Manhattan","Pizza","2026-02-18T00:00:00.000","Not Critical","12","A","2026-02-18T00:00:00.000","Cycle Inspection / Initial Inspection"
"50002053","THE LOCAL","Queens","American","2026-02-18T00:00:00.000","Not Critical","12","A","2026-02-18T00:00:00.000","Cycle Inspection / Initial Inspection"
"50170443","HAAGEN-DAZS","Manhattan","Frozen Desserts","2026-02-18T00:00:00.000","Not Critical","13","A","2026-02-18T00:00:00.000","Pre-permit (Operational) / Re-inspection"
"50053278","BEDFORD GARDENS / MAMA PHO","Brooklyn","Southeast Asian","2026-02-18T00:00:00.000","Not Critical","6","A","2026-02-18T00:00:00.000","Cycle Inspection / Initial Inspection"
"50150854","REGULAR NYC","Manhattan","American","2026-02-18T00:00:00.000","Not Critical","12","A","2026-02-18T00:00:00.000","Cycle Inspection / Re-inspection"
"50017047","JUST SALAD","Manhattan","Salads","2026-02-18T00:00:00.000","Not Critical","6","A","2026-02-18T00:00:00.000","Cycle Inspection / Initial Inspection"
"50111909","CHIEF","Manhattan","American","2026-02-18T00:00:00.000","Critical","12","A","2026-02-18T00:00:00.000","Cycle Inspection / Initial Inspection"
"50178722","HALAL KING PIZZA","Bronx","Pizza","2026-02-18T00:00:00.000","Not Critical","12","A","2026-02-18T00:00:00.000","Cycle Inspection / Initial Inspection"
"50120909","LA BARAKA","Queens","French","2026-02-18T00:00:00.000","Critical","12","A","2026-02-18T00:00:00.000","Cycle Inspection / Re-inspection"
"50128282","SAL & DOMS PASTRY SHOP","Bronx","Bakery Products/Desserts","2026-02-18T00:00:00.000","Critical","10","A","2026-02-18T00:00:00.000","Cycle Inspection / Initial Inspection"
"50119971","MCDONALD'S RESTAURANT","Bronx","American","2026-02-18T00:00:00.000","Not Critical","10","A","2026-02-18T00:00:00.000","Cycle Inspection / Initial Inspection"
"40369482","ARMANDO'S PIZZA","Brooklyn","Pizza","2026-02-18T00:00:00.000","Critical","10","A","2026-02-18T00:00:00.000","Cycle Inspection / Initial Inspection"
"50139326","DUNKIN DONUTS","Manhattan","Donuts","2026-02-18T00:00:00.000","Not Critical","5","A","2026-02-18T00:00:00.000","Cycle Inspection / Initial Inspection"
"50089195","DUNKIN'","Manhattan","Donuts","2026-02-18T00:00:00.000","Critical","10","A","2026-02-18T00:00:00.000","Cycle Inspection / Initial Inspection"
"50002053","THE LOCAL","Queens","American","2026-02-18T00:00:00.000","Not Critical","12","A","2026-02-18T00:00:00.000","Cycle Inspection / Initial Inspection"
"50137195","DUNKIN","Brooklyn","Coffee/Tea","2026-02-18T00:00:00.000","Critical","5","A","2026-02-18T00:00:00.000","Cycle Inspection / Initial Inspection"
"50048460","STARBUCKS COFFEE","Manhattan","Coffee/Tea","2026-02-18T00:00:00.000","Not Critical","2","A","2026-02-18T00:00:00.000","Cycle Inspection / Initial Inspection"
"50150854","REGULAR NYC","Manhattan","American","2026-02-18T00:00:00.000","Not Critical","12","A","2026-02-18T00:00:00.000","Cycle Inspection / Re-inspection"
"50175428","CHOCO LAND PRINCESOSNY","Bronx","Bakery Products/Desserts","2026-02-18T00:00:00.000","Not Critical","12","A","2026-02-18T00:00:00.000","Pre-permit (Operational) / Re-inspection"
"50170443","HAAGEN-DAZS","Manhattan","Frozen Desserts","2026-02-18T00:00:00.000","Not Critical","13","A","2026-02-18T00:00:00.000","Pre-permit (Operational) / Re-inspection"
"50165780","AVRA ESTIATORIO","Manhattan","Greek","2026-02-18T00:00:00.000","Critical","13","A","2026-02-18T00:00:00.000","Pre-permit (Operational) / Initial Inspection"
"50077731","MCDONALD'S","Bronx","Hamburgers","2026-02-18T00:00:00.000","Not Critical","10","A","2026-02-18T00:00:00.000","Cycle Inspection / Initial Inspection"
"50134085","NAI BROTHER","Queens","Chinese","2026-02-18T00:00:00.000","Not Critical","8","A","2026-02-18T00:00:00.000","Cycle Inspection / Initial Inspection"
"41638918","ANGELO'S PIZZERIA","Manhattan","Pizza","2026-02-18T00:00:00.000","Not Critical","12","A","2026-02-18T00:00:00.000","Cycle Inspection / Initial Inspection"
"50117269","WONDER PIG KBBQ","Queens","Korean","2026-02-18T00:00:00.000","Critical","12","A","2026-02-18T00:00:00.000","Cycle Inspection / Initial Inspection"
"50100616","ITALIAN VILLAGE","Manhattan","Pizza","2026-02-18T00:00:00.000","Not Critical","13","A","2026-02-18T00:00:00.000","Cycle Inspection / Initial Inspection"
"50037830","CONSTANTINE RESTAURANT & BAR","Brooklyn","American","2026-02-18T00:00:00.000","Not Critical","12","A","2026-02-18T00:00:00.000","Cycle Inspection / Initial Inspection"
"50089195","DUNKIN'","Manhattan","Donuts","2026-02-18T00:00:00.000","Not Critical","10","A","2026-02-18T00:00:00.000","Cycle Inspection / Initial Inspection"
"50134085","NAI BROTHER","Queens","Chinese","2026-02-18T00:00:00.000","Not Critical","8","A","2026-02-18T00:00:00.000","Cycle Inspection / Initial Inspection"
"41621218","SEA WITCH","Brooklyn","American","2026-02-18T00:00:00.000","Not Critical","5","A","2026-02-18T00:00:00.000","Cycle Inspection / Initial Inspection"
"50102782","ALL NIGHT SKATE","Brooklyn","Japanese","2026-02-18T00:00:00.000","Not Critical","12","A","2026-02-18T00:00:00.000","Cycle Inspection / Initial Inspection"
"50170443","HAAGEN-DAZS","Manhattan","Frozen Desserts","2026-02-18T00:00:00.000","Not Critical","13","A","2026-02-18T00:00:00.000","Pre-permit (Operational) / Re-inspection"
"50110038","NO STRESS COFFEE","Queens","Coffee/Tea","2026-02-18T00:00:00.000","Critical","10","A","2026-02-18T00:00:00.000","Cycle Inspection / Re-inspection"
"50165780","AVRA ESTIATORIO","Manhattan","Greek","2026-02-18T00:00:00.000","Critical","13","A","2026-02-18T00:00:00.000","Pre-permit (Operational) / Initial Inspection"
"50161189","NARA CHICKEN KOREAN CUISINE","Brooklyn","Korean","2026-02-17T00:00:00.000","Critical","13","A","2026-02-17T00:00:00.000","Cycle Inspection / Initial Inspection"
"41023695","MCDONALD'S","Queens","Hamburgers","2026-02-17T00:00:00.000","Not Critical","12","A","2026-02-17T00:00:00.000","Cycle Inspection / Initial Inspection"
"50160997","BROWNSVILLE COMMUNITY CULINARY CENTER","Brooklyn","American","2026-02-17T00:00:00.000","Not Critical","5","A","2026-02-17T00:00:00.000","Cycle Inspection / Initial Inspection"
"50090875","DUNKIN' / BASKIN ROBBINS","Brooklyn","Donuts","2026-02-17T00:00:00.000","Not Critical","7","A","2026-02-17T00:00:00.000","Cycle Inspection / Re-inspection"
"41023695","MCDONALD'S","Queens","Hamburgers","2026-02-17T00:00:00.000","Not Critical","12","A","2026-02-17T00:00:00.000","Cycle Inspection / Initial Inspection"
"50041718","BIRDY'S","Brooklyn","American","2026-02-17T00:00:00.000","Critical","13","A","2026-02-17T00:00:00.000","Cycle Inspection / Initial Inspection"
"50086611","MODERN BREAD AND BAGEL","Manhattan","Jewish/Kosher","2026-02-17T00:00:00.000","Not Critical","13","A","2026-02-17T00:00:00.000","Cycle Inspection / Re-inspection"
"50090875","DUNKIN' / BASKIN ROBBINS","Brooklyn","Donuts","2026-02-17T00:00:00.000","Critical","7","A","2026-02-17T00:00:00.000","Cycle Inspection / Re-inspection"
"50131554","EL RANCHITO DE DAISY SALVADORENO","Queens","Latin American","2026-02-17T00:00:00.000","Not Critical","11","A","2026-02-17T00:00:00.000","Cycle Inspection / Initial Inspection"
"41519401","AGAVE DELI GROCERY","Brooklyn","Mexican","2026-02-17T00:00:00.000","Critical","9","A","2026-02-17T00:00:00.000","Cycle Inspection / Initial Inspection"
"50116168","SAUCE PIZZERIA","Manhattan","Pizza","2026-02-17T00:00:00.000","Not Critical","4","A","2026-02-17T00:00:00.000","Cycle Inspection / Initial Inspection"
"50162857","GOODMAN'S BAR","Manhattan","American","2026-02-17T00:00:00.000","Not Critical","13","A","2026-02-17T00:00:00.000","Pre-permit (Operational) / Initial Inspection"
"50146637","MANNAN BAKERY","Queens","Bakery Products/Desserts","2026-02-17T00:00:00.000","Critical","10","A","2026-02-17T00:00:00.000","Cycle Inspection / Initial Inspection"
"41023695","MCDONALD'S","Queens","Hamburgers","2026-02-17T00:00:00.000","Critical","12","A","2026-02-17T00:00:00.000","Cycle Inspection / Initial Inspection"
"50131554","EL RANCHITO DE DAISY SALVADORENO","Queens","Latin American","2026-02-17T00:00:00.000","Critical","11","A","2026-02-17T00:00:00.000","Cycle Inspection / Initial Inspection"
"50161189","NARA CHICKEN KOREAN CUISINE","Brooklyn","Korean","2026-02-17T00:00:00.000","Critical","13","A","2026-02-17T00:00:00.000","Cycle Inspection / Initial Inspection"
"50143595","LITTLE DINER","Queens","American","2026-02-17T00:00:00.000","Not Critical","12","A","2026-02-17T00:00:00.000","Cycle Inspection / Re-inspection"
"41616179","DARO'S PIZZA","Queens","Pizza","2026-02-17T00:00:00.000","Critical","12","A","2026-02-17T00:00:00.000","Cycle Inspection / Initial Inspection"
"50129754","MAMAN","Queens","Coffee/Tea","2026-02-17T00:00:00.000","Critical","13","A","2026-02-17T00:00:00.000","Cycle Inspection / Initial Inspection"
"50161189","NARA CHICKEN KOREAN CUISINE","Brooklyn","Korean","2026-02-17T00:00:00.000","Not Critical","13","A","2026-02-17T00:00:00.000","Cycle Inspection / Initial Inspection"
"50109551","MAMOUN'S FALAFEL","Manhattan","Middle Eastern","2026-02-17T00:00:00.000","Not Critical","7","A","2026-02-17T00:00:00.000","Cycle Inspection / Initial Inspection"
"50176247","ELPIS","Manhattan","Pizza","2026-02-17T00:00:00.000","Critical","13","A","2026-02-17T00:00:00.000","Pre-permit (Operational) / Re-inspection"
"50146373","SHERDOR BURGERS AND SAUSAGES","Brooklyn","Hamburgers","2026-02-17T00:00:00.000","Critical","12","A","2026-02-17T00:00:00.000","Cycle Inspection / Initial Inspection"
"41543887","BEAUTY & ESSEX","Manhattan","New American","2026-02-17T00:00:00.000","Not Critical","11","A","2026-02-17T00:00:00.000","Cycle Inspection / Initial Inspection"
"50156054","WENDY'S","Manhattan","American","2026-02-17T00:00:00.000","Not Critical","8","A","2026-02-17T00:00:00.000","Cycle Inspection / Initial Inspection"
"50115212","TACO BELL","Queens","Tex-Mex","2026-02-17T00:00:00.000","Critical","11","A","2026-02-17T00:00:00.000","Cycle Inspection / Initial Inspection"
"50160997","BROWNSVILLE COMMUNITY CULINARY CENTER","Brooklyn","American","2026-02-17T00:00:00.000","Not Critical","5","A","2026-02-17T00:00:00.000","Cycle Inspection / Initial Inspection"
"50125903","NORI","Staten Island","Japanese","2026-02-17T00:00:00.000","Critical","12","A","2026-02-17T00:00:00.000","Cycle Inspection / Initial Inspection"
"50053977","GREGORY'S COFFEE","Manhattan","Coffee/Tea","2026-02-17T00:00:00.000","Not Critical","7","A","2026-02-17T00:00:00.000","Cycle Inspection / Re-inspection"
"50118673","RIU PLAZA MANHATTAN TIMES SQUARE PARK AVENUE RESTAURANT","Manhattan","American","2026-02-17T00:00:00.000","Critical","11","A","2026-02-17T00:00:00.000","Cycle Inspection / Initial Inspection"
"50166769","CAFFEINATED NEW YORKER CAFE","Staten Island","Coffee/Tea","2026-02-17T00:00:00.000","Critical","12","A","2026-02-17T00:00:00.000","Pre-permit (Operational) / Re-inspection"
"50116358","CHOPT","Manhattan","Soups/Salads/Sandwiches","2026-02-17T00:00:00.000","Not Critical","4","A","2026-02-17T00:00:00.000","Cycle Inspection / Initial Inspection"
"50149373","PANDO'S","Brooklyn","Coffee/Tea","2026-02-17T00:00:00.000","Critical","12","A","2026-02-17T00:00:00.000","Cycle Inspection / Initial Inspection"
"50162857","GOODMAN'S BAR","Manhattan","American","2026-02-17T00:00:00.000","Critical","13","A","2026-02-17T00:00:00.000","Pre-permit (Operational) / Initial Inspection"
"50105688","SOBOL","Queens","Juice, Smoothies, Fruit Salads","2026-02-17T00:00:00.000","Not Critical","12","A","2026-02-17T00:00:00.000","Cycle Inspection / Initial Inspection"
"50117684","NEW GT RICEBOWL","Queens","Caribbean","2026-02-17T00:00:00.000","Not Critical","13","A","2026-02-17T00:00:00.000","Cycle Inspection / Initial Inspection"
"41291319","SUPER POLLO","Queens","Latin American","2026-02-17T00:00:00.000","Not Critical","12","A","2026-02-17T00:00:00.000","Cycle Inspection / Initial Inspection"
"50131933","JOE & THE JUICE","Manhattan","Juice, Smoothies, Fruit Salads","2026-02-17T00:00:00.000","Not Critical","4","A","2026-02-17T00:00:00.000","Cycle Inspection / Initial Inspection"
"50086611","MODERN BREAD AND BAGEL","Manhattan","Jewish/Kosher","2026-02-17T00:00:00.000","Critical","13","A","2026-02-17T00:00:00.000","Cycle Inspection / Re-inspection"
"50166769","CAFFEINATED NEW YORKER CAFE","Staten Island","Coffee/Tea","2026-02-17T00:00:00.000","Critical","12","A","2026-02-17T00:00:00.000","Pre-permit (Operational) / Re-inspection"
"41513849","GRAND GREAT WALL RESTAURANT INC","Manhattan","Chinese","2026-02-17T00:00:00.000","Not Critical","13","A","2026-02-17T00:00:00.000","Cycle Inspection / Re-inspection"
"50176247","ELPIS","Manhattan","Pizza","2026-02-17T00:00:00.000","Critical","13","A","2026-02-17T00:00:00.000","Pre-permit (Operational) / Re-inspection"
"50044841","DUNKIN BASKIN ROBBINS","Manhattan","Donuts","2026-02-17T00:00:00.000","Critical","12","A","2026-02-17T00:00:00.000","Cycle Inspection / Initial Inspection"
"50071549","PEDRO'S KITCHEN & PIZZA","Queens","Pizza","2026-02-17T00:00:00.000","Not Critical","12","A","2026-02-17T00:00:00.000","Cycle Inspection / Initial Inspection"
"50146637","MANNAN BAKERY","Queens","Bakery Products/Desserts","2026-02-17T00:00:00.000","Not Critical","10","A","2026-02-17T00:00:00.000","Cycle Inspection / Initial Inspection"
"50131933","JOE & THE JUICE","Manhattan","Juice, Smoothies, Fruit Salads","2026-02-17T00:00:00.000","Not Critical","4","A","2026-02-17T00:00:00.000","Cycle Inspection / Initial Inspection"
"50037446","YOFRESH YOGURT CAFE","Queens","Frozen Desserts","2026-02-17T00:00:00.000","Not Critical","12","A","2026-02-17T00:00:00.000","Cycle Inspection / Initial Inspection"
"50176485","BARFLY","Manhattan","American","2026-02-17T00:00:00.000","Critical","12","A","2026-02-17T00:00:00.000","Pre-permit (Operational) / Initial Inspection"
"50059939","JUICE BAR NUTRITION","Queens","Juice, Smoothies, Fruit Salads","2026-02-17T00:00:00.000","Not Critical","4","A","2026-02-17T00:00:00.000","Cycle Inspection / Initial Inspection"
"50117684","NEW GT RICEBOWL","Queens","Caribbean","2026-02-17T00:00:00.000","Not Critical","13","A","2026-02-17T00:00:00.000","Cycle Inspection / Initial Inspection"
"41288582","XOCHIMILCO FAMILY REST","Bronx","Mexican","2026-02-17T00:00:00.000","Not Critical","13","A","2026-02-17T00:00:00.000","Cycle Inspection / Initial Inspection"
"50105688","SOBOL","Queens","Juice, Smoothies, Fruit Salads","2026-02-17T00:00:00.000","Not Critical","12","A","2026-02-17T00:00:00.000","Cycle Inspection / Initial Inspection"
"50044841","DUNKIN BASKIN ROBBINS","Manhattan","Donuts","2026-02-17T00:00:00.000","Not Critical","12","A","2026-02-17T00:00:00.000","Cycle Inspection / Initial Inspection"
"50143595","LITTLE DINER","Queens","American","2026-02-17T00:00:00.000","Not Critical","12","A","2026-02-17T00:00:00.000","Cycle Inspection / Re-inspection"
"41402869","LA MORADA RESTAURANT","Bronx","Mexican","2026-02-17T00:00:00.000","Critical","10","A","2026-02-17T00:00:00.000","Cycle Inspection / Initial Inspection"
"50083936","ROCKBAR","Manhattan","American","2026-02-17T00:00:00.000","Critical","12","A","2026-02-17T00:00:00.000","Cycle Inspection / Re-inspection"
"41230536","TORRES ITALIAN RESTAURANT","Brooklyn","Pizza","2026-02-17T00:00:00.000","Critical","13","A","2026-02-17T00:00:00.000","Cycle Inspection / Initial Inspection"
"50059939","JUICE BAR NUTRITION","Queens","Juice, Smoothies, Fruit Salads","2026-02-17T00:00:00.000","Not Critical","4","A","2026-02-17T00:00:00.000","Cycle Inspection / Initial Inspection"
"50146373","SHERDOR BURGERS AND SAUSAGES","Brooklyn","Hamburgers","2026-02-17T00:00:00.000","Not Critical","12","A","2026-02-17T00:00:00.000","Cycle Inspection / Initial Inspection"
"50109551","MAMOUN'S FALAFEL","Manhattan","Middle Eastern","2026-02-17T00:00:00.000","Not Critical","7","A","2026-02-17T00:00:00.000","Cycle Inspection / Initial Inspection"
"50146373","SHERDOR BURGERS AND SAUSAGES","Brooklyn","Hamburgers","2026-02-17T00:00:00.000","Not Critical","12","A","2026-02-17T00:00:00.000","Cycle Inspection / Initial Inspection"
"41291319","SUPER POLLO","Queens","Latin American","2026-02-17T00:00:00.000","Critical","12","A","2026-02-17T00:00:00.000","Cycle Inspection / Initial Inspection"
"50149373","PANDO'S","Brooklyn","Coffee/Tea","2026-02-17T00:00:00.000","Critical","12","A","2026-02-17T00:00:00.000","Cycle Inspection / Initial Inspection"
"50146373","SHERDOR BURGERS AND SAUSAGES","Brooklyn","Hamburgers","2026-02-17T00:00:00.000","Not Critical","12","A","2026-02-17T00:00:00.000","Cycle Inspection / Initial Inspection"
"50155800","OH! CALCUTTA","Queens","Indian","2026-02-17T00:00:00.000","Critical","12","A","2026-02-17T00:00:00.000","Cycle Inspection / Initial Inspection"
"41519401","AGAVE DELI GROCERY","Brooklyn","Mexican","2026-02-17T00:00:00.000","Not Critical","9","A","2026-02-17T00:00:00.000","Cycle Inspection / Initial Inspection"
"50176485","BARFLY","Manhattan","American","2026-02-17T00:00:00.000","Not Critical","12","A","2026-02-17T00:00:00.000","Pre-permit (Operational) / Initial Inspection"
"50117684","NEW GT RICEBOWL","Queens","Caribbean","2026-02-17T00:00:00.000","Critical","13","A","2026-02-17T00:00:00.000","Cycle Inspection / Initial Inspection"
"41543887","BEAUTY & ESSEX","Manhattan","New American","2026-02-17T00:00:00.000","Critical","11","A","2026-02-17T00:00:00.000","Cycle Inspection / Initial Inspection"
"50137531","SWEET BASIL","Brooklyn","Thai","2026-02-17T00:00:00.000","Critical","13","A","2026-02-17T00:00:00.000","Cycle Inspection / Initial Inspection"
"50105688","SOBOL","Queens","Juice, Smoothies, Fruit Salads","2026-02-17T00:00:00.000","Critical","12","A","2026-02-17T00:00:00.000","Cycle Inspection / Initial Inspection"
"41616179","DARO'S PIZZA","Queens","Pizza","2026-02-17T00:00:00.000","Critical","12","A","2026-02-17T00:00:00.000","Cycle Inspection / Initial Inspection"
"41288582","XOCHIMILCO FAMILY REST","Bronx","Mexican","2026-02-17T00:00:00.000","Critical","13","A","2026-02-17T00:00:00.000","Cycle Inspection / Initial Inspection"
"50074343","STOP & ENJOY","Queens","Sandwiches","2026-02-17T00:00:00.000","Critical","11","A","2026-02-17T00:00:00.000","Cycle Inspection / Re-inspection"
"41616179","DARO'S PIZZA","Queens","Pizza","2026-02-17T00:00:00.000","Not Critical","12","A","2026-02-17T00:00:00.000","Cycle Inspection / Initial Inspection"
"50116168","SAUCE PIZZERIA","Manhattan","Pizza","2026-02-17T00:00:00.000","Not Critical","4","A","2026-02-17T00:00:00.000","Cycle Inspection / Initial Inspection"
"50037446","YOFRESH YOGURT CAFE","Queens","Frozen Desserts","2026-02-17T00:00:00.000","Not Critical","12","A","2026-02-17T00:00:00.000","Cycle Inspection / Initial Inspection"
"50115212","TACO BELL","Queens","Tex-Mex","2026-02-17T00:00:00.000","Not Critical","11","A","2026-02-17T00:00:00.000","Cycle Inspection / Initial Inspection"
"50099463","BAREBURGER","Manhattan","Hamburgers","2026-02-17T00:00:00.000","Critical","9","A","2026-02-17T00:00:00.000","Cycle Inspection / Initial Inspection"
"50044841","DUNKIN BASKIN ROBBINS","Manhattan","Donuts","2026-02-17T00:00:00.000","Not Critical","12","A","2026-02-17T00:00:00.000","Cycle Inspection / Initial Inspection"
"50044841","DUNKIN BASKIN ROBBINS","Manhattan","Donuts","2026-02-17T00:00:00.000","Not Critical","12","A","2026-02-17T00:00:00.000","Cycle Inspection / Initial Inspection"
"41513849","GRAND GREAT WALL RESTAURANT INC","Manhattan","Chinese","2026-02-17T00:00:00.000","Not Critical","13","A","2026-02-17T00:00:00.000","Cycle Inspection / Re-inspection"
"41288582","XOCHIMILCO FAMILY REST","Bronx","Mexican","2026-02-17T00:00:00.000","Critical","13","A","2026-02-17T00:00:00.000","Cycle Inspection / Initial Inspection"
"50099463","BAREBURGER","Manhattan","Hamburgers","2026-02-17T00:00:00.000","Not Critical","9","A","2026-02-17T00:00:00.000","Cycle Inspection / Initial Inspection"
"50162857","GOODMAN'S BAR","Manhattan","American","2026-02-17T00:00:00.000","Critical","13","A","2026-02-17T00:00:00.000","Pre-permit (Operational) / Initial Inspection"
"50071549","PEDRO'S KITCHEN & PIZZA","Queens","Pizza","2026-02-17T00:00:00.000","Critical","12","A","2026-02-17T00:00:00.000","Cycle Inspection / Initial Inspection"
"41230536","TORRES ITALIAN RESTAURANT","Brooklyn","Pizza","2026-02-17T00:00:00.000","Not Critical","13","A","2026-02-17T00:00:00.000","Cycle Inspection / Initial Inspection"
"50115212","TACO BELL","Queens","Tex-Mex","2026-02-17T00:00:00.000","Not Critical","11","A","2026-02-17T00:00:00.000","Cycle Inspection / Initial Inspection"
"50099463","BAREBURGER","Manhattan","Hamburgers","2026-02-17T00:00:00.000","Not Critical","9","A","2026-02-17T00:00:00.000","Cycle Inspection / Initial Inspection"
"50155800","OH! CALCUTTA","Queens","Indian","2026-02-17T00:00:00.000","Critical","12","A","2026-02-17T00:00:00.000","Cycle Inspection / Initial Inspection"
"41402869","LA MORADA RESTAURANT","Bronx","Mexican","2026-02-17T00:00:00.000","Not Critical","10","A","2026-02-17T00:00:00.000","Cycle Inspection / Initial Inspection"
"50117684","NEW GT RICEBOWL","Queens","Caribbean","2026-02-17T00:00:00.000","Not Critical","13","A","2026-02-17T00:00:00.000","Cycle Inspection / Initial Inspection"
"50053977","GREGORY'S COFFEE","Manhattan","Coffee/Tea","2026-02-17T00:00:00.000","Not Critical","7","A","2026-02-17T00:00:00.000","Cycle Inspection / Re-inspection"
"50125903","NORI","Staten Island","Japanese","2026-02-17T00:00:00.000","Critical","12","A","2026-02-17T00:00:00.000","Cycle Inspection / Initial Inspection"
"50118673","RIU PLAZA MANHATTAN TIMES SQUARE PARK AVENUE RESTAURANT","Manhattan","American","2026-02-17T00:00:00.000","Critical","11","A","2026-02-17T00:00:00.000","Cycle Inspection / Initial Inspection"
"50143595","LITTLE DINER","Queens","American","2026-02-17T00:00:00.000","Critical","12","A","2026-02-17T00:00:00.000","Cycle Inspection / Re-inspection"
"50131554","EL RANCHITO DE DAISY SALVADORENO","Queens","Latin American","2026-02-17T00:00:00.000","Not Critical","11","A","2026-02-17T00:00:00.000","Cycle Inspection / Initial Inspection"
"50137531","SWEET BASIL","Brooklyn","Thai","2026-02-17T00:00:00.000","Critical","13","A","2026-02-17T00:00:00.000","Cycle Inspection / Initial Inspection"
"50116358","CHOPT","Manhattan","Soups/Salads/Sandwiches","2026-02-17T00:00:00.000","Not Critical","4","A","2026-02-17T00:00:00.000","Cycle Inspection / Initial Inspection"
"50129754","MAMAN","Queens","Coffee/Tea","2026-02-17T00:00:00.000","Not Critical","13","A","2026-02-17T00:00:00.000","Cycle Inspection / Initial Inspection"
"41513849","GRAND GREAT WALL RESTAURANT INC","Manhattan","Chinese","2026-02-17T00:00:00.000","Critical","13","A","2026-02-17T00:00:00.000","Cycle Inspection / Re-inspection"
"50014173","CHEQUITO'S MEXICAN FOOD","Brooklyn","Pizza","2026-02-17T00:00:00.000","Critical","9","A","2026-02-17T00:00:00.000","Cycle Inspection / Initial Inspection"
"50156054","WENDY'S","Manhattan","American","2026-02-17T00:00:00.000","Not Critical","8","A","2026-02-17T00:00:00.000","Cycle Inspection / Initial Inspection"
"50014173","CHEQUITO'S MEXICAN FOOD","Brooklyn","Pizza","2026-02-17T00:00:00.000","Not Critical","9","A","2026-02-17T00:00:00.000","Cycle Inspection / Initial Inspection"
"50037446","YOFRESH YOGURT CAFE","Queens","Frozen Desserts","2026-02-17T00:00:00.000","Not Critical","12","A","2026-02-17T00:00:00.000","Cycle Inspection / Initial Inspection"
"50178528","HARDEE ON UTICA","Brooklyn","Chinese","2026-02-17T00:00:00.000","Not Critical","13","A","2026-02-17T00:00:00.000","Pre-permit (Operational) / Initial Inspection"
"50178528","HARDEE ON UTICA","Brooklyn","Chinese","2026-02-17T00:00:00.000","Critical","13","A","2026-02-17T00:00:00.000","Pre-permit (Operational) / Initial Inspection"
"50115212","TACO BELL","Queens","Tex-Mex","2026-02-17T00:00:00.000","Not Critical","11","A","2026-02-17T00:00:00.000","Cycle Inspection / Initial Inspection"
"50071549","PEDRO'S KITCHEN & PIZZA","Queens","Pizza","2026-02-17T00:00:00.000","Not Critical","12","A","2026-02-17T00:00:00.000","Cycle Inspection / Initial Inspection"
"50041718","BIRDY'S","Brooklyn","American","2026-02-17T00:00:00.000","Critical","13","A","2026-02-17T00:00:00.000","Cycle Inspection / Initial Inspection"
"50156054","WENDY'S","Manhattan","American","2026-02-17T00:00:00.000","Not Critical","8","A","2026-02-17T00:00:00.000","Cycle Inspection / Initial Inspection"
"41230536","TORRES ITALIAN RESTAURANT","Brooklyn","Pizza","2026-02-17T00:00:00.000","Critical","13","A","2026-02-17T00:00:00.000","Cycle Inspection / Initial Inspection"
"50176485","BARFLY","Manhattan","American","2026-02-17T00:00:00.000","Not Critical","12","A","2026-02-17T00:00:00.000","Pre-permit (Operational) / Initial Inspection"
"50129754","MAMAN","Queens","Coffee/Tea","2026-02-17T00:00:00.000","Critical","13","A","2026-02-17T00:00:00.000","Cycle Inspection / Initial Inspection"
"50037446","YOFRESH YOGURT CAFE","Queens","Frozen Desserts","2026-02-17T00:00:00.000","Critical","12","A","2026-02-17T00:00:00.000","Cycle Inspection / Initial Inspection"
"50074343","STOP & ENJOY","Queens","Sandwiches","2026-02-17T00:00:00.000","Not Critical","11","A","2026-02-17T00:00:00.000","Cycle Inspection / Re-inspection"
"50178528","HARDEE ON UTICA","Brooklyn","Chinese","2026-02-17T00:00:00.000","Not Critical","13","A","2026-02-17T00:00:00.000","Pre-permit (Operational) / Initial Inspection"
"50083936","ROCKBAR","Manhattan","American","2026-02-17T00:00:00.000","Critical","12","A","2026-02-17T00:00:00.000","Cycle Inspection / Re-inspection"
"41543887","BEAUTY & ESSEX","Manhattan","New American","2026-02-17T00:00:00.000","Not Critical","11","A","2026-02-17T00:00:00.000","Cycle Inspection / Initial Inspection"
"50065030","LAO MA MA LA TANG","Queens","Chinese","2026-02-14T00:00:00.000","Not Critical","13","A","2026-02-14T00:00:00.000","Cycle Inspection / Initial Inspection"
"50153410","GIA'S PIZZA","Queens","Pizza","2026-02-14T00:00:00.000","Not Critical","12","A","2026-02-14T00:00:00.000","Cycle Inspection / Initial Inspection"
"50064506","THE GRAND","Queens","New American","2026-02-14T00:00:00.000","Not Critical","13","A","2026-02-14T00:00:00.000","Cycle Inspection / Initial Inspection"
"50089260","HAAGEN DAZS","Queens","Frozen Desserts","2026-02-14T00:00:00.000","Critical","10","A","2026-02-14T00:00:00.000","Cycle Inspection / Initial Inspection"
"50151443","BEDOUIN TENT","Brooklyn","Egyptian","2026-02-14T00:00:00.000","Not Critical","12","A","2026-02-14T00:00:00.000","Cycle Inspection / Initial Inspection"
"50065030","LAO MA MA LA TANG","Queens","Chinese","2026-02-14T00:00:00.000","Critical","13","A","2026-02-14T00:00:00.000","Cycle Inspection / Initial Inspection"
"41665031","JASMIN LOUNGE","Queens","Coffee/Tea","2026-02-14T00:00:00.000","Not Critical","4","A","2026-02-14T00:00:00.000","Cycle Inspection / Initial Inspection"
"50151443","BEDOUIN TENT","Brooklyn","Egyptian","2026-02-14T00:00:00.000","Critical","12","A","2026-02-14T00:00:00.000","Cycle Inspection / Initial Inspection"
"50064506","THE GRAND","Queens","New American","2026-02-14T00:00:00.000","Critical","13","A","2026-02-14T00:00:00.000","Cycle Inspection / Initial Inspection"
"50153410","GIA'S PIZZA","Queens","Pizza","2026-02-14T00:00:00.000","Critical","12","A","2026-02-14T00:00:00.000","Cycle Inspection / Initial Inspection"
"50089260","HAAGEN DAZS","Queens","Frozen Desserts","2026-02-14T00:00:00.000","Critical","10","A","2026-02-14T00:00:00.000","Cycle Inspection / Initial Inspection"
"41665031","JASMIN LOUNGE","Queens","Coffee/Tea","2026-02-14T00:00:00.000","Not Critical","4","A","2026-02-14T00:00:00.000","Cycle Inspection / Initial Inspection"
"50057842","DUNKIN","Bronx","Donuts","2026-02-13T00:00:00.000","Not Critical","13","A","2026-02-13T00:00:00.000","Cycle Inspection / Initial Inspection"
"50117817","TACO BELL","Queens","Mexican","2026-02-13T00:00:00.000","Not Critical","13","A","2026-02-13T00:00:00.000","Cycle Inspection / Initial Inspection"
"50047718","GREGORYS COFFEE","Manhattan","Coffee/Tea","2026-02-13T00:00:00.000","Critical","13","A","2026-02-13T00:00:00.000","Cycle Inspection / Initial Inspection"
"50104173","GENAO RESTAURANT","Brooklyn","Spanish","2026-02-13T00:00:00.000","Not Critical","12","A","2026-02-13T00:00:00.000","Cycle Inspection / Re-inspection"
"50047718","GREGORYS COFFEE","Manhattan","Coffee/Tea","2026-02-13T00:00:00.000","Not Critical","13","A","2026-02-13T00:00:00.000","Cycle Inspection / Initial Inspection"
"50033289","CARLO'S BAKE SHOP","Manhattan","Bakery Products/Desserts","2026-02-13T00:00:00.000","Not Critical","13","A","2026-02-13T00:00:00.000","Cycle Inspection / Initial Inspection"
"50167076","TORISHIN","Manhattan","Japanese","2026-02-13T00:00:00.000","Not Critical","12","A","2026-02-13T00:00:00.000","Pre-permit (Operational) / Re-inspection"
"41719126","DUNKIN","Bronx","Donuts","2026-02-13T00:00:00.000","Not Critical","10","A","2026-02-13T00:00:00.000","Cycle Inspection / Initial Inspection"
"50133082","KONG SIHK TONG","Manhattan","Chinese","2026-02-13T00:00:00.000","Not Critical","6","A","2026-02-13T00:00:00.000","Cycle Inspection / Initial Inspection"
"50057842","DUNKIN","Bronx","Donuts","2026-02-13T00:00:00.000","Critical","13","A","2026-02-13T00:00:00.000","Cycle Inspection / Initial Inspection"
"50090396","HEALTHY SPOT","Queens","Juice, Smoothies, Fruit Salads","2026-02-13T00:00:00.000","Not Critical","13","A","2026-02-13T00:00:00.000","Cycle Inspection / Initial Inspection"
"41719126","DUNKIN","Bronx","Donuts","2026-02-13T00:00:00.000","Critical","10","A","2026-02-13T00:00:00.000","Cycle Inspection / Initial Inspection"
"41236517","CAFE AMRITA","Manhattan","American","2026-02-13T00:00:00.000","Critical","12","A","2026-02-13T00:00:00.000","Cycle Inspection / Initial Inspection"
"50054374","BIARRITZ BAKERY","Bronx","Bakery Products/Desserts","2026-02-13T00:00:00.000","Not Critical","12","A","2026-02-13T00:00:00.000","Cycle Inspection / Initial Inspection"
"50054927","STARBUCKS COFFEE COMPANY","Manhattan","Coffee/Tea","2026-02-13T00:00:00.000","Critical","5","A","2026-02-13T00:00:00.000","Cycle Inspection / Initial Inspection"
"50168950","NYC FILM LAB","Brooklyn","Coffee/Tea","2026-02-13T00:00:00.000","Not Critical","9","A","2026-02-13T00:00:00.000","Pre-permit (Operational) / Re-inspection"
"50054374","BIARRITZ BAKERY","Bronx","Bakery Products/Desserts","2026-02-13T00:00:00.000","Not Critical","12","A","2026-02-13T00:00:00.000","Cycle Inspection / Initial Inspection"
"41592830","SUBWAY","Manhattan","Sandwiches","2026-02-13T00:00:00.000","Not Critical","11","A","2026-02-13T00:00:00.000","Cycle Inspection / Initial Inspection"
"50168950","NYC FILM LAB","Brooklyn","Coffee/Tea","2026-02-13T00:00:00.000","Not Critical","9","A","2026-02-13T00:00:00.000","Pre-permit (Operational) / Re-inspection"
"50179017","CAFE ST. MARKS","Staten Island","Other","2026-02-13T00:00:00.000","Not Critical","10","A","2026-02-13T00:00:00.000","Pre-permit (Operational) / Initial Inspection"
"50001857","SUNSET BAGELS","Brooklyn","Bagels/Pretzels","2026-02-13T00:00:00.000","Critical","7","A","2026-02-13T00:00:00.000","Cycle Inspection / Initial Inspection"
"50166964","CITY TAVERN & TABLE","Manhattan","American","2026-02-13T00:00:00.000","Not Critical","12","A","2026-02-13T00:00:00.000","Pre-permit (Operational) / Initial Inspection"
"50179017","CAFE ST. MARKS","Staten Island","Other","2026-02-13T00:00:00.000","Critical","10","A","2026-02-13T00:00:00.000","Pre-permit (Operational) / Initial Inspection"
"41236517","CAFE AMRITA","Manhattan","American","2026-02-13T00:00:00.000","Not Critical","12","A","2026-02-13T00:00:00.000","Cycle Inspection / Initial Inspection"
"50119043","FLORENCE  DINER","Queens","Latin American","2026-02-13T00:00:00.000","Not Critical","7","A","2026-02-13T00:00:00.000","Cycle Inspection / Initial Inspection"
"50033289","CARLO'S BAKE SHOP","Manhattan","Bakery Products/Desserts","2026-02-13T00:00:00.000","Critical","13","A","2026-02-13T00:00:00.000","Cycle Inspection / Initial Inspection"
"50015970","FRESH & CO","Manhattan","American","2026-02-13T00:00:00.000","Not Critical","10","A","2026-02-13T00:00:00.000","Cycle Inspection / Re-inspection"
"40516511","CYBER CAFE","Staten Island","Coffee/Tea","2026-02-13T00:00:00.000","Not Critical","5","A","2026-02-13T00:00:00.000","Cycle Inspection / Initial Inspection"
"50047718","GREGORYS COFFEE","Manhattan","Coffee/Tea","2026-02-13T00:00:00.000","Critical","13","A","2026-02-13T00:00:00.000","Cycle Inspection / Initial Inspection"
"50133082","KONG SIHK TONG","Manhattan","Chinese","2026-02-13T00:00:00.000","Not Critical","6","A","2026-02-13T00:00:00.000","Cycle Inspection / Initial Inspection"
"50170937","ARABICA COFFEE","Manhattan","Coffee/Tea","2026-02-13T00:00:00.000","Not Critical","9","A","2026-02-13T00:00:00.000","Cycle Inspection / Initial Inspection"
"50090396","HEALTHY SPOT","Queens","Juice, Smoothies, Fruit Salads","2026-02-13T00:00:00.000","Not Critical","13","A","2026-02-13T00:00:00.000","Cycle Inspection / Initial Inspection"
"50107901","POPEYES LOUISIANA KITCHEN","Brooklyn","Chicken","2026-02-13T00:00:00.000","Not Critical","7","A","2026-02-13T00:00:00.000","Cycle Inspection / Re-inspection"
"40399340","NYU LUTHERAN COFFEE SHOP","Brooklyn","American","2026-02-13T00:00:00.000","Not Critical","5","A","2026-02-13T00:00:00.000","Cycle Inspection / Initial Inspection"
"50167076","TORISHIN","Manhattan","Japanese","2026-02-13T00:00:00.000","Critical","12","A","2026-02-13T00:00:00.000","Pre-permit (Operational) / Re-inspection"
"50168950","NYC FILM LAB","Brooklyn","Coffee/Tea","2026-02-13T00:00:00.000","Critical","9","A","2026-02-13T00:00:00.000","Pre-permit (Operational) / Re-inspection"
"50057842","DUNKIN","Bronx","Donuts","2026-02-13T00:00:00.000","Critical","13","A","2026-02-13T00:00:00.000","Cycle Inspection / Initial Inspection"
"41236517","CAFE AMRITA","Manhattan","American","2026-02-13T00:00:00.000","Critical","12","A","2026-02-13T00:00:00.000","Cycle Inspection / Initial Inspection"
"41089876","SARABETH'S","Manhattan","American","2026-02-13T00:00:00.000","Critical","13","A","2026-02-13T00:00:00.000","Cycle Inspection / Initial Inspection"
"41089876","SARABETH'S","Manhattan","American","2026-02-13T00:00:00.000","Critical","13","A","2026-02-13T00:00:00.000","Cycle Inspection / Initial Inspection"
"50090396","HEALTHY SPOT","Queens","Juice, Smoothies, Fruit Salads","2026-02-13T00:00:00.000","Not Critical","13","A","2026-02-13T00:00:00.000","Cycle Inspection / Initial Inspection"
"50033289","CARLO'S BAKE SHOP","Manhattan","Bakery Products/Desserts","2026-02-13T00:00:00.000","Not Critical","13","A","2026-02-13T00:00:00.000","Cycle Inspection / Initial Inspection"
"50085967","DUNKIN'","Manhattan","Donuts","2026-02-13T00:00:00.000","Critical","7","A","2026-02-13T00:00:00.000","Cycle Inspection / Initial Inspection"
"50170937","ARABICA COFFEE","Manhattan","Coffee/Tea","2026-02-13T00:00:00.000","Critical","9","A","2026-02-13T00:00:00.000","Cycle Inspection / Initial Inspection"
"50107901","POPEYES LOUISIANA KITCHEN","Brooklyn","Chicken","2026-02-13T00:00:00.000","Not Critical","7","A","2026-02-13T00:00:00.000","Cycle Inspection / Re-inspection"
"50054374","BIARRITZ BAKERY","Bronx","Bakery Products/Desserts","2026-02-13T00:00:00.000","Critical","12","A","2026-02-13T00:00:00.000","Cycle Inspection / Initial Inspection"
"50117817","TACO BELL","Queens","Mexican","2026-02-13T00:00:00.000","Critical","13","A","2026-02-13T00:00:00.000","Cycle Inspection / Initial Inspection"
"50119043","FLORENCE  DINER","Queens","Latin American","2026-02-13T00:00:00.000","Critical","7","A","2026-02-13T00:00:00.000","Cycle Inspection / Initial Inspection"
"41687902","STARBUCKS","Manhattan","Coffee/Tea","2026-02-13T00:00:00.000","Critical","5","A","2026-02-13T00:00:00.000","Cycle Inspection / Initial Inspection"
"50166964","CITY TAVERN & TABLE","Manhattan","American","2026-02-13T00:00:00.000","Not Critical","12","A","2026-02-13T00:00:00.000","Pre-permit (Operational) / Initial Inspection"
"41222773","DUNKIN' / BASKIN ROBBINS","Manhattan","Donuts","2026-02-13T00:00:00.000","Not Critical","2","A","2026-02-13T00:00:00.000","Cycle Inspection / Initial Inspection"
"50090396","HEALTHY SPOT","Queens","Juice, Smoothies, Fruit Salads","2026-02-13T00:00:00.000","Critical","13","A","2026-02-13T00:00:00.000","Cycle Inspection / Initial Inspection"
"50085967","DUNKIN'","Manhattan","Donuts","2026-02-13T00:00:00.000","Not Critical","7","A","2026-02-13T00:00:00.000","Cycle Inspection / Initial Inspection"
"50104173","GENAO RESTAURANT","Brooklyn","Spanish","2026-02-13T00:00:00.000","Critical","12","A","2026-02-13T00:00:00.000","Cycle Inspection / Re-inspection"
"50166964","CITY TAVERN & TABLE","Manhattan","American","2026-02-13T00:00:00.000","Critical","12","A","2026-02-13T00:00:00.000","Pre-permit (Operational) / Initial Inspection"
"50054374","BIARRITZ BAKERY","Bronx","Bakery Products/Desserts","2026-02-13T00:00:00.000","Not Critical","12","A","2026-02-13T00:00:00.000","Cycle Inspection / Initial Inspection"
"50015970","FRESH & CO","Manhattan","American","2026-02-13T00:00:00.000","Critical","10","A","2026-02-13T00:00:00.000","Cycle Inspection / Re-inspection"
"41592830","SUBWAY","Manhattan","Sandwiches","2026-02-13T00:00:00.000","Critical","11","A","2026-02-13T00:00:00.000","Cycle Inspection / Initial Inspection"
"50167076","TORISHIN","Manhattan","Japanese","2026-02-13T00:00:00.000","Critical","12","A","2026-02-13T00:00:00.000","Pre-permit (Operational) / Re-inspection"
"50145244","PANDA EXPRESS","Queens","Chinese","2026-02-12T00:00:00.000","Critical","13","A","2026-02-12T00:00:00.000","Cycle Inspection / Initial Inspection"
"41600011","CAFE ON 5TH, STERLING AFFAIR","Manhattan","American","2026-02-12T00:00:00.000","Critical","7","A","2026-02-12T00:00:00.000","Cycle Inspection / Re-inspection"
"50143222","LUCIA PIZZA","Queens","Pizza","2026-02-12T00:00:00.000","Critical","10","A","2026-02-12T00:00:00.000","Cycle Inspection / Re-inspection"
"50124421","NEW CHOI HEE","Staten Island","Chinese","2026-02-12T00:00:00.000","Not Critical","11","A","2026-02-12T00:00:00.000","Cycle Inspection / Initial Inspection"
"50142944","SEBA- SEBA BAKERY","Queens","Latin American","2026-02-12T00:00:00.000","Critical","13","A","2026-02-12T00:00:00.000","Cycle Inspection / Initial Inspection"
"50173250","FOLKLORE ARTISANAL TACOS","Manhattan","Mexican","2026-02-12T00:00:00.000","Critical","13","A","2026-02-12T00:00:00.000","Pre-permit (Operational) / Initial Inspection"
"50157256","BILLIARDS NUNEZ BAR","Queens","American","2026-02-12T00:00:00.000","Critical","10","A","2026-02-12T00:00:00.000","Pre-permit (Operational) / Re-inspection"
"40736385","MCDONALD'S","Brooklyn","Hamburgers","2026-02-12T00:00:00.000","Critical","12","A","2026-02-12T00:00:00.000","Cycle Inspection / Initial Inspection"
"41539722","BOB'S DISCOUNT FURNITURE","Queens","Frozen Desserts","2026-02-12T00:00:00.000","Critical","7","A","2026-02-12T00:00:00.000","Cycle Inspection / Initial Inspection"
"50017416","DUNKIN","Bronx","Donuts","2026-02-12T00:00:00.000","Critical","12","A","2026-02-12T00:00:00.000","Cycle Inspection / Initial Inspection"
"50172075","DONER HAUS","Manhattan","German","2026-02-12T00:00:00.000","Not Critical","7","A","2026-02-12T00:00:00.000","Pre-permit (Operational) / Initial Inspection"
"50085632","TAQUERIA SINALOENSE","Bronx","Mexican","2026-02-12T00:00:00.000","Not Critical","11","A","2026-02-12T00:00:00.000","Cycle Inspection / Initial Inspection"
"50131908","PIENZA BRICK OVEN PIZZA CAFE","Staten Island","Other","2026-02-12T00:00:00.000","Critical","12","A","2026-02-12T00:00:00.000","Cycle Inspection / Initial Inspection"
"50087861","ELENA'S 43 RESTAURANT","Queens","Latin American","2026-02-12T00:00:00.000","Not Critical","9","A","2026-02-12T00:00:00.000","Cycle Inspection / Initial Inspection"
"50089472","CHINA KING 1 RESTAURANT","Brooklyn","Chinese","2026-02-12T00:00:00.000","Not Critical","11","A","2026-02-12T00:00:00.000","Cycle Inspection / Initial Inspection"
"41014575","STARBUCKS","Brooklyn","Coffee/Tea","2026-02-12T00:00:00.000","Critical","11","A","2026-02-12T00:00:00.000","Cycle Inspection / Initial Inspection"
"50177995","99 CENT SUPREME PIZZA","Brooklyn","Pizza","2026-02-12T00:00:00.000","Not Critical","9","A","2026-02-12T00:00:00.000","Pre-permit (Operational) / Initial Inspection"
"41558805","BANTER","Brooklyn","American","2026-02-12T00:00:00.000","Not Critical","5","A","2026-02-12T00:00:00.000","Cycle Inspection / Initial Inspection"
"50084972","JOE'S PIZZA","Brooklyn","Pizza","2026-02-12T00:00:00.000","Not Critical","9","A","2026-02-12T00:00:00.000","Cycle Inspection / Initial Inspection"
"41699792","MERITTA'S JAMAICAN AND AMERICAN RESTAURANT","Queens","Caribbean","2026-02-12T00:00:00.000","Not Critical","6","A","2026-02-12T00:00:00.000","Cycle Inspection / Re-inspection"
"50156067","WENDYS","Queens","Hamburgers","2026-02-12T00:00:00.000","Not Critical","5","A","2026-02-12T00:00:00.000","Cycle Inspection / Initial Inspection"
"41558805","BANTER","Brooklyn","American","2026-02-12T00:00:00.000","Not Critical","5","A","2026-02-12T00:00:00.000","Cycle Inspection / Initial Inspection"
"41046225","WINNERS BAR","Queens","American","2026-02-12T00:00:00.000","Critical","10","A","2026-02-12T00:00:00.000","Cycle Inspection / Initial Inspection"
"50089472","CHINA KING 1 RESTAURANT","Brooklyn","Chinese","2026-02-12T00:00:00.000","Critical","11","A","2026-02-12T00:00:00.000","Cycle Inspection / Initial Inspection"
"50103034","LAS CHILANGAS","Queens","Mexican","2026-02-12T00:00:00.000","Not Critical","9","A","2026-02-12T00:00:00.000","Cycle Inspection / Initial Inspection"
"50177415","CHIPOTLE MEXICAN GRILL #3056","Brooklyn","Tex-Mex","2026-02-12T00:00:00.000","Not Critical","7","A","2026-02-12T00:00:00.000","Pre-permit (Operational) / Re-inspection"
"41387173","LALIGURAS BISTRO","Queens","Asian/Asian Fusion","2026-02-12T00:00:00.000","Critical","8","A","2026-02-12T00:00:00.000","Cycle Inspection / Initial Inspection"
"40389455","TOWNHOUSE OF NY","Manhattan","American","2026-02-12T00:00:00.000","Critical","10","A","2026-02-12T00:00:00.000","Cycle Inspection / Initial Inspection"
"50124421","NEW CHOI HEE","Staten Island","Chinese","2026-02-12T00:00:00.000","Critical","11","A","2026-02-12T00:00:00.000","Cycle Inspection / Initial Inspection"
"50107867","EIM KHAO MUN KAI RESTAURANT","Queens","Thai","2026-02-12T00:00:00.000","Not Critical","7","A","2026-02-12T00:00:00.000","Cycle Inspection / Initial Inspection"
"50048238","BURGERFI","Brooklyn","American","2026-02-12T00:00:00.000","Not Critical","7","A","2026-02-12T00:00:00.000","Cycle Inspection / Re-inspection"
"41654442","DUNKIN","Manhattan","Donuts","2026-02-12T00:00:00.000","Not Critical","8","A","2026-02-12T00:00:00.000","Cycle Inspection / Initial Inspection"
"50099826","MUGHLAI INDIAN CUSINE","Manhattan","Indian","2026-02-12T00:00:00.000","Critical","13","A","2026-02-12T00:00:00.000","Cycle Inspection / Re-inspection"
"50142944","SEBA- SEBA BAKERY","Queens","Latin American","2026-02-12T00:00:00.000","Critical","13","A","2026-02-12T00:00:00.000","Cycle Inspection / Initial Inspection"
"50164422","JOLLIBEE","Queens","Chicken","2026-02-12T00:00:00.000","Critical","11","A","2026-02-12T00:00:00.000","Cycle Inspection / Initial Inspection"
"50124421","NEW CHOI HEE","Staten Island","Chinese","2026-02-12T00:00:00.000","Not Critical","11","A","2026-02-12T00:00:00.000","Cycle Inspection / Initial Inspection"
"50105992","DOSA DELIGHT","Queens","Indian","2026-02-12T00:00:00.000","Critical","13","A","2026-02-12T00:00:00.000","Cycle Inspection / Re-inspection"
"50016967","LA FIESTA RESTAURANT","Manhattan","Mexican","2026-02-12T00:00:00.000","Critical","13","A","2026-02-12T00:00:00.000","Cycle Inspection / Initial Inspection"
"50158879","YAAAS TEA","Queens","Coffee/Tea","2026-02-12T00:00:00.000","Critical","12","A","2026-02-12T00:00:00.000","Cycle Inspection / Initial Inspection"
"50056830","A.W.O.L. BAR & GRILL","Manhattan","American","2026-02-12T00:00:00.000","Critical","13","A","2026-02-12T00:00:00.000","Cycle Inspection / Initial Inspection"
"50088405","ORGANIC LOVE","Brooklyn","Vegetarian","2026-02-12T00:00:00.000","Not Critical","13","A","2026-02-12T00:00:00.000","Cycle Inspection / Re-inspection"
"50071662","BIG AL'S CHICAGO STYLE PIZZA","Staten Island","Pizza","2026-02-12T00:00:00.000","Not Critical","9","A","2026-02-12T00:00:00.000","Cycle Inspection / Initial Inspection"
"50056830","A.W.O.L. BAR & GRILL","Manhattan","American","2026-02-12T00:00:00.000","Not Critical","13","A","2026-02-12T00:00:00.000","Cycle Inspection / Initial Inspection"
"50118814","6TH FLOOR CAFE","Manhattan","American","2026-02-12T00:00:00.000","Critical","7","A","2026-02-12T00:00:00.000","Cycle Inspection / Initial Inspection"
"40736385","MCDONALD'S","Brooklyn","Hamburgers","2026-02-12T00:00:00.000","Not Critical","12","A","2026-02-12T00:00:00.000","Cycle Inspection / Initial Inspection"
"50009047","IZAKAYA NOMAD","Manhattan","Japanese","2026-02-12T00:00:00.000","Critical","10","A","2026-02-12T00:00:00.000","Cycle Inspection / Initial Inspection"
"50136513","STAY FIT NUTRITION","Brooklyn","Juice, Smoothies, Fruit Salads","2026-02-12T00:00:00.000","Critical","10","A","2026-02-12T00:00:00.000","Cycle Inspection / Initial Inspection"
"50173250","FOLKLORE ARTISANAL TACOS","Manhattan","Mexican","2026-02-12T00:00:00.000","Critical","13","A","2026-02-12T00:00:00.000","Pre-permit (Operational) / Initial Inspection"
"50120097","DULCE VIDA KITCHEN","Manhattan","Latin American","2026-02-12T00:00:00.000","Not Critical","8","A","2026-02-12T00:00:00.000","Cycle Inspection / Initial Inspection"
"41641062","YO-BURGER","Bronx","American","2026-02-12T00:00:00.000","Not Critical","9","A","2026-02-12T00:00:00.000","Cycle Inspection / Initial Inspection"
"41572018","AIR BAR, NY DELI, TIM HORTONS","Queens","American","2026-02-12T00:00:00.000","Critical","13","A","2026-02-12T00:00:00.000","Cycle Inspection / Initial Inspection"
"41422201","SLATE","Manhattan","American","2026-02-12T00:00:00.000","Not Critical","10","A","2026-02-12T00:00:00.000","Cycle Inspection / Initial Inspection"
"50166209","MACCA RESTAURANT","Bronx","Middle Eastern","2026-02-12T00:00:00.000","Critical","12","A","2026-02-12T00:00:00.000","Cycle Inspection / Initial Inspection"
"50129342","CRISPY BURGER","Queens","Chicken","2026-02-12T00:00:00.000","Critical","5","A","2026-02-12T00:00:00.000","Cycle Inspection / Initial Inspection"
"50178649","ARIA NOVA","Manhattan","Pizza","2026-02-12T00:00:00.000","Critical","11","A","2026-02-12T00:00:00.000","Pre-permit (Operational) / Initial Inspection"
"50088405","ORGANIC LOVE","Brooklyn","Vegetarian","2026-02-12T00:00:00.000","Critical","13","A","2026-02-12T00:00:00.000","Cycle Inspection / Re-inspection"
"50120097","DULCE VIDA KITCHEN","Manhattan","Latin American","2026-02-12T00:00:00.000","Not Critical","8","A","2026-02-12T00:00:00.000","Cycle Inspection / Initial Inspection"
"50164422","JOLLIBEE","Queens","Chicken","2026-02-12T00:00:00.000","Not Critical","11","A","2026-02-12T00:00:00.000","Cycle Inspection / Initial Inspection"
"50179052","FLATLANDS BUFFET","Brooklyn","Other","2026-02-12T00:00:00.000","Not Critical","12","A","2026-02-12T00:00:00.000","Pre-permit (Operational) / Initial Inspection"
"50107867","EIM KHAO MUN KAI RESTAURANT","Queens","Thai","2026-02-12T00:00:00.000","Not Critical","7","A","2026-02-12T00:00:00.000","Cycle Inspection / Initial Inspection"
"50101236","FIELDS GOOD CHICKEN","Manhattan","Chicken","2026-02-12T00:00:00.000","Not Critical","6","A","2026-02-12T00:00:00.000","Cycle Inspection / Initial Inspection"
"50048238","BURGERFI","Brooklyn","American","2026-02-12T00:00:00.000","Critical","7","A","2026-02-12T00:00:00.000","Cycle Inspection / Re-inspection"
"50131908","PIENZA BRICK OVEN PIZZA CAFE","Staten Island","Other","2026-02-12T00:00:00.000","Critical","12","A","2026-02-12T00:00:00.000","Cycle Inspection / Initial Inspection"
"50001118","A SHEN ZHOU","Brooklyn","Chinese","2026-02-12T00:00:00.000","Not Critical","13","A","2026-02-12T00:00:00.000","Cycle Inspection / Initial Inspection"
"50180073","DOMENICK`S PIZZA","Queens","Pizza","2026-02-12T00:00:00.000","Not Critical","12","A","2026-02-12T00:00:00.000","Pre-permit (Operational) / Initial Inspection"
"50177415","CHIPOTLE MEXICAN GRILL #3056","Brooklyn","Tex-Mex","2026-02-12T00:00:00.000","Critical","7","A","2026-02-12T00:00:00.000","Pre-permit (Operational) / Re-inspection"
"50002558","FOOTPRINTS CAFE EXPRESS","Brooklyn","Caribbean","2026-02-12T00:00:00.000","Not Critical","7","A","2026-02-12T00:00:00.000","Cycle Inspection / Initial Inspection"
"50056830","A.W.O.L. BAR & GRILL","Manhattan","American","2026-02-12T00:00:00.000","Not Critical","13","A","2026-02-12T00:00:00.000","Cycle Inspection / Initial Inspection"
"50084972","JOE'S PIZZA","Brooklyn","Pizza","2026-02-12T00:00:00.000","Not Critical","9","A","2026-02-12T00:00:00.000","Cycle Inspection / Initial Inspection"
"50085632","TAQUERIA SINALOENSE","Bronx","Mexican","2026-02-12T00:00:00.000","Not Critical","11","A","2026-02-12T00:00:00.000","Cycle Inspection / Initial Inspection"
"50087446","LEO'S","Queens","Latin American","2026-02-12T00:00:00.000","Not Critical","12","A","2026-02-12T00:00:00.000","Cycle Inspection / Initial Inspection"
"50106588","CRAB BROS","Brooklyn","Seafood","2026-02-12T00:00:00.000","Not Critical","10","A","2026-02-12T00:00:00.000","Cycle Inspection / Initial Inspection"
"50016967","LA FIESTA RESTAURANT","Manhattan","Mexican","2026-02-12T00:00:00.000","Critical","13","A","2026-02-12T00:00:00.000","Cycle Inspection / Initial Inspection"
"50164422","JOLLIBEE","Queens","Chicken","2026-02-12T00:00:00.000","Not Critical","11","A","2026-02-12T00:00:00.000","Cycle Inspection / Initial Inspection"
"50101236","FIELDS GOOD CHICKEN","Manhattan","Chicken","2026-02-12T00:00:00.000","Not Critical","6","A","2026-02-12T00:00:00.000","Cycle Inspection / Initial Inspection"
"50161301","PURE GREEN - JUICE BAR PARK SLOPE","Brooklyn","Juice, Smoothies, Fruit Salads","2026-02-12T00:00:00.000","Critical","8","A","2026-02-12T00:00:00.000","Cycle Inspection / Initial Inspection"
"50085632","TAQUERIA SINALOENSE","Bronx","Mexican","2026-02-12T00:00:00.000","Critical","11","A","2026-02-12T00:00:00.000","Cycle Inspection / Initial Inspection"
"50034883","VINCENT AND ANDREA PIZZERIA","Queens","Pizza","2026-02-12T00:00:00.000","Critical","7","A","2026-02-12T00:00:00.000","Cycle Inspection / Initial Inspection"
"50097501","FAMOUS ROTISSERIE AND GRILL","Brooklyn","Chinese","2026-02-12T00:00:00.000","Not Critical","7","A","2026-02-12T00:00:00.000","Cycle Inspection / Initial Inspection"
"40950399","POLLOS A LA BRASA MARIO","Queens","Latin American","2026-02-12T00:00:00.000","Critical","12","A","2026-02-12T00:00:00.000","Cycle Inspection / Re-inspection"
"50161389","PARIS BAGUETTE","Brooklyn","Bakery Products/Desserts","2026-02-12T00:00:00.000","Critical","11","A","2026-02-12T00:00:00.000","Cycle Inspection / Re-inspection"
"50139894","GEORGIES BISTRO","Staten Island","Mexican","2026-02-12T00:00:00.000","Not Critical","13","A","2026-02-12T00:00:00.000","Cycle Inspection / Initial Inspection"
"41479303","GOTHAM PIZZA","Manhattan","Pizza","2026-02-12T00:00:00.000","Critical","12","A","2026-02-12T00:00:00.000","Cycle Inspection / Initial Inspection"
"50106588","CRAB BROS","Brooklyn","Seafood","2026-02-12T00:00:00.000","Critical","10","A","2026-02-12T00:00:00.000","Cycle Inspection / Initial Inspection"
"41479303","GOTHAM PIZZA","Manhattan","Pizza","2026-02-12T00:00:00.000","Critical","12","A","2026-02-12T00:00:00.000","Cycle Inspection / Initial Inspection"
"50101236","FIELDS GOOD CHICKEN","Manhattan","Chicken","2026-02-12T00:00:00.000","Not Critical","6","A","2026-02-12T00:00:00.000","Cycle Inspection / Initial Inspection"
"41215420","POPEYES","Bronx","Chicken","2026-02-12T00:00:00.000","Critical","12","A","2026-02-12T00:00:00.000","Cycle Inspection / Initial Inspection"
"50105374","LE PAIN QUOTIDIEN","Manhattan","French","2026-02-12T00:00:00.000","Not Critical","9","A","2026-02-12T00:00:00.000","Cycle Inspection / Initial Inspection"
"50135091","DONUT CONNECTION","Brooklyn","American","2026-02-12T00:00:00.000","Critical","10","A","2026-02-12T00:00:00.000","Cycle Inspection / Initial Inspection"
"50103034","LAS CHILANGAS","Queens","Mexican","2026-02-12T00:00:00.000","Critical","9","A","2026-02-12T00:00:00.000","Cycle Inspection / Initial Inspection"
"40393558","FITZGERALD'S PUB","Manhattan","American","2026-02-12T00:00:00.000","Critical","12","A","2026-02-12T00:00:00.000","Cycle Inspection / Initial Inspection"
"50002558","FOOTPRINTS CAFE EXPRESS","Brooklyn","Caribbean","2026-02-12T00:00:00.000","Critical","7","A","2026-02-12T00:00:00.000","Cycle Inspection / Initial Inspection"
"50161301","PURE GREEN - JUICE BAR PARK SLOPE","Brooklyn","Juice, Smoothies, Fruit Salads","2026-02-12T00:00:00.000","Not Critical","8","A","2026-02-12T00:00:00.000","Cycle Inspection / Initial Inspection"
"41641062","YO-BURGER","Bronx","American","2026-02-12T00:00:00.000","Critical","9","A","2026-02-12T00:00:00.000","Cycle Inspection / Initial Inspection"
"50089076","3A'S LEGACY SALAD & GRILL","Bronx","Soups/Salads/Sandwiches","2026-02-12T00:00:00.000","Not Critical","9","A","2026-02-12T00:00:00.000","Cycle Inspection / Initial Inspection"
"50139894","GEORGIES BISTRO","Staten Island","Mexican","2026-02-12T00:00:00.000","Critical","13","A","2026-02-12T00:00:00.000","Cycle Inspection / Initial Inspection"
"50034883","VINCENT AND ANDREA PIZZERIA","Queens","Pizza","2026-02-12T00:00:00.000","Not Critical","7","A","2026-02-12T00:00:00.000","Cycle Inspection / Initial Inspection"
"40393558","FITZGERALD'S PUB","Manhattan","American","2026-02-12T00:00:00.000","Not Critical","12","A","2026-02-12T00:00:00.000","Cycle Inspection / Initial Inspection"
"50077890","GREEN KITCHEN","Manhattan","American","2026-02-12T00:00:00.000","Not Critical","7","A","2026-02-12T00:00:00.000","Cycle Inspection / Initial Inspection"
"41699792","MERITTA'S JAMAICAN AND AMERICAN RESTAURANT","Queens","Caribbean","2026-02-12T00:00:00.000","Not Critical","6","A","2026-02-12T00:00:00.000","Cycle Inspection / Re-inspection"
"50177995","99 CENT SUPREME PIZZA","Brooklyn","Pizza","2026-02-12T00:00:00.000","Not Critical","9","A","2026-02-12T00:00:00.000","Pre-permit (Operational) / Initial Inspection"
"50120097","DULCE VIDA KITCHEN","Manhattan","Latin American","2026-02-12T00:00:00.000","Not Critical","8","A","2026-02-12T00:00:00.000","Cycle Inspection / Initial Inspection"
"41249648","TOMI JAZZ","Manhattan","Japanese","2026-02-12T00:00:00.000","Not Critical","10","A","2026-02-12T00:00:00.000","Cycle Inspection / Initial Inspection"
"50099826","MUGHLAI INDIAN CUSINE","Manhattan","Indian","2026-02-12T00:00:00.000","Not Critical","13","A","2026-02-12T00:00:00.000","Cycle Inspection / Re-inspection"
"50089472","CHINA KING 1 RESTAURANT","Brooklyn","Chinese","2026-02-12T00:00:00.000","Not Critical","11","A","2026-02-12T00:00:00.000","Cycle Inspection / Initial Inspection"
"41249648","TOMI JAZZ","Manhattan","Japanese","2026-02-12T00:00:00.000","Critical","10","A","2026-02-12T00:00:00.000","Cycle Inspection / Initial Inspection"
"41508168","WING WAH RESTAURANT","Queens","Chinese","2026-02-12T00:00:00.000","Not Critical","12","A","2026-02-12T00:00:00.000","Cycle Inspection / Initial Inspection"
"50089076","3A'S LEGACY SALAD & GRILL","Bronx","Soups/Salads/Sandwiches","2026-02-12T00:00:00.000","Critical","9","A","2026-02-12T00:00:00.000","Cycle Inspection / Initial Inspection"
"50018497","TARALLUCCI E VINO","Manhattan","Italian","2026-02-12T00:00:00.000","Critical","5","A","2026-02-12T00:00:00.000","Cycle Inspection / Initial Inspection"
"50133164","PLAYA BOWLS","Manhattan","Juice, Smoothies, Fruit Salads","2026-02-12T00:00:00.000","Not Critical","2","A","2026-02-12T00:00:00.000","Cycle Inspection / Initial Inspection"
"41086575","DUNKIN/BASKIN ROBBINS","Bronx","Donuts","2026-02-12T00:00:00.000","Not Critical","2","A","2026-02-12T00:00:00.000","Cycle Inspection / Initial Inspection"
"41014575","STARBUCKS","Brooklyn","Coffee/Tea","2026-02-12T00:00:00.000","Not Critical","11","A","2026-02-12T00:00:00.000","Cycle Inspection / Initial Inspection"
"50097501","FAMOUS ROTISSERIE AND GRILL","Brooklyn","Chinese","2026-02-12T00:00:00.000","Critical","7","A","2026-02-12T00:00:00.000","Cycle Inspection / Initial Inspection"
"41215420","POPEYES","Bronx","Chicken","2026-02-12T00:00:00.000","Critical","12","A","2026-02-12T00:00:00.000","Cycle Inspection / Initial Inspection"
"41508168","WING WAH RESTAURANT","Queens","Chinese","2026-02-12T00:00:00.000","Critical","12","A","2026-02-12T00:00:00.000","Cycle Inspection / Initial Inspection"
"50136513","STAY FIT NUTRITION","Brooklyn","Juice, Smoothies, Fruit Salads","2026-02-12T00:00:00.000","Critical","10","A","2026-02-12T00:00:00.000","Cycle Inspection / Initial Inspection"
"50180238","BEANIE CAFE","Staten Island","American","2026-02-12T00:00:00.000","Not Critical","9","A","2026-02-12T00:00:00.000","Pre-permit (Operational) / Initial Inspection"
"50056830","A.W.O.L. BAR & GRILL","Manhattan","American","2026-02-12T00:00:00.000","Not Critical","13","A","2026-02-12T00:00:00.000","Cycle Inspection / Initial Inspection"
"50017416","DUNKIN","Bronx","Donuts","2026-02-12T00:00:00.000","Critical","12","A","2026-02-12T00:00:00.000","Cycle Inspection / Initial Inspection"
"50172075","DONER HAUS","Manhattan","German","2026-02-12T00:00:00.000","Critical","7","A","2026-02-12T00:00:00.000","Pre-permit (Operational) / Initial Inspection"
"50179052","FLATLANDS BUFFET","Brooklyn","Other","2026-02-12T00:00:00.000","Critical","12","A","2026-02-12T00:00:00.000","Pre-permit (Operational) / Initial Inspection"
"50099826","MUGHLAI INDIAN CUSINE","Manhattan","Indian","2026-02-12T00:00:00.000","Not Critical","13","A","2026-02-12T00:00:00.000","Cycle Inspection / Re-inspection"
"50087861","ELENA'S 43 RESTAURANT","Queens","Latin American","2026-02-12T00:00:00.000","Critical","9","A","2026-02-12T00:00:00.000","Cycle Inspection / Initial Inspection"
"50016967","LA FIESTA RESTAURANT","Manhattan","Mexican","2026-02-12T00:00:00.000","Not Critical","13","A","2026-02-12T00:00:00.000","Cycle Inspection / Initial Inspection"
"50130872","DUNKIN DONUTS / BASKIN ROBBINS","Manhattan","Coffee/Tea","2026-02-12T00:00:00.000","Not Critical","2","A","2026-02-12T00:00:00.000","Cycle Inspection / Initial Inspection"
"50178649","ARIA NOVA","Manhattan","Pizza","2026-02-12T00:00:00.000","Not Critical","11","A","2026-02-12T00:00:00.000","Pre-permit (Operational) / Initial Inspection"
"41572018","AIR BAR, NY DELI, TIM HORTONS","Queens","American","2026-02-12T00:00:00.000","Not Critical","13","A","2026-02-12T00:00:00.000","Cycle Inspection / Initial Inspection"
"40734506","JOHN HUGHES KNIGHTS OF COLUMBUS CLUB","Brooklyn","American","2026-02-12T00:00:00.000","Critical","11","A","2026-02-12T00:00:00.000","Cycle Inspection / Initial Inspection"
"40734506","JOHN HUGHES KNIGHTS OF COLUMBUS CLUB","Brooklyn","American","2026-02-12T00:00:00.000","Not Critical","11","A","2026-02-12T00:00:00.000","Cycle Inspection / Initial Inspection"
"40836801","CONNOLLY'S","Manhattan","Irish","2026-02-12T00:00:00.000","Not Critical","10","A","2026-02-12T00:00:00.000","Cycle Inspection / Initial Inspection"
"41422201","SLATE","Manhattan","American","2026-02-12T00:00:00.000","Critical","10","A","2026-02-12T00:00:00.000","Cycle Inspection / Initial Inspection"
"40950399","POLLOS A LA BRASA MARIO","Queens","Latin American","2026-02-12T00:00:00.000","Not Critical","12","A","2026-02-12T00:00:00.000","Cycle Inspection / Re-inspection"
"50070575","THE LOBSTER CLUB","Manhattan","Japanese","2026-02-12T00:00:00.000","Critical","6","A","2026-02-12T00:00:00.000","Cycle Inspection / Initial Inspection"
"50179800","RAISING CANE'S #1042","Brooklyn","Other","2026-02-12T00:00:00.000","Not Applicable","0","A","2026-02-12T00:00:00.000","Pre-permit (Operational) / Initial Inspection"
"50103034","LAS CHILANGAS","Queens","Mexican","2026-02-12T00:00:00.000","Not Critical","9","A","2026-02-12T00:00:00.000","Cycle Inspection / Initial Inspection"
"50105374","LE PAIN QUOTIDIEN","Manhattan","French","2026-02-12T00:00:00.000","Not Critical","9","A","2026-02-12T00:00:00.000","Cycle Inspection / Initial Inspection"
"41539722","BOB'S DISCOUNT FURNITURE","Queens","Frozen Desserts","2026-02-12T00:00:00.000","Not Critical","7","A","2026-02-12T00:00:00.000","Cycle Inspection / Initial Inspection"
"50001118","A SHEN ZHOU","Brooklyn","Chinese","2026-02-12T00:00:00.000","Not Critical","13","A","2026-02-12T00:00:00.000","Cycle Inspection / Initial Inspection"
"50088405","ORGANIC LOVE","Brooklyn","Vegetarian","2026-02-12T00:00:00.000","Not Critical","13","A","2026-02-12T00:00:00.000","Cycle Inspection / Re-inspection"
"50017416","DUNKIN","Bronx","Donuts","2026-02-12T00:00:00.000","Not Critical","12","A","2026-02-12T00:00:00.000","Cycle Inspection / Initial Inspection"
"50097501","FAMOUS ROTISSERIE AND GRILL","Brooklyn","Chinese","2026-02-12T00:00:00.000","Not Critical","7","A","2026-02-12T00:00:00.000","Cycle Inspection / Initial Inspection"
"41046225","WINNERS BAR","Queens","American","2026-02-12T00:00:00.000","Critical","10","A","2026-02-12T00:00:00.000","Cycle Inspection / Initial Inspection"
"50180742","GOLDEN FOUNTAIN","Queens","Chinese","2026-02-12T00:00:00.000","Critical","12","A","2026-02-12T00:00:00.000","Pre-permit (Operational) / Initial Inspection"
"50151717","MARTINIELLO'S","Queens","Pizza","2026-02-12T00:00:00.000","Critical","13","A","2026-02-12T00:00:00.000","Cycle Inspection / Initial Inspection"
"50132845","PANERA BREAD","Manhattan","Sandwiches/Salads/Mixed Buffet","2026-02-12T00:00:00.000","Not Critical","7","A","2026-02-12T00:00:00.000","Cycle Inspection / Initial Inspection"
"50089472","CHINA KING 1 RESTAURANT","Brooklyn","Chinese","2026-02-12T00:00:00.000","Not Critical","11","A","2026-02-12T00:00:00.000","Cycle Inspection / Initial Inspection"
"50071662","BIG AL'S CHICAGO STYLE PIZZA","Staten Island","Pizza","2026-02-12T00:00:00.000","Critical","9","A","2026-02-12T00:00:00.000","Cycle Inspection / Initial Inspection"
"41107447","DUNKIN' / BASKIN ROBBINS","Brooklyn","Donuts","2026-02-12T00:00:00.000","Not Critical","5","A","2026-02-12T00:00:00.000","Cycle Inspection / Re-inspection"
"50105992","DOSA DELIGHT","Queens","Indian","2026-02-12T00:00:00.000","Critical","13","A","2026-02-12T00:00:00.000","Cycle Inspection / Re-inspection"
"41572018","AIR BAR, NY DELI, TIM HORTONS","Queens","American","2026-02-12T00:00:00.000","Not Critical","13","A","2026-02-12T00:00:00.000","Cycle Inspection / Initial Inspection"
"50151717","MARTINIELLO'S","Queens","Pizza","2026-02-12T00:00:00.000","Critical","13","A","2026-02-12T00:00:00.000","Cycle Inspection / Initial Inspection"
"50081574","CHEN'S GARDEN","Brooklyn","Chinese","2026-02-12T00:00:00.000","Not Critical","2","A","2026-02-12T00:00:00.000","Cycle Inspection / Initial Inspection"
"50161389","PARIS BAGUETTE","Brooklyn","Bakery Products/Desserts","2026-02-12T00:00:00.000","Not Critical","11","A","2026-02-12T00:00:00.000","Cycle Inspection / Re-inspection"
"40736385","MCDONALD'S","Brooklyn","Hamburgers","2026-02-12T00:00:00.000","Not Critical","12","A","2026-02-12T00:00:00.000","Cycle Inspection / Initial Inspection"
"41654442","DUNKIN","Manhattan","Donuts","2026-02-12T00:00:00.000","Critical","8","A","2026-02-12T00:00:00.000","Cycle Inspection / Initial Inspection"
"50161389","PARIS BAGUETTE","Brooklyn","Bakery Products/Desserts","2026-02-12T00:00:00.000","Not Critical","11","A","2026-02-12T00:00:00.000","Cycle Inspection / Re-inspection"
"50145244","PANDA EXPRESS","Queens","Chinese","2026-02-12T00:00:00.000","Critical","13","A","2026-02-12T00:00:00.000","Cycle Inspection / Initial Inspection"
"50087446","LEO'S","Queens","Latin American","2026-02-12T00:00:00.000","Critical","12","A","2026-02-12T00:00:00.000","Cycle Inspection / Initial Inspection"
"50180238","BEANIE CAFE","Staten Island","American","2026-02-12T00:00:00.000","Critical","9","A","2026-02-12T00:00:00.000","Pre-permit (Operational) / Initial Inspection"
"50156067","WENDYS","Queens","Hamburgers","2026-02-12T00:00:00.000","Not Critical","5","A","2026-02-12T00:00:00.000","Cycle Inspection / Initial Inspection"
"40836801","CONNOLLY'S","Manhattan","Irish","2026-02-12T00:00:00.000","Critical","10","A","2026-02-12T00:00:00.000","Cycle Inspection / Initial Inspection"
"50052842","CUP OF BROOKLYN","Brooklyn","Coffee/Tea","2026-02-12T00:00:00.000","Critical","12","A","2026-02-12T00:00:00.000","Cycle Inspection / Initial Inspection"
"50180742","GOLDEN FOUNTAIN","Queens","Chinese","2026-02-12T00:00:00.000","Not Critical","12","A","2026-02-12T00:00:00.000","Pre-permit (Operational) / Initial Inspection"
"50169071","PAOLINA","Brooklyn","Fusion","2026-02-12T00:00:00.000","Critical","7","A","2026-02-12T00:00:00.000","Pre-permit (Operational) / Initial Inspection"
"50151717","MARTINIELLO'S","Queens","Pizza","2026-02-12T00:00:00.000","Not Critical","13","A","2026-02-12T00:00:00.000","Cycle Inspection / Initial Inspection"
"40389455","TOWNHOUSE OF NY","Manhattan","American","2026-02-12T00:00:00.000","Not Critical","10","A","2026-02-12T00:00:00.000","Cycle Inspection / Initial Inspection"
"50052842","CUP OF BROOKLYN","Brooklyn","Coffee/Tea","2026-02-12T00:00:00.000","Critical","12","A","2026-02-12T00:00:00.000","Cycle Inspection / Initial Inspection"
"50179052","FLATLANDS BUFFET","Brooklyn","Other","2026-02-12T00:00:00.000","Not Critical","12","A","2026-02-12T00:00:00.000","Pre-permit (Operational) / Initial Inspection"
"50087446","LEO'S","Queens","Latin American","2026-02-12T00:00:00.000","Not Critical","12","A","2026-02-12T00:00:00.000","Cycle Inspection / Initial Inspection"
"50001118","A SHEN ZHOU","Brooklyn","Chinese","2026-02-12T00:00:00.000","Critical","13","A","2026-02-12T00:00:00.000","Cycle Inspection / Initial Inspection"
"40950399","POLLOS A LA BRASA MARIO","Queens","Latin American","2026-02-12T00:00:00.000","Not Critical","12","A","2026-02-12T00:00:00.000","Cycle Inspection / Re-inspection"
"50085632","TAQUERIA SINALOENSE","Bronx","Mexican","2026-02-12T00:00:00.000","Not Critical","11","A","2026-02-12T00:00:00.000","Cycle Inspection / Initial Inspection"
"41107447","DUNKIN' / BASKIN ROBBINS","Brooklyn","Donuts","2026-02-12T00:00:00.000","Not Critical","5","A","2026-02-12T00:00:00.000","Cycle Inspection / Re-inspection"
"50158879","YAAAS TEA","Queens","Coffee/Tea","2026-02-12T00:00:00.000","Critical","12","A","2026-02-12T00:00:00.000","Cycle Inspection / Initial Inspection"
"50173250","FOLKLORE ARTISANAL TACOS","Manhattan","Mexican","2026-02-12T00:00:00.000","Not Critical","13","A","2026-02-12T00:00:00.000","Pre-permit (Operational) / Initial Inspection"
"50169071","PAOLINA","Brooklyn","Fusion","2026-02-12T00:00:00.000","Not Critical","7","A","2026-02-12T00:00:00.000","Pre-permit (Operational) / Initial Inspection"
"50166209","MACCA RESTAURANT","Bronx","Middle Eastern","2026-02-12T00:00:00.000","Critical","12","A","2026-02-12T00:00:00.000","Cycle Inspection / Initial Inspection"
"50009047","IZAKAYA NOMAD","Manhattan","Japanese","2026-02-12T00:00:00.000","Not Critical","10","A","2026-02-12T00:00:00.000","Cycle Inspection / Initial Inspection"
"50077890","GREEN KITCHEN","Manhattan","American","2026-02-12T00:00:00.000","Not Critical","7","A","2026-02-12T00:00:00.000","Cycle Inspection / Initial Inspection"
"50084972","JOE'S PIZZA","Brooklyn","Pizza","2026-02-12T00:00:00.000","Critical","9","A","2026-02-12T00:00:00.000","Cycle Inspection / Initial Inspection"
"50132845","PANERA BREAD","Manhattan","Sandwiches/Salads/Mixed Buffet","2026-02-12T00:00:00.000","Not Critical","7","A","2026-02-12T00:00:00.000","Cycle Inspection / Initial Inspection"
"50180073","DOMENICK`S PIZZA","Queens","Pizza","2026-02-12T00:00:00.000","Critical","12","A","2026-02-12T00:00:00.000","Pre-permit (Operational) / Initial Inspection"
"50132845","PANERA BREAD","Manhattan","Sandwiches/Salads/Mixed Buffet","2026-02-12T00:00:00.000","Not Critical","7","A","2026-02-12T00:00:00.000","Cycle Inspection / Initial Inspection"
"41629335","CHIPOTLE MEXICAN GRILL","Manhattan","Tex-Mex","2026-02-11T00:00:00.000","Critical","7","A","2026-02-11T00:00:00.000","Cycle Inspection / Initial Inspection"
"40965997","BONSIGNOUR","Manhattan","American","2026-02-11T00:00:00.000","Critical","13","A","2026-02-11T00:00:00.000","Cycle Inspection / Re-inspection"
"50072044","SUSHI ME","Queens","Japanese","2026-02-11T00:00:00.000","Not Critical","9","A","2026-02-11T00:00:00.000","Cycle Inspection / Initial Inspection"
"41597456","JOE'S SICILIAN BAKERY","Queens","Bakery Products/Desserts","2026-02-11T00:00:00.000","Not Critical","7","A","2026-02-11T00:00:00.000","Cycle Inspection / Initial Inspection"
"50108034","MAMAN","Manhattan","New French","2026-02-11T00:00:00.000","Not Critical","7","A","2026-02-11T00:00:00.000","Cycle Inspection / Initial Inspection"
"40373909","MCDONALD'S","Brooklyn","Hamburgers","2026-02-11T00:00:00.000","Not Critical","9","A","2026-02-11T00:00:00.000","Cycle Inspection / Initial Inspection"
"50076475","NEEROB RESTAURANT","Bronx","Bangladeshi","2026-02-11T00:00:00.000","Critical","13","A","2026-02-11T00:00:00.000","Cycle Inspection / Initial Inspection"
"50106597","CHIPOTLE MEXICAN GRILL #3622","Queens","Tex-Mex","2026-02-11T00:00:00.000","Not Critical","9","A","2026-02-11T00:00:00.000","Cycle Inspection / Initial Inspection"
"40575863","FAMOUS JOE'S PIZZA","Manhattan","Pizza","2026-02-11T00:00:00.000","Not Critical","11","A","2026-02-11T00:00:00.000","Cycle Inspection / Initial Inspection"
"50137099","SHINPI OMAKASE","Manhattan","Japanese","2026-02-11T00:00:00.000","Not Critical","7","A","2026-02-11T00:00:00.000","Cycle Inspection / Initial Inspection"
"50134353","GRAYSON HOTEL / HARTA / BAR CIMA","Manhattan","American","2026-02-11T00:00:00.000","Critical","5","A","2026-02-11T00:00:00.000","Cycle Inspection / Re-inspection"
"50179587","CHAPINES BAKERY","Queens","Bakery Products/Desserts","2026-02-11T00:00:00.000","Not Critical","10","A","2026-02-11T00:00:00.000","Pre-permit (Operational) / Re-inspection"
"50134872","TERIYAKI & SUSHI","Brooklyn","Asian/Asian Fusion","2026-02-11T00:00:00.000","Not Critical","5","A","2026-02-11T00:00:00.000","Cycle Inspection / Initial Inspection"
"50000348","GINO'S PIZZA EXPRESS","Queens","Pizza","2026-02-11T00:00:00.000","Not Critical","9","A","2026-02-11T00:00:00.000","Cycle Inspection / Initial Inspection"
"50115830","BZ GRILL","Queens","Greek","2026-02-11T00:00:00.000","Not Critical","9","A","2026-02-11T00:00:00.000","Cycle Inspection / Initial Inspection"
"50156112","MOSHE'S FALAFEL","Manhattan","Jewish/Kosher","2026-02-11T00:00:00.000","Not Critical","12","A","2026-02-11T00:00:00.000","Cycle Inspection / Initial Inspection"
"50180585","Kennedy Fried Chicken","Bronx","Chicken","2026-02-11T00:00:00.000","Critical","10","A","2026-02-11T00:00:00.000","Pre-permit (Operational) / Initial Inspection"
"50118318","NORBROOK CAKES & CATERING","Brooklyn","Bakery Products/Desserts","2026-02-11T00:00:00.000","Not Critical","11","A","2026-02-11T00:00:00.000","Cycle Inspection / Initial Inspection"
"50088519","TO STEKI","Queens","Greek","2026-02-11T00:00:00.000","Critical","9","A","2026-02-11T00:00:00.000","Cycle Inspection / Initial Inspection"
"41707407","GLENDALE DINER","Queens","Mediterranean","2026-02-11T00:00:00.000","Not Critical","9","A","2026-02-11T00:00:00.000","Cycle Inspection / Initial Inspection"
"50179544","FITNESS FACTORY","Manhattan","Other","2026-02-11T00:00:00.000","Not Critical","13","A","2026-02-11T00:00:00.000","Pre-permit (Operational) / Initial Inspection"
"50106597","CHIPOTLE MEXICAN GRILL #3622","Queens","Tex-Mex","2026-02-11T00:00:00.000","Critical","9","A","2026-02-11T00:00:00.000","Cycle Inspection / Initial Inspection"
"50179544","FITNESS FACTORY","Manhattan","Other","2026-02-11T00:00:00.000","Critical","13","A","2026-02-11T00:00:00.000","Pre-permit (Operational) / Initial Inspection"
"50076475","NEEROB RESTAURANT","Bronx","Bangladeshi","2026-02-11T00:00:00.000","Critical","13","A","2026-02-11T00:00:00.000","Cycle Inspection / Initial Inspection"
"50008512","BAKERI","Brooklyn","Bakery Products/Desserts","2026-02-11T00:00:00.000","Critical","13","A","2026-02-11T00:00:00.000","Cycle Inspection / Initial Inspection"
"41359238","GT PARADISE CARIBBEAN CUISINE","Brooklyn","Caribbean","2026-02-11T00:00:00.000","Not Critical","12","A","2026-02-11T00:00:00.000","Cycle Inspection / Re-inspection"
"50157122","YOLANDA'S DOMINICAN FOOD","Queens","Latin American","2026-02-11T00:00:00.000","Not Critical","10","A","2026-02-11T00:00:00.000","Cycle Inspection / Initial Inspection"
"50072044","SUSHI ME","Queens","Japanese","2026-02-11T00:00:00.000","Critical","9","A","2026-02-11T00:00:00.000","Cycle Inspection / Initial Inspection"
"50086473","PHO RAINBOW III","Staten Island","Asian/Asian Fusion","2026-02-11T00:00:00.000","Not Critical","11","A","2026-02-11T00:00:00.000","Cycle Inspection / Initial Inspection"
"50083579","SHAKE SHACK (INNOVATION KITCHEN)","Manhattan","American","2026-02-11T00:00:00.000","Critical","11","A","2026-02-11T00:00:00.000","Cycle Inspection / Initial Inspection"
"50126393","TACO VELOZ","Queens","Mexican","2026-02-11T00:00:00.000","Critical","11","A","2026-02-11T00:00:00.000","Cycle Inspection / Initial Inspection"
"41707407","GLENDALE DINER","Queens","Mediterranean","2026-02-11T00:00:00.000","Not Critical","9","A","2026-02-11T00:00:00.000","Cycle Inspection / Initial Inspection"
"50126393","TACO VELOZ","Queens","Mexican","2026-02-11T00:00:00.000","Not Critical","11","A","2026-02-11T00:00:00.000","Cycle Inspection / Initial Inspection"
"41098607","GEORGE'S","Manhattan","American","2026-02-11T00:00:00.000","Critical","12","A","2026-02-11T00:00:00.000","Cycle Inspection / Re-inspection"
"50040515","PITANGA","Brooklyn","Brazilian","2026-02-11T00:00:00.000","Critical","13","A","2026-02-11T00:00:00.000","Cycle Inspection / Initial Inspection"
"50118318","NORBROOK CAKES & CATERING","Brooklyn","Bakery Products/Desserts","2026-02-11T00:00:00.000","Critical","11","A","2026-02-11T00:00:00.000","Cycle Inspection / Initial Inspection"
"50148263","SAHOLA COFFEE SHOP","Manhattan","Coffee/Tea","2026-02-11T00:00:00.000","Not Critical","3","A","2026-02-11T00:00:00.000","Cycle Inspection / Re-inspection"
"50086473","PHO RAINBOW III","Staten Island","Asian/Asian Fusion","2026-02-11T00:00:00.000","Not Critical","11","A","2026-02-11T00:00:00.000","Cycle Inspection / Initial Inspection"
"50109069","NATIONAL BURGER HOUSE","Bronx","American","2026-02-11T00:00:00.000","Not Critical","12","A","2026-02-11T00:00:00.000","Cycle Inspection / Initial Inspection"
"40575863","FAMOUS JOE'S PIZZA","Manhattan","Pizza","2026-02-11T00:00:00.000","Not Critical","11","A","2026-02-11T00:00:00.000","Cycle Inspection / Initial Inspection"
"41265619","GUY R CAFE SNACK CORNER","Queens","Caribbean","2026-02-11T00:00:00.000","Critical","10","A","2026-02-11T00:00:00.000","Cycle Inspection / Initial Inspection"
"50120476","CARMINES RESTAURANT","Queens","American","2026-02-11T00:00:00.000","Critical","12","A","2026-02-11T00:00:00.000","Cycle Inspection / Initial Inspection"
"50008512","BAKERI","Brooklyn","Bakery Products/Desserts","2026-02-11T00:00:00.000","Critical","13","A","2026-02-11T00:00:00.000","Cycle Inspection / Initial Inspection"
"41672122","STARBUCKS COFFEE","Manhattan","Coffee/Tea","2026-02-11T00:00:00.000","Not Critical","5","A","2026-02-11T00:00:00.000","Cycle Inspection / Initial Inspection"
"50115830","BZ GRILL","Queens","Greek","2026-02-11T00:00:00.000","Not Critical","9","A","2026-02-11T00:00:00.000","Cycle Inspection / Initial Inspection"
"50061440","ARCADIA","Queens","American","2026-02-11T00:00:00.000","Not Critical","13","A","2026-02-11T00:00:00.000","Cycle Inspection / Initial Inspection"
"50109077","PIZZA HUT","Bronx","Pizza","2026-02-11T00:00:00.000","Not Critical","7","A","2026-02-11T00:00:00.000","Cycle Inspection / Initial Inspection"
"50137099","SHINPI OMAKASE","Manhattan","Japanese","2026-02-11T00:00:00.000","Critical","7","A","2026-02-11T00:00:00.000","Cycle Inspection / Initial Inspection"
"50011097","OSCAR'S PLACE","Manhattan","English","2026-02-11T00:00:00.000","Not Critical","4","A","2026-02-11T00:00:00.000","Cycle Inspection / Initial Inspection"
"41711425","LINCOLN STATION","Brooklyn","American","2026-02-11T00:00:00.000","Not Critical","12","A","2026-02-11T00:00:00.000","Cycle Inspection / Initial Inspection"
"50157122","YOLANDA'S DOMINICAN FOOD","Queens","Latin American","2026-02-11T00:00:00.000","Critical","10","A","2026-02-11T00:00:00.000","Cycle Inspection / Initial Inspection"
"50134872","TERIYAKI & SUSHI","Brooklyn","Asian/Asian Fusion","2026-02-11T00:00:00.000","Not Critical","5","A","2026-02-11T00:00:00.000","Cycle Inspection / Initial Inspection"
"41359238","GT PARADISE CARIBBEAN CUISINE","Brooklyn","Caribbean","2026-02-11T00:00:00.000","Critical","12","A","2026-02-11T00:00:00.000","Cycle Inspection / Re-inspection"
"40373909","MCDONALD'S","Brooklyn","Hamburgers","2026-02-11T00:00:00.000","Critical","9","A","2026-02-11T00:00:00.000","Cycle Inspection / Initial Inspection"
"50040515","PITANGA","Brooklyn","Brazilian","2026-02-11T00:00:00.000","Critical","13","A","2026-02-11T00:00:00.000","Cycle Inspection / Initial Inspection"
"50157122","YOLANDA'S DOMINICAN FOOD","Queens","Latin American","2026-02-11T00:00:00.000","Not Critical","10","A","2026-02-11T00:00:00.000","Cycle Inspection / Initial Inspection"
"40965997","BONSIGNOUR","Manhattan","American","2026-02-11T00:00:00.000","Not Critical","13","A","2026-02-11T00:00:00.000","Cycle Inspection / Re-inspection"
"50142400","CROWN BAGELS & PIZZA","Brooklyn","American","2026-02-11T00:00:00.000","Not Critical","9","A","2026-02-11T00:00:00.000","Cycle Inspection / Initial Inspection"
"50086473","PHO RAINBOW III","Staten Island","Asian/Asian Fusion","2026-02-11T00:00:00.000","Critical","11","A","2026-02-11T00:00:00.000","Cycle Inspection / Initial Inspection"
"50003498","BLACK FOREST BROOKLYN","Brooklyn","German","2026-02-11T00:00:00.000","Critical","12","A","2026-02-11T00:00:00.000","Cycle Inspection / Initial Inspection"
"50156112","MOSHE'S FALAFEL","Manhattan","Jewish/Kosher","2026-02-11T00:00:00.000","Critical","12","A","2026-02-11T00:00:00.000","Cycle Inspection / Initial Inspection"
"50109069","NATIONAL BURGER HOUSE","Bronx","American","2026-02-11T00:00:00.000","Not Critical","12","A","2026-02-11T00:00:00.000","Cycle Inspection / Initial Inspection"
"50014114","OLIVE GARDEN","Bronx","Italian","2026-02-11T00:00:00.000","Not Critical","7","A","2026-02-11T00:00:00.000","Cycle Inspection / Initial Inspection"
"50054307","FORDHAM U- RAM CAFE AT LOWENSTEIN HALL","Manhattan","American","2026-02-11T00:00:00.000","Critical","13","A","2026-02-11T00:00:00.000","Cycle Inspection / Initial Inspection"
"41614624","ISLAND COFFEE SHOP","Staten Island","American","2026-02-11T00:00:00.000","Critical","12","A","2026-02-11T00:00:00.000","Cycle Inspection / Initial Inspection"
"50092817","ALWAHA RESTAURANT","Bronx","Middle Eastern","2026-02-11T00:00:00.000","Not Critical","12","A","2026-02-11T00:00:00.000","Cycle Inspection / Initial Inspection"
"41672122","STARBUCKS COFFEE","Manhattan","Coffee/Tea","2026-02-11T00:00:00.000","Not Critical","5","A","2026-02-11T00:00:00.000","Cycle Inspection / Initial Inspection"
"50142400","CROWN BAGELS & PIZZA","Brooklyn","American","2026-02-11T00:00:00.000","Critical","9","A","2026-02-11T00:00:00.000","Cycle Inspection / Initial Inspection"
"50003498","BLACK FOREST BROOKLYN","Brooklyn","German","2026-02-11T00:00:00.000","Critical","12","A","2026-02-11T00:00:00.000","Cycle Inspection / Initial Inspection"
"50055497","GARDEN CITY CHINESE RESTAURANT","Queens","Chinese","2026-02-11T00:00:00.000","Critical","13","A","2026-02-11T00:00:00.000","Cycle Inspection / Initial Inspection"
"50126499","GEORGE BANG BANG","Manhattan","Korean","2026-02-11T00:00:00.000","Not Critical","10","A","2026-02-11T00:00:00.000","Cycle Inspection / Initial Inspection"
"50086473","PHO RAINBOW III","Staten Island","Asian/Asian Fusion","2026-02-11T00:00:00.000","Not Critical","11","A","2026-02-11T00:00:00.000","Cycle Inspection / Initial Inspection"
"50120476","CARMINES RESTAURANT","Queens","American","2026-02-11T00:00:00.000","Not Critical","12","A","2026-02-11T00:00:00.000","Cycle Inspection / Initial Inspection"
"41594504","BLUEPRINT","Brooklyn","Tapas","2026-02-11T00:00:00.000","Not Critical","9","A","2026-02-11T00:00:00.000","Cycle Inspection / Initial Inspection"
"50000348","GINO'S PIZZA EXPRESS","Queens","Pizza","2026-02-11T00:00:00.000","Critical","9","A","2026-02-11T00:00:00.000","Cycle Inspection / Initial Inspection"
"40372971","RACQUET & TENNIS CLUB","Manhattan","American","2026-02-11T00:00:00.000","Critical","10","A","2026-02-11T00:00:00.000","Cycle Inspection / Initial Inspection"
"50134488","MOONO","Manhattan","Korean","2026-02-11T00:00:00.000","Not Critical","5","A","2026-02-11T00:00:00.000","Cycle Inspection / Initial Inspection"
"50138233","TRUTH","Queens","Asian/Asian Fusion","2026-02-11T00:00:00.000","Critical","13","A","2026-02-11T00:00:00.000","Cycle Inspection / Initial Inspection"
"50061440","ARCADIA","Queens","American","2026-02-11T00:00:00.000","Critical","13","A","2026-02-11T00:00:00.000","Cycle Inspection / Initial Inspection"
"50115830","BZ GRILL","Queens","Greek","2026-02-11T00:00:00.000","Critical","9","A","2026-02-11T00:00:00.000","Cycle Inspection / Initial Inspection"
"41707407","GLENDALE DINER","Queens","Mediterranean","2026-02-11T00:00:00.000","Critical","9","A","2026-02-11T00:00:00.000","Cycle Inspection / Initial Inspection"
"50177442","NYC BREAKFAST CAFFE","Staten Island","Coffee/Tea","2026-02-11T00:00:00.000","Not Critical","13","A","2026-02-11T00:00:00.000","Cycle Inspection / Initial Inspection"
"50107278","SPICE FIFTY TWO","Brooklyn","Jewish/Kosher","2026-02-11T00:00:00.000","Critical","10","A","2026-02-11T00:00:00.000","Cycle Inspection / Initial Inspection"
"40575863","FAMOUS JOE'S PIZZA","Manhattan","Pizza","2026-02-11T00:00:00.000","Not Critical","11","A","2026-02-11T00:00:00.000","Cycle Inspection / Initial Inspection"
"50120476","CARMINES RESTAURANT","Queens","American","2026-02-11T00:00:00.000","Not Critical","12","A","2026-02-11T00:00:00.000","Cycle Inspection / Initial Inspection"
"50055497","GARDEN CITY CHINESE RESTAURANT","Queens","Chinese","2026-02-11T00:00:00.000","Critical","13","A","2026-02-11T00:00:00.000","Cycle Inspection / Initial Inspection"
"50005564","WOGIES BAR & GRILL","Manhattan","American","2026-02-11T00:00:00.000","Critical","5","A","2026-02-11T00:00:00.000","Cycle Inspection / Initial Inspection"
"50179587","CHAPINES BAKERY","Queens","Bakery Products/Desserts","2026-02-11T00:00:00.000","Critical","10","A","2026-02-11T00:00:00.000","Pre-permit (Operational) / Re-inspection"
"50061440","ARCADIA","Queens","American","2026-02-11T00:00:00.000","Not Critical","13","A","2026-02-11T00:00:00.000","Cycle Inspection / Initial Inspection"
"50138233","TRUTH","Queens","Asian/Asian Fusion","2026-02-11T00:00:00.000","Not Critical","13","A","2026-02-11T00:00:00.000","Cycle Inspection / Initial Inspection"
"50014114","OLIVE GARDEN","Bronx","Italian","2026-02-11T00:00:00.000","Not Critical","7","A","2026-02-11T00:00:00.000","Cycle Inspection / Initial Inspection"
"50120961","DOMINOS","Staten Island","Pizza","2026-02-11T00:00:00.000","Not Critical","13","A","2026-02-11T00:00:00.000","Cycle Inspection / Initial Inspection"
"41685823","ATOMIC WINGS","Manhattan","Chicken","2026-02-11T00:00:00.000","Critical","5","A","2026-02-11T00:00:00.000","Cycle Inspection / Initial Inspection"
"50159397","PENNY HOUSE CAFE","Brooklyn","American","2026-02-11T00:00:00.000","Not Critical","5","A","2026-02-11T00:00:00.000","Cycle Inspection / Initial Inspection"
"50120453","NUBIANI","Brooklyn","Korean","2026-02-11T00:00:00.000","Critical","13","A","2026-02-11T00:00:00.000","Cycle Inspection / Initial Inspection"
"50179544","FITNESS FACTORY","Manhattan","Other","2026-02-11T00:00:00.000","Critical","13","A","2026-02-11T00:00:00.000","Pre-permit (Operational) / Initial Inspection"
"50053718","DUNKIN","Manhattan","Donuts","2026-02-11T00:00:00.000","Not Critical","2","A","2026-02-11T00:00:00.000","Cycle Inspection / Initial Inspection"
"41681106","CRISTINA DELI","Queens","Sandwiches","2026-02-11T00:00:00.000","Critical","10","A","2026-02-11T00:00:00.000","Cycle Inspection / Initial Inspection"
"50000348","GINO'S PIZZA EXPRESS","Queens","Pizza","2026-02-11T00:00:00.000","Not Critical","9","A","2026-02-11T00:00:00.000","Cycle Inspection / Initial Inspection"
"41597456","JOE'S SICILIAN BAKERY","Queens","Bakery Products/Desserts","2026-02-11T00:00:00.000","Critical","7","A","2026-02-11T00:00:00.000","Cycle Inspection / Initial Inspection"
"50092817","ALWAHA RESTAURANT","Bronx","Middle Eastern","2026-02-11T00:00:00.000","Critical","12","A","2026-02-11T00:00:00.000","Cycle Inspection / Initial Inspection"
"50177442","NYC BREAKFAST CAFFE","Staten Island","Coffee/Tea","2026-02-11T00:00:00.000","Critical","13","A","2026-02-11T00:00:00.000","Cycle Inspection / Initial Inspection"
"50011097","OSCAR'S PLACE","Manhattan","English","2026-02-11T00:00:00.000","Not Critical","4","A","2026-02-11T00:00:00.000","Cycle Inspection / Initial Inspection"
"41098607","GEORGE'S","Manhattan","American","2026-02-11T00:00:00.000","Critical","12","A","2026-02-11T00:00:00.000","Cycle Inspection / Re-inspection"
"41146015","STARBUCKS","Manhattan","Coffee/Tea","2026-02-11T00:00:00.000","Not Critical","5","A","2026-02-11T00:00:00.000","Cycle Inspection / Initial Inspection"
"50088519","TO STEKI","Queens","Greek","2026-02-11T00:00:00.000","Not Critical","9","A","2026-02-11T00:00:00.000","Cycle Inspection / Initial Inspection"
"50092817","ALWAHA RESTAURANT","Bronx","Middle Eastern","2026-02-11T00:00:00.000","Not Critical","12","A","2026-02-11T00:00:00.000","Cycle Inspection / Initial Inspection"
"41239807","DUBOIS PASTRY","Queens","Bakery Products/Desserts","2026-02-11T00:00:00.000","Not Critical","12","A","2026-02-11T00:00:00.000","Cycle Inspection / Initial Inspection"
"41681106","CRISTINA DELI","Queens","Sandwiches","2026-02-11T00:00:00.000","Not Critical","10","A","2026-02-11T00:00:00.000","Cycle Inspection / Initial Inspection"
"50083579","SHAKE SHACK (INNOVATION KITCHEN)","Manhattan","American","2026-02-11T00:00:00.000","Not Critical","11","A","2026-02-11T00:00:00.000","Cycle Inspection / Initial Inspection"
"50109069","NATIONAL BURGER HOUSE","Bronx","American","2026-02-11T00:00:00.000","Critical","12","A","2026-02-11T00:00:00.000","Cycle Inspection / Initial Inspection"
"50087886","CARVEL / CINNABON","Brooklyn","Frozen Desserts","2026-02-11T00:00:00.000","Not Critical","2","A","2026-02-11T00:00:00.000","Cycle Inspection / Initial Inspection"
"41265619","GUY R CAFE SNACK CORNER","Queens","Caribbean","2026-02-11T00:00:00.000","Not Critical","10","A","2026-02-11T00:00:00.000","Cycle Inspection / Initial Inspection"
"41146015","STARBUCKS","Manhattan","Coffee/Tea","2026-02-11T00:00:00.000","Not Critical","5","A","2026-02-11T00:00:00.000","Cycle Inspection / Initial Inspection"
"41711425","LINCOLN STATION","Brooklyn","American","2026-02-11T00:00:00.000","Not Critical","12","A","2026-02-11T00:00:00.000","Cycle Inspection / Initial Inspection"
"50126499","GEORGE BANG BANG","Manhattan","Korean","2026-02-11T00:00:00.000","Critical","10","A","2026-02-11T00:00:00.000","Cycle Inspection / Initial Inspection"
"50072770","XOCHITL TAQUERIA","Brooklyn","Mexican","2026-02-11T00:00:00.000","Critical","7","A","2026-02-11T00:00:00.000","Cycle Inspection / Initial Inspection"
"41629335","CHIPOTLE MEXICAN GRILL","Manhattan","Tex-Mex","2026-02-11T00:00:00.000","Not Critical","7","A","2026-02-11T00:00:00.000","Cycle Inspection / Initial Inspection"
"50076475","NEEROB RESTAURANT","Bronx","Bangladeshi","2026-02-11T00:00:00.000","Not Critical","13","A","2026-02-11T00:00:00.000","Cycle Inspection / Initial Inspection"
"50120453","NUBIANI","Brooklyn","Korean","2026-02-11T00:00:00.000","Critical","13","A","2026-02-11T00:00:00.000","Cycle Inspection / Initial Inspection"
"41359238","GT PARADISE CARIBBEAN CUISINE","Brooklyn","Caribbean","2026-02-11T00:00:00.000","Critical","12","A","2026-02-11T00:00:00.000","Cycle Inspection / Re-inspection"
"50120961","DOMINOS","Staten Island","Pizza","2026-02-11T00:00:00.000","Critical","13","A","2026-02-11T00:00:00.000","Cycle Inspection / Initial Inspection"
"50054307","FORDHAM U- RAM CAFE AT LOWENSTEIN HALL","Manhattan","American","2026-02-11T00:00:00.000","Critical","13","A","2026-02-11T00:00:00.000","Cycle Inspection / Initial Inspection"
"50002915","TED'S CORNER TAVERN","Manhattan","Greek","2026-02-11T00:00:00.000","Not Critical","2","A","2026-02-11T00:00:00.000","Cycle Inspection / Initial Inspection"
"40372971","RACQUET & TENNIS CLUB","Manhattan","American","2026-02-11T00:00:00.000","Not Critical","10","A","2026-02-11T00:00:00.000","Cycle Inspection / Initial Inspection"
"50107278","SPICE FIFTY TWO","Brooklyn","Jewish/Kosher","2026-02-11T00:00:00.000","Not Critical","10","A","2026-02-11T00:00:00.000","Cycle Inspection / Initial Inspection"
"50108034","MAMAN","Manhattan","New French","2026-02-11T00:00:00.000","Not Critical","7","A","2026-02-11T00:00:00.000","Cycle Inspection / Initial Inspection"
"41239807","DUBOIS PASTRY","Queens","Bakery Products/Desserts","2026-02-11T00:00:00.000","Critical","12","A","2026-02-11T00:00:00.000","Cycle Inspection / Initial Inspection"
"50109077","PIZZA HUT","Bronx","Pizza","2026-02-11T00:00:00.000","Not Critical","7","A","2026-02-11T00:00:00.000","Cycle Inspection / Initial Inspection"
"50014114","OLIVE GARDEN","Bronx","Italian","2026-02-11T00:00:00.000","Not Critical","7","A","2026-02-11T00:00:00.000","Cycle Inspection / Initial Inspection"
"41711425","LINCOLN STATION","Brooklyn","American","2026-02-11T00:00:00.000","Critical","12","A","2026-02-11T00:00:00.000","Cycle Inspection / Initial Inspection"
"50126393","TACO VELOZ","Queens","Mexican","2026-02-11T00:00:00.000","Not Critical","11","A","2026-02-11T00:00:00.000","Cycle Inspection / Initial Inspection"
"41614624","ISLAND COFFEE SHOP","Staten Island","American","2026-02-11T00:00:00.000","Critical","12","A","2026-02-11T00:00:00.000","Cycle Inspection / Initial Inspection"
"41594504","BLUEPRINT","Brooklyn","Tapas","2026-02-11T00:00:00.000","Critical","9","A","2026-02-11T00:00:00.000","Cycle Inspection / Initial Inspection"
"50088651","GLENDALE BAGELS","Queens","American","2026-02-10T00:00:00.000","Not Critical","13","A","2026-02-10T00:00:00.000","Cycle Inspection / Re-inspection"
"50119988","IL MONELLO","Manhattan","Italian","2026-02-10T00:00:00.000","Critical","13","A","2026-02-10T00:00:00.000","Cycle Inspection / Initial Inspection"
"50166719","LE CAFE COFFEE","Manhattan","Coffee/Tea","2026-02-10T00:00:00.000","Not Critical","3","A","2026-02-10T00:00:00.000","Pre-permit (Operational) / Initial Inspection"
"41665851","FRATELLI RESTAURANT","Bronx","Italian","2026-02-10T00:00:00.000","Critical","10","A","2026-02-10T00:00:00.000","Cycle Inspection / Initial Inspection"
"50060415","JOE & THE JUICE","Manhattan","Coffee/Tea","2026-02-10T00:00:00.000","Critical","11","A","2026-02-10T00:00:00.000","Cycle Inspection / Initial Inspection"
"50093228","BARNARD COLLEGE - DIANA'S CENTER CAFE","Manhattan","American","2026-02-10T00:00:00.000","Not Critical","13","A","2026-02-10T00:00:00.000","Cycle Inspection / Initial Inspection"
"50091430","LUCKY 88 STORE INC.","Queens","Coffee/Tea","2026-02-10T00:00:00.000","Not Critical","10","A","2026-02-10T00:00:00.000","Cycle Inspection / Initial Inspection"
"40736836","SILVER STAR","Manhattan","American","2026-02-10T00:00:00.000","Critical","13","A","2026-02-10T00:00:00.000","Cycle Inspection / Initial Inspection"
"41550291","TERRACE INN","Queens","American","2026-02-10T00:00:00.000","Not Critical","12","A","2026-02-10T00:00:00.000","Cycle Inspection / Initial Inspection"
"50134364","HONG KONG II","Queens","Chinese","2026-02-10T00:00:00.000","Critical","12","A","2026-02-10T00:00:00.000","Cycle Inspection / Initial Inspection"
"50017342","WHITESTONE DINER","Queens","American","2026-02-10T00:00:00.000","Not Critical","12","A","2026-02-10T00:00:00.000","Cycle Inspection / Initial Inspection"
"50009159","BLACK SEED BAGELS","Manhattan","Bagels/Pretzels","2026-02-10T00:00:00.000","Critical","7","A","2026-02-10T00:00:00.000","Cycle Inspection / Initial Inspection"
"50017342","WHITESTONE DINER","Queens","American","2026-02-10T00:00:00.000","Not Critical","12","A","2026-02-10T00:00:00.000","Cycle Inspection / Initial Inspection"
"50091430","LUCKY 88 STORE INC.","Queens","Coffee/Tea","2026-02-10T00:00:00.000","Not Critical","10","A","2026-02-10T00:00:00.000","Cycle Inspection / Initial Inspection"
"50014408","MCDONALD'S","Brooklyn","Hamburgers","2026-02-10T00:00:00.000","Critical","13","A","2026-02-10T00:00:00.000","Cycle Inspection / Initial Inspection"
"50163566","TACO BELL","Queens","Tex-Mex","2026-02-10T00:00:00.000","Critical","9","A","2026-02-10T00:00:00.000","Cycle Inspection / Initial Inspection"
"50061236","SWEET MOMENT","Manhattan","Coffee/Tea","2026-02-10T00:00:00.000","Critical","13","A","2026-02-10T00:00:00.000","Cycle Inspection / Initial Inspection"
"50129856","5 ACRES","Manhattan","American","2026-02-10T00:00:00.000","Not Critical","12","A","2026-02-10T00:00:00.000","Cycle Inspection / Re-inspection"
"50152540","ETC","Manhattan","American","2026-02-10T00:00:00.000","Critical","9","A","2026-02-10T00:00:00.000","Cycle Inspection / Initial Inspection"
"50148572","COLD STONE CREAMERY","Queens","Frozen Desserts","2026-02-10T00:00:00.000","Not Critical","5","A","2026-02-10T00:00:00.000","Cycle Inspection / Initial Inspection"
"50129856","5 ACRES","Manhattan","American","2026-02-10T00:00:00.000","Critical","12","A","2026-02-10T00:00:00.000","Cycle Inspection / Re-inspection"
"50014408","MCDONALD'S","Brooklyn","Hamburgers","2026-02-10T00:00:00.000","Not Critical","13","A","2026-02-10T00:00:00.000","Cycle Inspection / Initial Inspection"
"50115349","RESTAURANTE Y ANTOJITOS GUATELINDA","Queens","Spanish","2026-02-10T00:00:00.000","Not Critical","12","A","2026-02-10T00:00:00.000","Cycle Inspection / Re-inspection"
"50118060","TEXAS CHICKEN & BURGERS","Brooklyn","Chicken","2026-02-10T00:00:00.000","Critical","11","A","2026-02-10T00:00:00.000","Cycle Inspection / Initial Inspection"
"50109898","MELANIE'S ROTI & GRILL RESTAURANT","Bronx","Asian/Asian Fusion","2026-02-10T00:00:00.000","Not Critical","9","A","2026-02-10T00:00:00.000","Cycle Inspection / Initial Inspection"
"50157889","CHASHNI BUBBLE TEA","Brooklyn","Coffee/Tea","2026-02-10T00:00:00.000","Critical","9","A","2026-02-10T00:00:00.000","Cycle Inspection / Initial Inspection"
"50172397","THE YARD'S PUB","Manhattan","American","2026-02-10T00:00:00.000","Not Critical","12","A","2026-02-10T00:00:00.000","Pre-permit (Operational) / Initial Inspection"
"41198352","TAQUERIA EL GALLO AZTECA","Staten Island","Mexican","2026-02-10T00:00:00.000","Not Critical","12","A","2026-02-10T00:00:00.000","Cycle Inspection / Initial Inspection"
"50176072","SALSWEE","Manhattan","Bakery Products/Desserts","2026-02-10T00:00:00.000","Critical","13","A","2026-02-10T00:00:00.000","Pre-permit (Operational) / Initial Inspection"
"50101440","PEEKABOOO","Queens","American","2026-02-10T00:00:00.000","Critical","7","A","2026-02-10T00:00:00.000","Cycle Inspection / Initial Inspection"
"50151695","LUCKY STAR","Bronx","Chinese","2026-02-10T00:00:00.000","Not Critical","12","A","2026-02-10T00:00:00.000","Cycle Inspection / Initial Inspection"
"41554812","MI PEQUENA CHOLULA DELI RESTAURANTE","Brooklyn","Mexican","2026-02-10T00:00:00.000","Critical","10","A","2026-02-10T00:00:00.000","Cycle Inspection / Initial Inspection"
"50118060","TEXAS CHICKEN & BURGERS","Brooklyn","Chicken","2026-02-10T00:00:00.000","Not Critical","11","A","2026-02-10T00:00:00.000","Cycle Inspection / Initial Inspection"
"41550291","TERRACE INN","Queens","American","2026-02-10T00:00:00.000","Critical","12","A","2026-02-10T00:00:00.000","Cycle Inspection / Initial Inspection"
"40512617","ZARO'S BREAD BASKET","Manhattan","Bakery Products/Desserts","2026-02-10T00:00:00.000","Not Critical","11","A","2026-02-10T00:00:00.000","Cycle Inspection / Initial Inspection"
"50017342","WHITESTONE DINER","Queens","American","2026-02-10T00:00:00.000","Critical","12","A","2026-02-10T00:00:00.000","Cycle Inspection / Initial Inspection"
"50124939","GANDA SUSHI","Queens","Korean","2026-02-10T00:00:00.000","Critical","10","A","2026-02-10T00:00:00.000","Cycle Inspection / Initial Inspection"
"50130982","TEXAS CHICKEN & BURGERS","Brooklyn","Chicken","2026-02-10T00:00:00.000","Not Critical","12","A","2026-02-10T00:00:00.000","Cycle Inspection / Initial Inspection"
"50157889","CHASHNI BUBBLE TEA","Brooklyn","Coffee/Tea","2026-02-10T00:00:00.000","Not Critical","9","A","2026-02-10T00:00:00.000","Cycle Inspection / Initial Inspection"
"50151695","LUCKY STAR","Bronx","Chinese","2026-02-10T00:00:00.000","Critical","12","A","2026-02-10T00:00:00.000","Cycle Inspection / Initial Inspection"
"50077272","GOOD THANKS CAFE","Manhattan","Australian","2026-02-10T00:00:00.000","Critical","13","A","2026-02-10T00:00:00.000","Cycle Inspection / Re-inspection"
"50145992","BARINO'S MARKET CATERING","Bronx","Italian","2026-02-10T00:00:00.000","Critical","10","A","2026-02-10T00:00:00.000","Cycle Inspection / Initial Inspection"
"50064045","TOMINO - TABERNA GALLEGA","Manhattan","Spanish","2026-02-10T00:00:00.000","Not Critical","8","A","2026-02-10T00:00:00.000","Cycle Inspection / Initial Inspection"
"50124939","GANDA SUSHI","Queens","Korean","2026-02-10T00:00:00.000","Critical","10","A","2026-02-10T00:00:00.000","Cycle Inspection / Initial Inspection"
"50149714","BLUE BOTTLE COFFEE","Manhattan","Coffee/Tea","2026-02-10T00:00:00.000","Not Critical","12","A","2026-02-10T00:00:00.000","Cycle Inspection / Initial Inspection"
"50129089","AURA","Manhattan","Mediterranean","2026-02-10T00:00:00.000","Not Critical","12","A","2026-02-10T00:00:00.000","Cycle Inspection / Initial Inspection"
"41694705","FRUITTI YUMMI","Queens","Frozen Desserts","2026-02-10T00:00:00.000","Not Critical","5","A","2026-02-10T00:00:00.000","Cycle Inspection / Initial Inspection"
"50056565","JOY GARDEN RESTAURANT","Bronx","Chinese","2026-02-10T00:00:00.000","Not Critical","12","A","2026-02-10T00:00:00.000","Cycle Inspection / Initial Inspection"
"50133389","HAAGEN-DAZS","Manhattan","Frozen Desserts","2026-02-10T00:00:00.000","Not Critical","9","A","2026-02-10T00:00:00.000","Cycle Inspection / Initial Inspection"
"50064045","TOMINO - TABERNA GALLEGA","Manhattan","Spanish","2026-02-10T00:00:00.000","Critical","8","A","2026-02-10T00:00:00.000","Cycle Inspection / Initial Inspection"
"41694705","FRUITTI YUMMI","Queens","Frozen Desserts","2026-02-10T00:00:00.000","Not Critical","5","A","2026-02-10T00:00:00.000","Cycle Inspection / Initial Inspection"
"41391952","MARTHA'S COUNTRY BAKERY","Queens","Bakery Products/Desserts","2026-02-10T00:00:00.000","Critical","12","A","2026-02-10T00:00:00.000","Cycle Inspection / Initial Inspection"
"50115349","RESTAURANTE Y ANTOJITOS GUATELINDA","Queens","Spanish","2026-02-10T00:00:00.000","Critical","12","A","2026-02-10T00:00:00.000","Cycle Inspection / Re-inspection"
"41259632","CHIPOTLE MEXICAN GRILL","Manhattan","Tex-Mex","2026-02-10T00:00:00.000","Not Critical","2","A","2026-02-10T00:00:00.000","Cycle Inspection / Initial Inspection"
"50119509","WHITE CASTLE","Manhattan","Hamburgers","2026-02-10T00:00:00.000","Critical","10","A","2026-02-10T00:00:00.000","Cycle Inspection / Initial Inspection"
"40512617","ZARO'S BREAD BASKET","Manhattan","Bakery Products/Desserts","2026-02-10T00:00:00.000","Critical","11","A","2026-02-10T00:00:00.000","Cycle Inspection / Initial Inspection"
"50145992","BARINO'S MARKET CATERING","Bronx","Italian","2026-02-10T00:00:00.000","Critical","10","A","2026-02-10T00:00:00.000","Cycle Inspection / Initial Inspection"
"50091851","DUNKIN","Queens","Donuts","2026-02-10T00:00:00.000","Not Critical","8","A","2026-02-10T00:00:00.000","Cycle Inspection / Initial Inspection"
"50109898","MELANIE'S ROTI & GRILL RESTAURANT","Bronx","Asian/Asian Fusion","2026-02-10T00:00:00.000","Not Critical","9","A","2026-02-10T00:00:00.000","Cycle Inspection / Initial Inspection"
"50088651","GLENDALE BAGELS","Queens","American","2026-02-10T00:00:00.000","Critical","13","A","2026-02-10T00:00:00.000","Cycle Inspection / Re-inspection"
"50034659","CAFE GUSTO II","Manhattan","American","2026-02-10T00:00:00.000","Critical","9","A","2026-02-10T00:00:00.000","Cycle Inspection / Initial Inspection"
"50095125","DOMINO'S","Brooklyn","Pizza","2026-02-10T00:00:00.000","Not Critical","5","A","2026-02-10T00:00:00.000","Cycle Inspection / Initial Inspection"
"41696087","FORTUNE KITCHEN","Queens","Chinese","2026-02-10T00:00:00.000","Not Critical","12","A","2026-02-10T00:00:00.000","Cycle Inspection / Initial Inspection"
"50129856","5 ACRES","Manhattan","American","2026-02-10T00:00:00.000","Not Critical","12","A","2026-02-10T00:00:00.000","Cycle Inspection / Re-inspection"
"50149714","BLUE BOTTLE COFFEE","Manhattan","Coffee/Tea","2026-02-10T00:00:00.000","Critical","12","A","2026-02-10T00:00:00.000","Cycle Inspection / Initial Inspection"
"41550291","TERRACE INN","Queens","American","2026-02-10T00:00:00.000","Not Critical","12","A","2026-02-10T00:00:00.000","Cycle Inspection / Initial Inspection"
"50134364","HONG KONG II","Queens","Chinese","2026-02-10T00:00:00.000","Not Critical","12","A","2026-02-10T00:00:00.000","Cycle Inspection / Initial Inspection"
"50056565","JOY GARDEN RESTAURANT","Bronx","Chinese","2026-02-10T00:00:00.000","Not Critical","12","A","2026-02-10T00:00:00.000","Cycle Inspection / Initial Inspection"
"50107166","US FRIED CHICKEN","Brooklyn","Chicken","2026-02-10T00:00:00.000","Not Critical","9","A","2026-02-10T00:00:00.000","Cycle Inspection / Initial Inspection"
"41714316","CHEUNG HING KITCHEN","Queens","Chinese","2026-02-10T00:00:00.000","Not Critical","11","A","2026-02-10T00:00:00.000","Cycle Inspection / Initial Inspection"
"50100813","SMASHBURGER #1714","Bronx","American","2026-02-10T00:00:00.000","Critical","12","A","2026-02-10T00:00:00.000","Cycle Inspection / Re-inspection"
"40395872","CARIDAD RESTAURANT","Manhattan","Latin American","2026-02-10T00:00:00.000","Not Critical","7","A","2026-02-10T00:00:00.000","Cycle Inspection / Initial Inspection"
"50063250","GUH SUNG CHINESE RESTAURANT","Queens","Korean","2026-02-10T00:00:00.000","Not Critical","5","A","2026-02-10T00:00:00.000","Cycle Inspection / Initial Inspection"
"50172397","THE YARD'S PUB","Manhattan","American","2026-02-10T00:00:00.000","Not Critical","12","A","2026-02-10T00:00:00.000","Pre-permit (Operational) / Initial Inspection"
"41665851","FRATELLI RESTAURANT","Bronx","Italian","2026-02-10T00:00:00.000","Not Critical","10","A","2026-02-10T00:00:00.000","Cycle Inspection / Initial Inspection"
"50178467","IPIZZA NY","Manhattan","Pizza","2026-02-10T00:00:00.000","Critical","12","A","2026-02-10T00:00:00.000","Pre-permit (Operational) / Initial Inspection"
"41678309","SUBWAY","Bronx","Sandwiches","2026-02-10T00:00:00.000","Not Critical","12","A","2026-02-10T00:00:00.000","Cycle Inspection / Initial Inspection"
"50119988","IL MONELLO","Manhattan","Italian","2026-02-10T00:00:00.000","Not Critical","13","A","2026-02-10T00:00:00.000","Cycle Inspection / Initial Inspection"
"50118792","DIG INN","Manhattan","American","2026-02-10T00:00:00.000","Critical","9","A","2026-02-10T00:00:00.000","Cycle Inspection / Initial Inspection"
"41198352","TAQUERIA EL GALLO AZTECA","Staten Island","Mexican","2026-02-10T00:00:00.000","Not Critical","12","A","2026-02-10T00:00:00.000","Cycle Inspection / Initial Inspection"
"50130982","TEXAS CHICKEN & BURGERS","Brooklyn","Chicken","2026-02-10T00:00:00.000","Critical","12","A","2026-02-10T00:00:00.000","Cycle Inspection / Initial Inspection"
"50115349","RESTAURANTE Y ANTOJITOS GUATELINDA","Queens","Spanish","2026-02-10T00:00:00.000","Not Critical","12","A","2026-02-10T00:00:00.000","Cycle Inspection / Re-inspection"
"50093228","BARNARD COLLEGE - DIANA'S CENTER CAFE","Manhattan","American","2026-02-10T00:00:00.000","Not Critical","13","A","2026-02-10T00:00:00.000","Cycle Inspection / Initial Inspection"
"50014408","MCDONALD'S","Brooklyn","Hamburgers","2026-02-10T00:00:00.000","Not Critical","13","A","2026-02-10T00:00:00.000","Cycle Inspection / Initial Inspection"
"50177865","MISTER CHEEKS","Brooklyn","American","2026-02-10T00:00:00.000","Critical","13","A","2026-02-10T00:00:00.000","Pre-permit (Operational) / Initial Inspection"
"50131899","SUBWAY","Brooklyn","Sandwiches","2026-02-10T00:00:00.000","Critical","13","A","2026-02-10T00:00:00.000","Cycle Inspection / Initial Inspection"
"50176072","SALSWEE","Manhattan","Bakery Products/Desserts","2026-02-10T00:00:00.000","Not Critical","13","A","2026-02-10T00:00:00.000","Pre-permit (Operational) / Initial Inspection"
"50172397","THE YARD'S PUB","Manhattan","American","2026-02-10T00:00:00.000","Not Critical","12","A","2026-02-10T00:00:00.000","Pre-permit (Operational) / Initial Inspection"
"50057474","DUNKIN","Bronx","Donuts","2026-02-10T00:00:00.000","Critical","11","A","2026-02-10T00:00:00.000","Cycle Inspection / Initial Inspection"
"40736836","SILVER STAR","Manhattan","American","2026-02-10T00:00:00.000","Not Critical","13","A","2026-02-10T00:00:00.000","Cycle Inspection / Initial Inspection"
"41115762","SPRING GARDENS RESTAURANT","Queens","Caribbean","2026-02-10T00:00:00.000","Critical","13","A","2026-02-10T00:00:00.000","Cycle Inspection / Initial Inspection"
"50163566","TACO BELL","Queens","Tex-Mex","2026-02-10T00:00:00.000","Not Critical","9","A","2026-02-10T00:00:00.000","Cycle Inspection / Initial Inspection"
"50034659","CAFE GUSTO II","Manhattan","American","2026-02-10T00:00:00.000","Not Critical","9","A","2026-02-10T00:00:00.000","Cycle Inspection / Initial Inspection"
"50160980","BANH MI CO UT 2","Manhattan","Sandwiches","2026-02-10T00:00:00.000","Not Critical","13","A","2026-02-10T00:00:00.000","Pre-permit (Operational) / Re-inspection"
"50141385","SEAFOOD URWAY","Brooklyn","Seafood","2026-02-10T00:00:00.000","Not Critical","8","A","2026-02-10T00:00:00.000","Cycle Inspection / Initial Inspection"
"50063250","GUH SUNG CHINESE RESTAURANT","Queens","Korean","2026-02-10T00:00:00.000","Not Critical","5","A","2026-02-10T00:00:00.000","Cycle Inspection / Initial Inspection"
"50109898","MELANIE'S ROTI & GRILL RESTAURANT","Bronx","Asian/Asian Fusion","2026-02-10T00:00:00.000","Not Critical","9","A","2026-02-10T00:00:00.000","Cycle Inspection / Initial Inspection"
"50077272","GOOD THANKS CAFE","Manhattan","Australian","2026-02-10T00:00:00.000","Not Critical","13","A","2026-02-10T00:00:00.000","Cycle Inspection / Re-inspection"
"50176072","SALSWEE","Manhattan","Bakery Products/Desserts","2026-02-10T00:00:00.000","Not Critical","13","A","2026-02-10T00:00:00.000","Pre-permit (Operational) / Initial Inspection"
"50179002","MELT SHOP","Manhattan","American","2026-02-10T00:00:00.000","Not Critical","2","A","2026-02-10T00:00:00.000","Pre-permit (Operational) / Initial Inspection"
"50172397","THE YARD'S PUB","Manhattan","American","2026-02-10T00:00:00.000","Critical","12","A","2026-02-10T00:00:00.000","Pre-permit (Operational) / Initial Inspection"
"41714316","CHEUNG HING KITCHEN","Queens","Chinese","2026-02-10T00:00:00.000","Critical","11","A","2026-02-10T00:00:00.000","Cycle Inspection / Initial Inspection"
"50148572","COLD STONE CREAMERY","Queens","Frozen Desserts","2026-02-10T00:00:00.000","Not Critical","5","A","2026-02-10T00:00:00.000","Cycle Inspection / Initial Inspection"
"50088651","GLENDALE BAGELS","Queens","American","2026-02-10T00:00:00.000","Not Critical","13","A","2026-02-10T00:00:00.000","Cycle Inspection / Re-inspection"
"50118912","RICE TO RICHES","Manhattan","Other","2026-02-10T00:00:00.000","Critical","7","A","2026-02-10T00:00:00.000","Cycle Inspection / Initial Inspection"
"50129089","AURA","Manhattan","Mediterranean","2026-02-10T00:00:00.000","Not Critical","12","A","2026-02-10T00:00:00.000","Cycle Inspection / Initial Inspection"
"50073822","ALIMAMA TEA CAFE","Manhattan","Coffee/Tea","2026-02-10T00:00:00.000","Not Critical","9","A","2026-02-10T00:00:00.000","Cycle Inspection / Initial Inspection"
"50093228","BARNARD COLLEGE - DIANA'S CENTER CAFE","Manhattan","American","2026-02-10T00:00:00.000","Critical","13","A","2026-02-10T00:00:00.000","Cycle Inspection / Initial Inspection"
"50130182","POKE BOWL","Manhattan","Japanese","2026-02-10T00:00:00.000","Not Critical","3","A","2026-02-10T00:00:00.000","Cycle Inspection / Initial Inspection"
"41696087","FORTUNE KITCHEN","Queens","Chinese","2026-02-10T00:00:00.000","Critical","12","A","2026-02-10T00:00:00.000","Cycle Inspection / Initial Inspection"
"40608702","BRIOSO RISTORANTE","Staten Island","Italian","2026-02-10T00:00:00.000","Not Critical","5","A","2026-02-10T00:00:00.000","Cycle Inspection / Initial Inspection"
"40608702","BRIOSO RISTORANTE","Staten Island","Italian","2026-02-10T00:00:00.000","Not Critical","5","A","2026-02-10T00:00:00.000","Cycle Inspection / Initial Inspection"
"50091851","DUNKIN","Queens","Donuts","2026-02-10T00:00:00.000","Critical","8","A","2026-02-10T00:00:00.000","Cycle Inspection / Initial Inspection"
"50178467","IPIZZA NY","Manhattan","Pizza","2026-02-10T00:00:00.000","Not Critical","12","A","2026-02-10T00:00:00.000","Pre-permit (Operational) / Initial Inspection"
"50131899","SUBWAY","Brooklyn","Sandwiches","2026-02-10T00:00:00.000","Not Critical","13","A","2026-02-10T00:00:00.000","Cycle Inspection / Initial Inspection"
"50141385","SEAFOOD URWAY","Brooklyn","Seafood","2026-02-10T00:00:00.000","Critical","8","A","2026-02-10T00:00:00.000","Cycle Inspection / Initial Inspection"
"41678309","SUBWAY","Bronx","Sandwiches","2026-02-10T00:00:00.000","Critical","12","A","2026-02-10T00:00:00.000","Cycle Inspection / Initial Inspection"
"41218950","GREENWICH TREEHOUSE","Manhattan","American","2026-02-10T00:00:00.000","Not Critical","13","A","2026-02-10T00:00:00.000","Cycle Inspection / Initial Inspection"
"50091430","LUCKY 88 STORE INC.","Queens","Coffee/Tea","2026-02-10T00:00:00.000","Critical","10","A","2026-02-10T00:00:00.000","Cycle Inspection / Initial Inspection"
"50145285","WING STOP","Queens","Chicken","2026-02-10T00:00:00.000","Not Critical","2","A","2026-02-10T00:00:00.000","Cycle Inspection / Initial Inspection"
"50176996","NO 1 CHINESE RESTAURANT","Bronx","Chinese","2026-02-10T00:00:00.000","Not Critical","2","A","2026-02-10T00:00:00.000","Pre-permit (Operational) / Initial Inspection"
"50107166","US FRIED CHICKEN","Brooklyn","Chicken","2026-02-10T00:00:00.000","Critical","9","A","2026-02-10T00:00:00.000","Cycle Inspection / Initial Inspection"
"50119509","WHITE CASTLE","Manhattan","Hamburgers","2026-02-10T00:00:00.000","Not Critical","10","A","2026-02-10T00:00:00.000","Cycle Inspection / Initial Inspection"
"50148303","SHERATON NEW YORK TIMES SQUARE - PANTRIES 2A,2B,3A,3B","Manhattan","Other","2026-02-10T00:00:00.000","Critical","8","A","2026-02-10T00:00:00.000","Cycle Inspection / Initial Inspection"
"50056565","JOY GARDEN RESTAURANT","Bronx","Chinese","2026-02-10T00:00:00.000","Critical","12","A","2026-02-10T00:00:00.000","Cycle Inspection / Initial Inspection"
"50103050","KAI YING CHINESE RESTAURANT","Queens","Chinese","2026-02-10T00:00:00.000","Critical","12","A","2026-02-10T00:00:00.000","Cycle Inspection / Initial Inspection"
"50060415","JOE & THE JUICE","Manhattan","Coffee/Tea","2026-02-10T00:00:00.000","Critical","11","A","2026-02-10T00:00:00.000","Cycle Inspection / Initial Inspection"
"50034659","CAFE GUSTO II","Manhattan","American","2026-02-10T00:00:00.000","Not Critical","9","A","2026-02-10T00:00:00.000","Cycle Inspection / Initial Inspection"
"50118792","DIG INN","Manhattan","American","2026-02-10T00:00:00.000","Not Critical","9","A","2026-02-10T00:00:00.000","Cycle Inspection / Initial Inspection"
"50077272","GOOD THANKS CAFE","Manhattan","Australian","2026-02-10T00:00:00.000","Not Critical","13","A","2026-02-10T00:00:00.000","Cycle Inspection / Re-inspection"
"41391952","MARTHA'S COUNTRY BAKERY","Queens","Bakery Products/Desserts","2026-02-10T00:00:00.000","Critical","12","A","2026-02-10T00:00:00.000","Cycle Inspection / Initial Inspection"
"50057474","DUNKIN","Bronx","Donuts","2026-02-10T00:00:00.000","Not Critical","11","A","2026-02-10T00:00:00.000","Cycle Inspection / Initial Inspection"
"50122606","RICE X BEANS","Manhattan","Brazilian","2026-02-10T00:00:00.000","Not Critical","9","A","2026-02-10T00:00:00.000","Cycle Inspection / Re-inspection"
"41629167","HAIR OF THE DOG","Manhattan","American","2026-02-10T00:00:00.000","Critical","7","A","2026-02-10T00:00:00.000","Cycle Inspection / Initial Inspection"
"41665851","FRATELLI RESTAURANT","Bronx","Italian","2026-02-10T00:00:00.000","Not Critical","10","A","2026-02-10T00:00:00.000","Cycle Inspection / Initial Inspection"
"50160980","BANH MI CO UT 2","Manhattan","Sandwiches","2026-02-10T00:00:00.000","Critical","13","A","2026-02-10T00:00:00.000","Pre-permit (Operational) / Re-inspection"
"50149645","NEW HOP SHING KITCHEN","Brooklyn","Chinese","2026-02-10T00:00:00.000","Not Critical","12","A","2026-02-10T00:00:00.000","Cycle Inspection / Initial Inspection"
"50148303","SHERATON NEW YORK TIMES SQUARE - PANTRIES 2A,2B,3A,3B","Manhattan","Other","2026-02-10T00:00:00.000","Not Critical","8","A","2026-02-10T00:00:00.000","Cycle Inspection / Initial Inspection"
"50106325","SOFT SWERVE","Manhattan","Frozen Desserts","2026-02-10T00:00:00.000","Not Critical","7","A","2026-02-10T00:00:00.000","Cycle Inspection / Initial Inspection"
"50134210","MATCHAFUL","Manhattan","Coffee/Tea","2026-02-10T00:00:00.000","Critical","5","A","2026-02-10T00:00:00.000","Cycle Inspection / Initial Inspection"
"50130982","TEXAS CHICKEN & BURGERS","Brooklyn","Chicken","2026-02-10T00:00:00.000","Not Critical","12","A","2026-02-10T00:00:00.000","Cycle Inspection / Initial Inspection"
"50149645","NEW HOP SHING KITCHEN","Brooklyn","Chinese","2026-02-10T00:00:00.000","Not Critical","12","A","2026-02-10T00:00:00.000","Cycle Inspection / Initial Inspection"
"50125874","DUNKIN DONUTS","Manhattan","Donuts","2026-02-10T00:00:00.000","Critical","9","A","2026-02-10T00:00:00.000","Cycle Inspection / Initial Inspection"
"50133389","HAAGEN-DAZS","Manhattan","Frozen Desserts","2026-02-10T00:00:00.000","Critical","9","A","2026-02-10T00:00:00.000","Cycle Inspection / Initial Inspection"
"50103050","KAI YING CHINESE RESTAURANT","Queens","Chinese","2026-02-10T00:00:00.000","Not Critical","12","A","2026-02-10T00:00:00.000","Cycle Inspection / Initial Inspection"
"50100813","SMASHBURGER #1714","Bronx","American","2026-02-10T00:00:00.000","Critical","12","A","2026-02-10T00:00:00.000","Cycle Inspection / Re-inspection"
"50131899","SUBWAY","Brooklyn","Sandwiches","2026-02-10T00:00:00.000","Not Critical","13","A","2026-02-10T00:00:00.000","Cycle Inspection / Initial Inspection"
"50143347","GUAC TIME","Queens","Mexican","2026-02-10T00:00:00.000","Critical","12","A","2026-02-10T00:00:00.000","Cycle Inspection / Re-inspection"
"50109898","MELANIE'S ROTI & GRILL RESTAURANT","Bronx","Asian/Asian Fusion","2026-02-10T00:00:00.000","Not Critical","9","A","2026-02-10T00:00:00.000","Cycle Inspection / Initial Inspection"
"41217775","S. WAN CAFE","Manhattan","Chinese","2026-02-10T00:00:00.000","Critical","12","A","2026-02-10T00:00:00.000","Cycle Inspection / Initial Inspection"
"50157889","CHASHNI BUBBLE TEA","Brooklyn","Coffee/Tea","2026-02-10T00:00:00.000","Not Critical","9","A","2026-02-10T00:00:00.000","Cycle Inspection / Initial Inspection"
"40395872","CARIDAD RESTAURANT","Manhattan","Latin American","2026-02-10T00:00:00.000","Not Critical","7","A","2026-02-10T00:00:00.000","Cycle Inspection / Initial Inspection"
"50177865","MISTER CHEEKS","Brooklyn","American","2026-02-10T00:00:00.000","Critical","13","A","2026-02-10T00:00:00.000","Pre-permit (Operational) / Initial Inspection"
"50149645","NEW HOP SHING KITCHEN","Brooklyn","Chinese","2026-02-10T00:00:00.000","Not Critical","12","A","2026-02-10T00:00:00.000","Cycle Inspection / Initial Inspection"
"50129089","AURA","Manhattan","Mediterranean","2026-02-10T00:00:00.000","Critical","12","A","2026-02-10T00:00:00.000","Cycle Inspection / Initial Inspection"
"41217775","S. WAN CAFE","Manhattan","Chinese","2026-02-10T00:00:00.000","Not Critical","12","A","2026-02-10T00:00:00.000","Cycle Inspection / Initial Inspection"
"50106325","SOFT SWERVE","Manhattan","Frozen Desserts","2026-02-10T00:00:00.000","Not Critical","7","A","2026-02-10T00:00:00.000","Cycle Inspection / Initial Inspection"
"50119988","IL MONELLO","Manhattan","Italian","2026-02-10T00:00:00.000","Not Critical","13","A","2026-02-10T00:00:00.000","Cycle Inspection / Initial Inspection"
"50131899","SUBWAY","Brooklyn","Sandwiches","2026-02-10T00:00:00.000","Not Critical","13","A","2026-02-10T00:00:00.000","Cycle Inspection / Initial Inspection"
"50152540","ETC","Manhattan","American","2026-02-10T00:00:00.000","Not Critical","9","A","2026-02-10T00:00:00.000","Cycle Inspection / Initial Inspection"
"50095125","DOMINO'S","Brooklyn","Pizza","2026-02-10T00:00:00.000","Not Critical","5","A","2026-02-10T00:00:00.000","Cycle Inspection / Initial Inspection"
"50061236","SWEET MOMENT","Manhattan","Coffee/Tea","2026-02-10T00:00:00.000","Critical","13","A","2026-02-10T00:00:00.000","Cycle Inspection / Initial Inspection"
"50073880","COURT STREET GROCERS","Brooklyn","Sandwiches","2026-02-10T00:00:00.000","Not Critical","3","A","2026-02-10T00:00:00.000","Cycle Inspection / Initial Inspection"
"41629167","HAIR OF THE DOG","Manhattan","American","2026-02-10T00:00:00.000","Not Critical","7","A","2026-02-10T00:00:00.000","Cycle Inspection / Initial Inspection"
"40643682","TILE BAR","Manhattan","American","2026-02-10T00:00:00.000","Critical","5","A","2026-02-10T00:00:00.000","Cycle Inspection / Initial Inspection"
"50014408","MCDONALD'S","Brooklyn","Hamburgers","2026-02-10T00:00:00.000","Not Critical","13","A","2026-02-10T00:00:00.000","Cycle Inspection / Initial Inspection"
"41511427","CULTURE ESPRESSO","Manhattan","Coffee/Tea","2026-02-10T00:00:00.000","Not Critical","3","A","2026-02-10T00:00:00.000","Cycle Inspection / Initial Inspection"
"50073822","ALIMAMA TEA CAFE","Manhattan","Coffee/Tea","2026-02-10T00:00:00.000","Critical","9","A","2026-02-10T00:00:00.000","Cycle Inspection / Initial Inspection"
"41218950","GREENWICH TREEHOUSE","Manhattan","American","2026-02-10T00:00:00.000","Critical","13","A","2026-02-10T00:00:00.000","Cycle Inspection / Initial Inspection"
"50047547","CHINA GARDEN","Brooklyn","Chinese","2026-02-10T00:00:00.000","Not Critical","12","A","2026-02-10T00:00:00.000","Cycle Inspection / Re-inspection"
"41554812","MI PEQUENA CHOLULA DELI RESTAURANTE","Brooklyn","Mexican","2026-02-10T00:00:00.000","Critical","10","A","2026-02-10T00:00:00.000","Cycle Inspection / Initial Inspection"
"50149714","BLUE BOTTLE COFFEE","Manhattan","Coffee/Tea","2026-02-10T00:00:00.000","Not Critical","12","A","2026-02-10T00:00:00.000","Cycle Inspection / Initial Inspection"
"41198352","TAQUERIA EL GALLO AZTECA","Staten Island","Mexican","2026-02-10T00:00:00.000","Critical","12","A","2026-02-10T00:00:00.000","Cycle Inspection / Initial Inspection"
"50047547","CHINA GARDEN","Brooklyn","Chinese","2026-02-10T00:00:00.000","Critical","12","A","2026-02-10T00:00:00.000","Cycle Inspection / Re-inspection"
"50122606","RICE X BEANS","Manhattan","Brazilian","2026-02-10T00:00:00.000","Critical","9","A","2026-02-10T00:00:00.000","Cycle Inspection / Re-inspection"
"50088651","GLENDALE BAGELS","Queens","American","2026-02-10T00:00:00.000","Not Critical","13","A","2026-02-10T00:00:00.000","Cycle Inspection / Re-inspection"
"50143347","GUAC TIME","Queens","Mexican","2026-02-10T00:00:00.000","Not Critical","12","A","2026-02-10T00:00:00.000","Cycle Inspection / Re-inspection"
"50176615","YSO SUSHI","Queens","Japanese","2026-02-10T00:00:00.000","Critical","6","A","2026-02-10T00:00:00.000","Pre-permit (Operational) / Initial Inspection"
"50057474","DUNKIN","Bronx","Donuts","2026-02-10T00:00:00.000","Not Critical","11","A","2026-02-10T00:00:00.000","Cycle Inspection / Initial Inspection"
"50176072","SALSWEE","Manhattan","Bakery Products/Desserts","2026-02-10T00:00:00.000","Not Critical","13","A","2026-02-10T00:00:00.000","Pre-permit (Operational) / Initial Inspection"
"50157889","CHASHNI BUBBLE TEA","Brooklyn","Coffee/Tea","2026-02-10T00:00:00.000","Not Critical","9","A","2026-02-10T00:00:00.000","Cycle Inspection / Initial Inspection"
"50149645","NEW HOP SHING KITCHEN","Brooklyn","Chinese","2026-02-10T00:00:00.000","Critical","12","A","2026-02-10T00:00:00.000","Cycle Inspection / Initial Inspection"
"50130982","TEXAS CHICKEN & BURGERS","Brooklyn","Chicken","2026-02-10T00:00:00.000","Not Critical","12","A","2026-02-10T00:00:00.000","Cycle Inspection / Initial Inspection"
"40736836","SILVER STAR","Manhattan","American","2026-02-10T00:00:00.000","Not Critical","13","A","2026-02-10T00:00:00.000","Cycle Inspection / Initial Inspection"
"50125874","DUNKIN DONUTS","Manhattan","Donuts","2026-02-10T00:00:00.000","Not Critical","9","A","2026-02-10T00:00:00.000","Cycle Inspection / Initial Inspection"
"50009159","BLACK SEED BAGELS","Manhattan","Bagels/Pretzels","2026-02-10T00:00:00.000","Not Critical","7","A","2026-02-10T00:00:00.000","Cycle Inspection / Initial Inspection"
"41115762","SPRING GARDENS RESTAURANT","Queens","Caribbean","2026-02-10T00:00:00.000","Critical","13","A","2026-02-10T00:00:00.000","Cycle Inspection / Initial Inspection"
"41218950","GREENWICH TREEHOUSE","Manhattan","American","2026-02-10T00:00:00.000","Not Critical","13","A","2026-02-10T00:00:00.000","Cycle Inspection / Initial Inspection"
"50130182","POKE BOWL","Manhattan","Japanese","2026-02-10T00:00:00.000","Not Critical","3","A","2026-02-10T00:00:00.000","Cycle Inspection / Initial Inspection"
"50060821","FOR FIVE COFFEE ROASTERS","Manhattan","Coffee/Tea","2026-02-09T00:00:00.000","Not Critical","11","A","2026-02-09T00:00:00.000","Cycle Inspection / Initial Inspection"
"50146211","EL CENTENARIO PIZZA","Brooklyn","Pizza","2026-02-09T00:00:00.000","Not Critical","12","A","2026-02-09T00:00:00.000","Cycle Inspection / Initial Inspection"
"50164817","SOULJAH","Brooklyn","Caribbean","2026-02-09T00:00:00.000","Not Critical","13","A","2026-02-09T00:00:00.000","Pre-permit (Operational) / Initial Inspection"
"50171805","J ADORE CAFE & PIZZA","Brooklyn","Pizza","2026-02-09T00:00:00.000","Not Critical","5","A","2026-02-09T00:00:00.000","Pre-permit (Operational) / Re-inspection"
"50153678","WONDER","Brooklyn","American","2026-02-09T00:00:00.000","Not Critical","12","A","2026-02-09T00:00:00.000","Pre-permit (Operational) / Initial Inspection"
"50036043","THE MALT HOUSE","Manhattan","American","2026-02-09T00:00:00.000","Not Critical","12","A","2026-02-09T00:00:00.000","Cycle Inspection / Initial Inspection"
"41480283","CONNIE'S DELI","Bronx","Mexican","2026-02-09T00:00:00.000","Critical","13","A","2026-02-09T00:00:00.000","Cycle Inspection / Initial Inspection"
"50052431","SWEETGREEN","Manhattan","Salads","2026-02-09T00:00:00.000","Not Critical","11","A","2026-02-09T00:00:00.000","Cycle Inspection / Initial Inspection"
"50133412","THE PIZZA PLACE & RESTAURANT","Bronx","Pizza","2026-02-09T00:00:00.000","Not Critical","13","A","2026-02-09T00:00:00.000","Cycle Inspection / Initial Inspection"
"50036043","THE MALT HOUSE","Manhattan","American","2026-02-09T00:00:00.000","Critical","12","A","2026-02-09T00:00:00.000","Cycle Inspection / Initial Inspection"
"41617345","DUNKIN","Bronx","Donuts","2026-02-09T00:00:00.000","Not Critical","8","A","2026-02-09T00:00:00.000","Cycle Inspection / Initial Inspection"
"41583286","SHAKE SHACK","Brooklyn","Hamburgers","2026-02-09T00:00:00.000","Not Critical","9","A","2026-02-09T00:00:00.000","Cycle Inspection / Initial Inspection"
"41480283","CONNIE'S DELI","Bronx","Mexican","2026-02-09T00:00:00.000","Not Critical","13","A","2026-02-09T00:00:00.000","Cycle Inspection / Initial Inspection"
"50060821","FOR FIVE COFFEE ROASTERS","Manhattan","Coffee/Tea","2026-02-09T00:00:00.000","Not Critical","11","A","2026-02-09T00:00:00.000","Cycle Inspection / Initial Inspection"
"50085254","PHILOMENA'S","Queens","Pizza","2026-02-09T00:00:00.000","Not Critical","4","A","2026-02-09T00:00:00.000","Cycle Inspection / Initial Inspection"
"50149709","TERIYAKI ONE","Staten Island","Japanese","2026-02-09T00:00:00.000","Critical","12","A","2026-02-09T00:00:00.000","Cycle Inspection / Initial Inspection"
"50166978","WANPO TEA","Brooklyn","Coffee/Tea","2026-02-09T00:00:00.000","Not Critical","13","A","2026-02-09T00:00:00.000","Pre-permit (Operational) / Initial Inspection"
"41583286","SHAKE SHACK","Brooklyn","Hamburgers","2026-02-09T00:00:00.000","Critical","9","A","2026-02-09T00:00:00.000","Cycle Inspection / Initial Inspection"
"50102906","KRISPY KREME DOUGHNUTS","Bronx","Donuts","2026-02-09T00:00:00.000","Not Critical","12","A","2026-02-09T00:00:00.000","Cycle Inspection / Initial Inspection"
"41585806","DARNA FALAFEL","Brooklyn","Middle Eastern","2026-02-09T00:00:00.000","Not Critical","12","A","2026-02-09T00:00:00.000","Cycle Inspection / Initial Inspection"
"41371276","GREAT WALL","Bronx","Chinese","2026-02-09T00:00:00.000","Not Critical","7","A","2026-02-09T00:00:00.000","Cycle Inspection / Initial Inspection"
"50176337","Country Donuts","Staten Island","Donuts","2026-02-09T00:00:00.000","Not Critical","3","A","2026-02-09T00:00:00.000","Pre-permit (Operational) / Initial Inspection"
"40395921","GOLDEN PIZZA","Bronx","Pizza","2026-02-09T00:00:00.000","Critical","12","A","2026-02-09T00:00:00.000","Cycle Inspection / Initial Inspection"
"50153678","WONDER","Brooklyn","American","2026-02-09T00:00:00.000","Not Critical","12","A","2026-02-09T00:00:00.000","Pre-permit (Operational) / Initial Inspection"
"50166978","WANPO TEA","Brooklyn","Coffee/Tea","2026-02-09T00:00:00.000","Critical","13","A","2026-02-09T00:00:00.000","Pre-permit (Operational) / Initial Inspection"
"50123625","THE CONCRETE JUNGLE","Brooklyn","Coffee/Tea","2026-02-09T00:00:00.000","Not Critical","12","A","2026-02-09T00:00:00.000","Cycle Inspection / Initial Inspection"
"50171805","J ADORE CAFE & PIZZA","Brooklyn","Pizza","2026-02-09T00:00:00.000","Not Critical","5","A","2026-02-09T00:00:00.000","Pre-permit (Operational) / Re-inspection"
"41480283","CONNIE'S DELI","Bronx","Mexican","2026-02-09T00:00:00.000","Critical","13","A","2026-02-09T00:00:00.000","Cycle Inspection / Initial Inspection"
"50036043","THE MALT HOUSE","Manhattan","American","2026-02-09T00:00:00.000","Not Critical","12","A","2026-02-09T00:00:00.000","Cycle Inspection / Initial Inspection"
"50095131","DOMINO'S","Brooklyn","Pizza","2026-02-09T00:00:00.000","Not Critical","13","A","2026-02-09T00:00:00.000","Cycle Inspection / Initial Inspection"
"50159859","SADIE'S WARD","Manhattan","American","2026-02-09T00:00:00.000","Critical","8","A","2026-02-09T00:00:00.000","Pre-permit (Operational) / Initial Inspection"
"50058293","JERK HOUSE CARIBBEAN RESTAURANT","Bronx","Caribbean","2026-02-09T00:00:00.000","Not Critical","12","A","2026-02-09T00:00:00.000","Cycle Inspection / Initial Inspection"
"50073789","FAMOSA PIZZA","Bronx","Pizza","2026-02-09T00:00:00.000","Critical","13","A","2026-02-09T00:00:00.000","Cycle Inspection / Initial Inspection"
"50048243","DUNKIN' / BASKIN ROBBINS","Brooklyn","Donuts","2026-02-09T00:00:00.000","Critical","12","A","2026-02-09T00:00:00.000","Cycle Inspection / Initial Inspection"
"50166469","3 Pizza King","Queens","Pizza","2026-02-09T00:00:00.000","Not Critical","13","A","2026-02-09T00:00:00.000","Pre-permit (Operational) / Re-inspection"
"50177107","JAMAICAN FLAVORS","Brooklyn","Caribbean","2026-02-09T00:00:00.000","Not Critical","12","A","2026-02-09T00:00:00.000","Pre-permit (Operational) / Initial Inspection"
"50048243","DUNKIN' / BASKIN ROBBINS","Brooklyn","Donuts","2026-02-09T00:00:00.000","Critical","12","A","2026-02-09T00:00:00.000","Cycle Inspection / Initial Inspection"
"41086843","TIEN CHU CHINESE KITCHEN","Queens","Chinese","2026-02-09T00:00:00.000","Not Critical","6","A","2026-02-09T00:00:00.000","Cycle Inspection / Re-inspection"
"50058293","JERK HOUSE CARIBBEAN RESTAURANT","Bronx","Caribbean","2026-02-09T00:00:00.000","Critical","12","A","2026-02-09T00:00:00.000","Cycle Inspection / Initial Inspection"
"41086843","TIEN CHU CHINESE KITCHEN","Queens","Chinese","2026-02-09T00:00:00.000","Not Critical","6","A","2026-02-09T00:00:00.000","Cycle Inspection / Re-inspection"
"41086843","TIEN CHU CHINESE KITCHEN","Queens","Chinese","2026-02-09T00:00:00.000","Not Critical","6","A","2026-02-09T00:00:00.000","Cycle Inspection / Re-inspection"
"50080592","ARIS SPORTS BAR RESTAURANT","Brooklyn","Latin American","2026-02-09T00:00:00.000","Not Critical","12","A","2026-02-09T00:00:00.000","Cycle Inspection / Initial Inspection"
"50086713","ABUELA ANTONIA RESTAURANT","Brooklyn","Mexican","2026-02-09T00:00:00.000","Critical","13","A","2026-02-09T00:00:00.000","Cycle Inspection / Initial Inspection"
"50105227","POKE TIKY BAR","Brooklyn","Hawaiian","2026-02-09T00:00:00.000","Not Critical","10","A","2026-02-09T00:00:00.000","Cycle Inspection / Re-inspection"
"50046744","MCDONALD'S","Brooklyn","Hamburgers","2026-02-09T00:00:00.000","Not Critical","2","A","2026-02-09T00:00:00.000","Cycle Inspection / Initial Inspection"
"50055910","NEW GREAT DRAGON","Queens","Chinese","2026-02-09T00:00:00.000","Critical","5","A","2026-02-09T00:00:00.000","Cycle Inspection / Initial Inspection"
"50170020","MOJO EAST","Manhattan","Asian/Asian Fusion","2026-02-09T00:00:00.000","Critical","10","A","2026-02-09T00:00:00.000","Pre-permit (Operational) / Initial Inspection"
"50064099","FOK NOODLES","Manhattan","Chinese","2026-02-09T00:00:00.000","Not Critical","9","A","2026-02-09T00:00:00.000","Cycle Inspection / Initial Inspection"
"50133412","THE PIZZA PLACE & RESTAURANT","Bronx","Pizza","2026-02-09T00:00:00.000","Critical","13","A","2026-02-09T00:00:00.000","Cycle Inspection / Initial Inspection"
"50102906","KRISPY KREME DOUGHNUTS","Bronx","Donuts","2026-02-09T00:00:00.000","Critical","12","A","2026-02-09T00:00:00.000","Cycle Inspection / Initial Inspection"
"50170020","MOJO EAST","Manhattan","Asian/Asian Fusion","2026-02-09T00:00:00.000","Critical","10","A","2026-02-09T00:00:00.000","Pre-permit (Operational) / Initial Inspection"
"50123625","THE CONCRETE JUNGLE","Brooklyn","Coffee/Tea","2026-02-09T00:00:00.000","Not Critical","12","A","2026-02-09T00:00:00.000","Cycle Inspection / Initial Inspection"
"41517801","CHINA GARDEN RESTAURANT","Brooklyn","Chinese","2026-02-09T00:00:00.000","Critical","12","A","2026-02-09T00:00:00.000","Cycle Inspection / Initial Inspection"
"50166978","WANPO TEA","Brooklyn","Coffee/Tea","2026-02-09T00:00:00.000","Not Critical","13","A","2026-02-09T00:00:00.000","Pre-permit (Operational) / Initial Inspection"
"50138667","GONG CHA","Brooklyn","Coffee/Tea","2026-02-09T00:00:00.000","Not Applicable","0","A","2026-02-09T00:00:00.000","Cycle Inspection / Initial Inspection"
"41617345","DUNKIN","Bronx","Donuts","2026-02-09T00:00:00.000","Not Critical","8","A","2026-02-09T00:00:00.000","Cycle Inspection / Initial Inspection"
"50104041","JANE DOE LOUNGE","Manhattan","American","2026-02-09T00:00:00.000","Not Critical","13","A","2026-02-09T00:00:00.000","Cycle Inspection / Initial Inspection"
"50052431","SWEETGREEN","Manhattan","Salads","2026-02-09T00:00:00.000","Critical","11","A","2026-02-09T00:00:00.000","Cycle Inspection / Initial Inspection"
"50102906","KRISPY KREME DOUGHNUTS","Bronx","Donuts","2026-02-09T00:00:00.000","Not Critical","12","A","2026-02-09T00:00:00.000","Cycle Inspection / Initial Inspection"
"50158542","China Xing Kitchen","Queens","Other","2026-02-09T00:00:00.000","Not Critical","9","A","2026-02-09T00:00:00.000","Cycle Inspection / Initial Inspection"
"50104041","JANE DOE LOUNGE","Manhattan","American","2026-02-09T00:00:00.000","Critical","13","A","2026-02-09T00:00:00.000","Cycle Inspection / Initial Inspection"
"50095131","DOMINO'S","Brooklyn","Pizza","2026-02-09T00:00:00.000","Critical","13","A","2026-02-09T00:00:00.000","Cycle Inspection / Initial Inspection"
"50166978","WANPO TEA","Brooklyn","Coffee/Tea","2026-02-09T00:00:00.000","Not Critical","13","A","2026-02-09T00:00:00.000","Pre-permit (Operational) / Initial Inspection"
"50136595","MAGUEY RESTAURANT","Brooklyn","Mexican","2026-02-09T00:00:00.000","Not Critical","9","A","2026-02-09T00:00:00.000","Cycle Inspection / Initial Inspection"
"50112550","Mikey's Restaurant & Lounge","Brooklyn","American","2026-02-09T00:00:00.000","Not Critical","12","A","2026-02-09T00:00:00.000","Cycle Inspection / Initial Inspection"
"50156066","WENDY'S","Queens","Hamburgers","2026-02-09T00:00:00.000","Not Critical","9","A","2026-02-09T00:00:00.000","Cycle Inspection / Initial Inspection"
"50058293","JERK HOUSE CARIBBEAN RESTAURANT","Bronx","Caribbean","2026-02-09T00:00:00.000","Not Critical","12","A","2026-02-09T00:00:00.000","Cycle Inspection / Initial Inspection"
"50070016","STARBUCKS (Fordham University)","Bronx","Coffee/Tea","2026-02-09T00:00:00.000","Not Critical","3","A","2026-02-09T00:00:00.000","Cycle Inspection / Initial Inspection"
"41476556","POPEYES","Queens","Chicken","2026-02-09T00:00:00.000","Not Critical","5","A","2026-02-09T00:00:00.000","Cycle Inspection / Re-inspection"
"50164817","SOULJAH","Brooklyn","Caribbean","2026-02-09T00:00:00.000","Critical","13","A","2026-02-09T00:00:00.000","Pre-permit (Operational) / Initial Inspection"
"50104041","JANE DOE LOUNGE","Manhattan","American","2026-02-09T00:00:00.000","Critical","13","A","2026-02-09T00:00:00.000","Cycle Inspection / Initial Inspection"
"50177107","JAMAICAN FLAVORS","Brooklyn","Caribbean","2026-02-09T00:00:00.000","Critical","12","A","2026-02-09T00:00:00.000","Pre-permit (Operational) / Initial Inspection"
"50098797","CHIPOTLE MEXICAN GRILL #3426","Bronx","Tex-Mex","2026-02-09T00:00:00.000","Not Critical","9","A","2026-02-09T00:00:00.000","Cycle Inspection / Initial Inspection"
"50057216","SUBWAY","Queens","Sandwiches","2026-02-09T00:00:00.000","Not Critical","9","A","2026-02-09T00:00:00.000","Cycle Inspection / Initial Inspection"
"50146211","EL CENTENARIO PIZZA","Brooklyn","Pizza","2026-02-09T00:00:00.000","Critical","12","A","2026-02-09T00:00:00.000","Cycle Inspection / Initial Inspection"
"41614161","AMY RUTH'S","Manhattan","Soul Food","2026-02-09T00:00:00.000","Not Critical","12","A","2026-02-09T00:00:00.000","Cycle Inspection / Initial Inspection"
"41215422","JALISCO TACO'S","Bronx","Tex-Mex","2026-02-09T00:00:00.000","Not Critical","8","A","2026-02-09T00:00:00.000","Cycle Inspection / Initial Inspection"
"50136595","MAGUEY RESTAURANT","Brooklyn","Mexican","2026-02-09T00:00:00.000","Critical","9","A","2026-02-09T00:00:00.000","Cycle Inspection / Initial Inspection"
"50112550","Mikey's Restaurant & Lounge","Brooklyn","American","2026-02-09T00:00:00.000","Not Critical","12","A","2026-02-09T00:00:00.000","Cycle Inspection / Initial Inspection"
"50060821","FOR FIVE COFFEE ROASTERS","Manhattan","Coffee/Tea","2026-02-09T00:00:00.000","Critical","11","A","2026-02-09T00:00:00.000","Cycle Inspection / Initial Inspection"
"50080592","ARIS SPORTS BAR RESTAURANT","Brooklyn","Latin American","2026-02-09T00:00:00.000","Not Critical","12","A","2026-02-09T00:00:00.000","Cycle Inspection / Initial Inspection"
"50129940","EL GALLO TAQUERIA","Manhattan","Mexican","2026-02-09T00:00:00.000","Critical","12","A","2026-02-09T00:00:00.000","Cycle Inspection / Initial Inspection"
"50103932","VOYAGER ESPRESSO","Manhattan","Coffee/Tea","2026-02-09T00:00:00.000","Critical","12","A","2026-02-09T00:00:00.000","Cycle Inspection / Re-inspection"
"50158542","China Xing Kitchen","Queens","Other","2026-02-09T00:00:00.000","Critical","9","A","2026-02-09T00:00:00.000","Cycle Inspection / Initial Inspection"
"50085254","PHILOMENA'S","Queens","Pizza","2026-02-09T00:00:00.000","Not Critical","4","A","2026-02-09T00:00:00.000","Cycle Inspection / Initial Inspection"
"50098797","CHIPOTLE MEXICAN GRILL #3426","Bronx","Tex-Mex","2026-02-09T00:00:00.000","Critical","9","A","2026-02-09T00:00:00.000","Cycle Inspection / Initial Inspection"
"50159859","SADIE'S WARD","Manhattan","American","2026-02-09T00:00:00.000","Not Critical","8","A","2026-02-09T00:00:00.000","Pre-permit (Operational) / Initial Inspection"
"50057216","SUBWAY","Queens","Sandwiches","2026-02-09T00:00:00.000","Critical","9","A","2026-02-09T00:00:00.000","Cycle Inspection / Initial Inspection"
"50073789","FAMOSA PIZZA","Bronx","Pizza","2026-02-09T00:00:00.000","Critical","13","A","2026-02-09T00:00:00.000","Cycle Inspection / Initial Inspection"
"50105227","POKE TIKY BAR","Brooklyn","Hawaiian","2026-02-09T00:00:00.000","Not Critical","10","A","2026-02-09T00:00:00.000","Cycle Inspection / Re-inspection"
"50128784","SUBWAY","Queens","Sandwiches","2026-02-09T00:00:00.000","Critical","12","A","2026-02-09T00:00:00.000","Cycle Inspection / Initial Inspection"
"41614161","AMY RUTH'S","Manhattan","Soul Food","2026-02-09T00:00:00.000","Critical","12","A","2026-02-09T00:00:00.000","Cycle Inspection / Initial Inspection"
"50129100","DELICIOUS MEI WEI","Brooklyn","Chinese","2026-02-09T00:00:00.000","Not Critical","5","A","2026-02-09T00:00:00.000","Cycle Inspection / Initial Inspection"
"50173836","ADOBO MEXICAN GRILL","Queens","Tex-Mex","2026-02-09T00:00:00.000","Critical","12","A","2026-02-09T00:00:00.000","Pre-permit (Operational) / Re-inspection"
"40933080","LUIGI'S PIZZA","Queens","Pizza","2026-02-09T00:00:00.000","Not Critical","3","A","2026-02-09T00:00:00.000","Cycle Inspection / Initial Inspection"
"50103932","VOYAGER ESPRESSO","Manhattan","Coffee/Tea","2026-02-09T00:00:00.000","Not Critical","12","A","2026-02-09T00:00:00.000","Cycle Inspection / Re-inspection"
"50086713","ABUELA ANTONIA RESTAURANT","Brooklyn","Mexican","2026-02-09T00:00:00.000","Not Critical","13","A","2026-02-09T00:00:00.000","Cycle Inspection / Initial Inspection"
"41650715","DUNKIN', BASKIN ROBBINS","Brooklyn","Coffee/Tea","2026-02-09T00:00:00.000","Not Critical","2","A","2026-02-09T00:00:00.000","Cycle Inspection / Initial Inspection"
"50123625","THE CONCRETE JUNGLE","Brooklyn","Coffee/Tea","2026-02-09T00:00:00.000","Critical","12","A","2026-02-09T00:00:00.000","Cycle Inspection / Initial Inspection"
"50128784","SUBWAY","Queens","Sandwiches","2026-02-09T00:00:00.000","Not Critical","12","A","2026-02-09T00:00:00.000","Cycle Inspection / Initial Inspection"
"50105996","LA AUTENTICA AMBATENITA BAKERY","Queens","Latin American","2026-02-09T00:00:00.000","Critical","11","A","2026-02-09T00:00:00.000","Cycle Inspection / Initial Inspection"
"50103358","VITALL FUSION","Brooklyn","Caribbean","2026-02-09T00:00:00.000","Critical","10","A","2026-02-09T00:00:00.000","Cycle Inspection / Initial Inspection"
"41403222","YOLIE'S BAR & RESTAURANT","Brooklyn","Creole","2026-02-09T00:00:00.000","Critical","10","A","2026-02-09T00:00:00.000","Cycle Inspection / Re-inspection"
"50064099","FOK NOODLES","Manhattan","Chinese","2026-02-09T00:00:00.000","Not Critical","9","A","2026-02-09T00:00:00.000","Cycle Inspection / Initial Inspection"
"50168149","CUERNO","Manhattan","Mexican","2026-02-09T00:00:00.000","Critical","13","A","2026-02-09T00:00:00.000","Pre-permit (Operational) / Re-inspection"
"50156066","WENDY'S","Queens","Hamburgers","2026-02-09T00:00:00.000","Not Critical","9","A","2026-02-09T00:00:00.000","Cycle Inspection / Initial Inspection"
"50153678","WONDER","Brooklyn","American","2026-02-09T00:00:00.000","Critical","12","A","2026-02-09T00:00:00.000","Pre-permit (Operational) / Initial Inspection"
"50173836","ADOBO MEXICAN GRILL","Queens","Tex-Mex","2026-02-09T00:00:00.000","Critical","12","A","2026-02-09T00:00:00.000","Pre-permit (Operational) / Re-inspection"
"50080592","ARIS SPORTS BAR RESTAURANT","Brooklyn","Latin American","2026-02-09T00:00:00.000","Critical","12","A","2026-02-09T00:00:00.000","Cycle Inspection / Initial Inspection"
"50112550","Mikey's Restaurant & Lounge","Brooklyn","American","2026-02-09T00:00:00.000","Critical","12","A","2026-02-09T00:00:00.000","Cycle Inspection / Initial Inspection"
"50156066","WENDY'S","Queens","Hamburgers","2026-02-09T00:00:00.000","Critical","9","A","2026-02-09T00:00:00.000","Cycle Inspection / Initial Inspection"
"50086713","ABUELA ANTONIA RESTAURANT","Brooklyn","Mexican","2026-02-09T00:00:00.000","Not Critical","13","A","2026-02-09T00:00:00.000","Cycle Inspection / Initial Inspection"
"50164817","SOULJAH","Brooklyn","Caribbean","2026-02-09T00:00:00.000","Not Critical","13","A","2026-02-09T00:00:00.000","Pre-permit (Operational) / Initial Inspection"
"41617345","DUNKIN","Bronx","Donuts","2026-02-09T00:00:00.000","Not Critical","8","A","2026-02-09T00:00:00.000","Cycle Inspection / Initial Inspection"
"50064099","FOK NOODLES","Manhattan","Chinese","2026-02-09T00:00:00.000","Not Critical","9","A","2026-02-09T00:00:00.000","Cycle Inspection / Initial Inspection"
"50168149","CUERNO","Manhattan","Mexican","2026-02-09T00:00:00.000","Not Critical","13","A","2026-02-09T00:00:00.000","Pre-permit (Operational) / Re-inspection"
"50166469","3 Pizza King","Queens","Pizza","2026-02-09T00:00:00.000","Critical","13","A","2026-02-09T00:00:00.000","Pre-permit (Operational) / Re-inspection"
"50105227","POKE TIKY BAR","Brooklyn","Hawaiian","2026-02-09T00:00:00.000","Critical","10","A","2026-02-09T00:00:00.000","Cycle Inspection / Re-inspection"
"41585806","DARNA FALAFEL","Brooklyn","Middle Eastern","2026-02-09T00:00:00.000","Not Critical","12","A","2026-02-09T00:00:00.000","Cycle Inspection / Initial Inspection"
"40395921","GOLDEN PIZZA","Bronx","Pizza","2026-02-09T00:00:00.000","Not Critical","12","A","2026-02-09T00:00:00.000","Cycle Inspection / Initial Inspection"
"50129940","EL GALLO TAQUERIA","Manhattan","Mexican","2026-02-09T00:00:00.000","Critical","12","A","2026-02-09T00:00:00.000","Cycle Inspection / Initial Inspection"
"41517801","CHINA GARDEN RESTAURANT","Brooklyn","Chinese","2026-02-09T00:00:00.000","Not Critical","12","A","2026-02-09T00:00:00.000","Cycle Inspection / Initial Inspection"
"41621748","POPEYES","Queens","Chicken","2026-02-09T00:00:00.000","Not Critical","2","A","2026-02-09T00:00:00.000","Cycle Inspection / Initial Inspection"
"50160469","MCDONALD'S","Queens","American","2026-02-09T00:00:00.000","Not Critical","3","A","2026-02-09T00:00:00.000","Cycle Inspection / Initial Inspection"
"41614161","AMY RUTH'S","Manhattan","Soul Food","2026-02-09T00:00:00.000","Not Critical","12","A","2026-02-09T00:00:00.000","Cycle Inspection / Initial Inspection"
"41585806","DARNA FALAFEL","Brooklyn","Middle Eastern","2026-02-09T00:00:00.000","Critical","12","A","2026-02-09T00:00:00.000","Cycle Inspection / Initial Inspection"
"41371276","GREAT WALL","Bronx","Chinese","2026-02-09T00:00:00.000","Not Critical","7","A","2026-02-09T00:00:00.000","Cycle Inspection / Initial Inspection"
"41690737","TAIM","Manhattan","Mediterranean","2026-02-09T00:00:00.000","Not Critical","3","A","2026-02-09T00:00:00.000","Cycle Inspection / Initial Inspection"
"50105996","LA AUTENTICA AMBATENITA BAKERY","Queens","Latin American","2026-02-09T00:00:00.000","Critical","11","A","2026-02-09T00:00:00.000","Cycle Inspection / Initial Inspection"
"50036043","THE MALT HOUSE","Manhattan","American","2026-02-09T00:00:00.000","Not Critical","12","A","2026-02-09T00:00:00.000","Cycle Inspection / Initial Inspection"
"50149709","TERIYAKI ONE","Staten Island","Japanese","2026-02-09T00:00:00.000","Critical","12","A","2026-02-09T00:00:00.000","Cycle Inspection / Initial Inspection"
"41215422","JALISCO TACO'S","Bronx","Tex-Mex","2026-02-09T00:00:00.000","Critical","8","A","2026-02-09T00:00:00.000","Cycle Inspection / Initial Inspection"
"50166228","DREAM TALK","Manhattan","Coffee/Tea","2026-02-06T00:00:00.000","Critical","10","A","2026-02-06T00:00:00.000","Pre-permit (Operational) / Initial Inspection"
"41567009","STARBUCKS","Queens","Coffee/Tea","2026-02-06T00:00:00.000","Not Critical","4","A","2026-02-06T00:00:00.000","Cycle Inspection / Initial Inspection"
"50178860","LEGACY COFFEE","Brooklyn","Coffee/Tea","2026-02-06T00:00:00.000","Not Critical","13","A","2026-02-06T00:00:00.000","Pre-permit (Operational) / Re-inspection"
"41367788","LE BON PAIN BAKERY","Queens","Bakery Products/Desserts","2026-02-06T00:00:00.000","Critical","7","A","2026-02-06T00:00:00.000","Cycle Inspection / Re-inspection"
"50103766","WINDSOR CAFE","Brooklyn","American","2026-02-06T00:00:00.000","Not Critical","12","A","2026-02-06T00:00:00.000","Cycle Inspection / Re-inspection"
"50063143","PRINCESA BAKERY & RESTAURANT","Brooklyn","Latin American","2026-02-06T00:00:00.000","Not Critical","10","A","2026-02-06T00:00:00.000","Cycle Inspection / Re-inspection"
"50155488","THE GOOD FORK PUB","Brooklyn","New American","2026-02-06T00:00:00.000","Not Critical","13","A","2026-02-06T00:00:00.000","Cycle Inspection / Initial Inspection"
"50085792","LA HUECA","Queens","Latin American","2026-02-06T00:00:00.000","Not Critical","8","A","2026-02-06T00:00:00.000","Cycle Inspection / Initial Inspection"
"50170566","RESIDENCE INN BY MARRIOTT MANHATTAN MIDTOWN","Manhattan","American","2026-02-06T00:00:00.000","Not Critical","8","A","2026-02-06T00:00:00.000","Pre-permit (Operational) / Initial Inspection"
"50167867","LA OBEJA NEGRA SPORTS BAR","Queens","Other","2026-02-06T00:00:00.000","Critical","13","A","2026-02-06T00:00:00.000","Pre-permit (Operational) / Initial Inspection"
"50175949","KENNEDY FRIED CHICKEN","Bronx","Chicken","2026-02-06T00:00:00.000","Not Critical","12","A","2026-02-06T00:00:00.000","Pre-permit (Operational) / Initial Inspection"
"41074503","FAY DA BAKERY","Queens","Bakery Products/Desserts","2026-02-06T00:00:00.000","Not Critical","9","A","2026-02-06T00:00:00.000","Cycle Inspection / Re-inspection"
"50105532","KEG & LANTERN BREWING","Brooklyn","American","2026-02-06T00:00:00.000","Not Critical","9","A","2026-02-06T00:00:00.000","Cycle Inspection / Initial Inspection"
"40372466","MURALS ON 54, RANDOLPH'S","Manhattan","American","2026-02-06T00:00:00.000","Not Critical","13","A","2026-02-06T00:00:00.000","Cycle Inspection / Re-inspection"
"50126940","TACO BELL","Manhattan","Mexican","2026-02-06T00:00:00.000","Not Critical","13","A","2026-02-06T00:00:00.000","Cycle Inspection / Initial Inspection"
"50103766","WINDSOR CAFE","Brooklyn","American","2026-02-06T00:00:00.000","Not Critical","12","A","2026-02-06T00:00:00.000","Cycle Inspection / Re-inspection"
"50137443","YOSMIRA BAR","Queens","Latin American","2026-02-06T00:00:00.000","Critical","13","A","2026-02-06T00:00:00.000","Pre-permit (Operational) / Initial Inspection"
"50001362","TONE AUTHENTIC GEORGIAN BAKERY & CUISINE","Brooklyn","Eastern European","2026-02-06T00:00:00.000","Not Critical","10","A","2026-02-06T00:00:00.000","Cycle Inspection / Initial Inspection"
"50164813","DRAI'S","Manhattan","New French","2026-02-06T00:00:00.000","Critical","12","A","2026-02-06T00:00:00.000","Pre-permit (Operational) / Initial Inspection"
"50137443","YOSMIRA BAR","Queens","Latin American","2026-02-06T00:00:00.000","Not Critical","13","A","2026-02-06T00:00:00.000","Pre-permit (Operational) / Initial Inspection"
"50000589","EL NUEVO BOHIO RESTAURANT","Bronx","Latin American","2026-02-06T00:00:00.000","Not Critical","10","A","2026-02-06T00:00:00.000","Cycle Inspection / Re-inspection"
"50175949","KENNEDY FRIED CHICKEN","Bronx","Chicken","2026-02-06T00:00:00.000","Not Critical","12","A","2026-02-06T00:00:00.000","Pre-permit (Operational) / Initial Inspection"
"50001362","TONE AUTHENTIC GEORGIAN BAKERY & CUISINE","Brooklyn","Eastern European","2026-02-06T00:00:00.000","Critical","10","A","2026-02-06T00:00:00.000","Cycle Inspection / Initial Inspection"
"50164813","DRAI'S","Manhattan","New French","2026-02-06T00:00:00.000","Critical","12","A","2026-02-06T00:00:00.000","Pre-permit (Operational) / Initial Inspection"
"41418978","BAGEL EXPRESS III","Manhattan","Bagels/Pretzels","2026-02-06T00:00:00.000","Critical","13","A","2026-02-06T00:00:00.000","Cycle Inspection / Re-inspection"
"50085792","LA HUECA","Queens","Latin American","2026-02-06T00:00:00.000","Critical","8","A","2026-02-06T00:00:00.000","Cycle Inspection / Initial Inspection"
"50178860","LEGACY COFFEE","Brooklyn","Coffee/Tea","2026-02-06T00:00:00.000","Critical","13","A","2026-02-06T00:00:00.000","Pre-permit (Operational) / Re-inspection"
"50167867","LA OBEJA NEGRA SPORTS BAR","Queens","Other","2026-02-06T00:00:00.000","Not Critical","13","A","2026-02-06T00:00:00.000","Pre-permit (Operational) / Initial Inspection"
"50171802","SAINT JAMES LIBATIONS","Brooklyn","Other","2026-02-06T00:00:00.000","Critical","12","A","2026-02-06T00:00:00.000","Pre-permit (Operational) / Initial Inspection"
"41074503","FAY DA BAKERY","Queens","Bakery Products/Desserts","2026-02-06T00:00:00.000","Critical","9","A","2026-02-06T00:00:00.000","Cycle Inspection / Re-inspection"
"40372466","MURALS ON 54, RANDOLPH'S","Manhattan","American","2026-02-06T00:00:00.000","Critical","13","A","2026-02-06T00:00:00.000","Cycle Inspection / Re-inspection"
"50154915","BOUQUET","Brooklyn","American","2026-02-06T00:00:00.000","Not Critical","12","A","2026-02-06T00:00:00.000","Pre-permit (Operational) / Initial Inspection"
"50171802","SAINT JAMES LIBATIONS","Brooklyn","Other","2026-02-06T00:00:00.000","Critical","12","A","2026-02-06T00:00:00.000","Pre-permit (Operational) / Initial Inspection"
"50126940","TACO BELL","Manhattan","Mexican","2026-02-06T00:00:00.000","Critical","13","A","2026-02-06T00:00:00.000","Cycle Inspection / Initial Inspection"
"50052602","MAMAN","Brooklyn","French","2026-02-06T00:00:00.000","Critical","5","A","2026-02-06T00:00:00.000","Cycle Inspection / Re-inspection"
"50170566","RESIDENCE INN BY MARRIOTT MANHATTAN MIDTOWN","Manhattan","American","2026-02-06T00:00:00.000","Critical","8","A","2026-02-06T00:00:00.000","Pre-permit (Operational) / Initial Inspection"
"41447862","KINGSBRIDGE COFFEE SHOP","Bronx","Sandwiches/Salads/Mixed Buffet","2026-02-06T00:00:00.000","Not Critical","12","A","2026-02-06T00:00:00.000","Cycle Inspection / Initial Inspection"
"50126940","TACO BELL","Manhattan","Mexican","2026-02-06T00:00:00.000","Not Critical","13","A","2026-02-06T00:00:00.000","Cycle Inspection / Initial Inspection"
"50166228","DREAM TALK","Manhattan","Coffee/Tea","2026-02-06T00:00:00.000","Critical","10","A","2026-02-06T00:00:00.000","Pre-permit (Operational) / Initial Inspection"
"50178860","LEGACY COFFEE","Brooklyn","Coffee/Tea","2026-02-06T00:00:00.000","Not Critical","13","A","2026-02-06T00:00:00.000","Pre-permit (Operational) / Re-inspection"
"50167867","LA OBEJA NEGRA SPORTS BAR","Queens","Other","2026-02-06T00:00:00.000","Not Critical","13","A","2026-02-06T00:00:00.000","Pre-permit (Operational) / Initial Inspection"
"41447862","KINGSBRIDGE COFFEE SHOP","Bronx","Sandwiches/Salads/Mixed Buffet","2026-02-06T00:00:00.000","Not Critical","12","A","2026-02-06T00:00:00.000","Cycle Inspection / Initial Inspection"
"50000589","EL NUEVO BOHIO RESTAURANT","Bronx","Latin American","2026-02-06T00:00:00.000","Not Critical","10","A","2026-02-06T00:00:00.000","Cycle Inspection / Re-inspection"
"41418978","BAGEL EXPRESS III","Manhattan","Bagels/Pretzels","2026-02-06T00:00:00.000","Not Critical","13","A","2026-02-06T00:00:00.000","Cycle Inspection / Re-inspection"
"50167867","LA OBEJA NEGRA SPORTS BAR","Queens","Other","2026-02-06T00:00:00.000","Not Critical","13","A","2026-02-06T00:00:00.000","Pre-permit (Operational) / Initial Inspection"
"50151490","WILDFLOWER","Manhattan","American","2026-02-06T00:00:00.000","Critical","7","A","2026-02-06T00:00:00.000","Pre-permit (Operational) / Initial Inspection"
"50171802","SAINT JAMES LIBATIONS","Brooklyn","Other","2026-02-06T00:00:00.000","Not Critical","12","A","2026-02-06T00:00:00.000","Pre-permit (Operational) / Initial Inspection"
"50155488","THE GOOD FORK PUB","Brooklyn","New American","2026-02-06T00:00:00.000","Not Critical","13","A","2026-02-06T00:00:00.000","Cycle Inspection / Initial Inspection"
"50155488","THE GOOD FORK PUB","Brooklyn","New American","2026-02-06T00:00:00.000","Critical","13","A","2026-02-06T00:00:00.000","Cycle Inspection / Initial Inspection"
"50178860","LEGACY COFFEE","Brooklyn","Coffee/Tea","2026-02-06T00:00:00.000","Not Critical","13","A","2026-02-06T00:00:00.000","Pre-permit (Operational) / Re-inspection"
"50000589","EL NUEVO BOHIO RESTAURANT","Bronx","Latin American","2026-02-06T00:00:00.000","Critical","10","A","2026-02-06T00:00:00.000","Cycle Inspection / Re-inspection"
"50105532","KEG & LANTERN BREWING","Brooklyn","American","2026-02-06T00:00:00.000","Critical","9","A","2026-02-06T00:00:00.000","Cycle Inspection / Initial Inspection"
"50103829","CHIU'S GARDEN","Queens","Other","2026-02-06T00:00:00.000","Critical","13","A","2026-02-06T00:00:00.000","Cycle Inspection / Initial Inspection"
"50041097","INDAY","Manhattan","Indian","2026-02-06T00:00:00.000","Critical","9","A","2026-02-06T00:00:00.000","Cycle Inspection / Initial Inspection"
"50137443","YOSMIRA BAR","Queens","Latin American","2026-02-06T00:00:00.000","Not Critical","13","A","2026-02-06T00:00:00.000","Pre-permit (Operational) / Initial Inspection"
"41316653","POPEYES","Bronx","Chicken","2026-02-06T00:00:00.000","Not Critical","10","A","2026-02-06T00:00:00.000","Cycle Inspection / Initial Inspection"
"41567009","STARBUCKS","Queens","Coffee/Tea","2026-02-06T00:00:00.000","Not Critical","4","A","2026-02-06T00:00:00.000","Cycle Inspection / Initial Inspection"
"41418978","BAGEL EXPRESS III","Manhattan","Bagels/Pretzels","2026-02-06T00:00:00.000","Not Critical","13","A","2026-02-06T00:00:00.000","Cycle Inspection / Re-inspection"
"50179145","TAMALERIA LA MADRINA","Brooklyn","Mexican","2026-02-06T00:00:00.000","Not Critical","2","A","2026-02-06T00:00:00.000","Pre-permit (Operational) / Initial Inspection"
"50103829","CHIU'S GARDEN","Queens","Other","2026-02-06T00:00:00.000","Critical","13","A","2026-02-06T00:00:00.000","Cycle Inspection / Initial Inspection"
"50041097","INDAY","Manhattan","Indian","2026-02-06T00:00:00.000","Not Critical","9","A","2026-02-06T00:00:00.000","Cycle Inspection / Initial Inspection"
"50063143","PRINCESA BAKERY & RESTAURANT","Brooklyn","Latin American","2026-02-06T00:00:00.000","Critical","10","A","2026-02-06T00:00:00.000","Cycle Inspection / Re-inspection"
"50137443","YOSMIRA BAR","Queens","Latin American","2026-02-06T00:00:00.000","Not Critical","13","A","2026-02-06T00:00:00.000","Pre-permit (Operational) / Initial Inspection"
"50154915","BOUQUET","Brooklyn","American","2026-02-06T00:00:00.000","Critical","12","A","2026-02-06T00:00:00.000","Pre-permit (Operational) / Initial Inspection"
"41316653","POPEYES","Bronx","Chicken","2026-02-06T00:00:00.000","Critical","10","A","2026-02-06T00:00:00.000","Cycle Inspection / Initial Inspection"
"40372466","MURALS ON 54, RANDOLPH'S","Manhattan","American","2026-02-06T00:00:00.000","Not Critical","13","A","2026-02-06T00:00:00.000","Cycle Inspection / Re-inspection"
"50178809","MAECHAN THAI CUISINE","Queens","Thai","2026-02-06T00:00:00.000","Not Critical","12","A","2026-02-06T00:00:00.000","Pre-permit (Operational) / Initial Inspection"
"50178860","LEGACY COFFEE","Brooklyn","Coffee/Tea","2026-02-06T00:00:00.000","Not Critical","13","A","2026-02-06T00:00:00.000","Pre-permit (Operational) / Re-inspection"
"41064834","MCDONALD'S","Bronx","Hamburgers","2026-02-06T00:00:00.000","Not Critical","2","A","2026-02-06T00:00:00.000","Cycle Inspection / Initial Inspection"
"50178809","MAECHAN THAI CUISINE","Queens","Thai","2026-02-06T00:00:00.000","Critical","12","A","2026-02-06T00:00:00.000","Pre-permit (Operational) / Initial Inspection"
"41367788","LE BON PAIN BAKERY","Queens","Bakery Products/Desserts","2026-02-06T00:00:00.000","Not Critical","7","A","2026-02-06T00:00:00.000","Cycle Inspection / Re-inspection"
"50178809","MAECHAN THAI CUISINE","Queens","Thai","2026-02-06T00:00:00.000","Not Critical","12","A","2026-02-06T00:00:00.000","Pre-permit (Operational) / Initial Inspection"
"41418978","BAGEL EXPRESS III","Manhattan","Bagels/Pretzels","2026-02-06T00:00:00.000","Not Critical","13","A","2026-02-06T00:00:00.000","Cycle Inspection / Re-inspection"
"41447862","KINGSBRIDGE COFFEE SHOP","Bronx","Sandwiches/Salads/Mixed Buffet","2026-02-06T00:00:00.000","Critical","12","A","2026-02-06T00:00:00.000","Cycle Inspection / Initial Inspection"
"50103766","WINDSOR CAFE","Brooklyn","American","2026-02-06T00:00:00.000","Critical","12","A","2026-02-06T00:00:00.000","Cycle Inspection / Re-inspection"
"50175949","KENNEDY FRIED CHICKEN","Bronx","Chicken","2026-02-06T00:00:00.000","Critical","12","A","2026-02-06T00:00:00.000","Pre-permit (Operational) / Initial Inspection"
"50041097","INDAY","Manhattan","Indian","2026-02-06T00:00:00.000","Not Critical","9","A","2026-02-06T00:00:00.000","Cycle Inspection / Initial Inspection"
"50159882","SAKE BAR ASOKO","Manhattan","Japanese","2026-02-05T00:00:00.000","Critical","12","A","2026-02-05T00:00:00.000","Pre-permit (Operational) / Initial Inspection"
"40910784","JIMBO'S HAMBURGER PALACE","Manhattan","Hamburgers","2026-02-05T00:00:00.000","Not Critical","7","A","2026-02-05T00:00:00.000","Cycle Inspection / Re-inspection"
"50107271","OVA CAFE MEZZ","Manhattan","American","2026-02-05T00:00:00.000","Not Critical","7","A","2026-02-05T00:00:00.000","Cycle Inspection / Initial Inspection"
"50152070","FRIEDMAN'S","Manhattan","American","2026-02-05T00:00:00.000","Critical","13","A","2026-02-05T00:00:00.000","Cycle Inspection / Initial Inspection"
"50178013","97 HAPPY KTV","Manhattan","Other","2026-02-05T00:00:00.000","Not Critical","10","A","2026-02-05T00:00:00.000","Pre-permit (Operational) / Initial Inspection"
"50098700","D K","Manhattan","American","2026-02-05T00:00:00.000","Not Critical","10","A","2026-02-05T00:00:00.000","Cycle Inspection / Re-inspection"
"50164868","PASTA LAB","Manhattan","Italian","2026-02-05T00:00:00.000","Critical","9","A","2026-02-05T00:00:00.000","Pre-permit (Operational) / Re-inspection"
"50145274","RENAISSANCE TIMES SQUARE, MANAGED BY MERRITT HOSPITALITY LLC","Manhattan","American","2026-02-05T00:00:00.000","Not Critical","11","A","2026-02-05T00:00:00.000","Cycle Inspection / Re-inspection"
"50084712","THE INDEPENDENT","Manhattan","American","2026-02-05T00:00:00.000","Not Critical","11","A","2026-02-05T00:00:00.000","Cycle Inspection / Re-inspection"
"50126011","NEREA","Manhattan","Mediterranean","2026-02-05T00:00:00.000","Not Critical","13","A","2026-02-05T00:00:00.000","Cycle Inspection / Initial Inspection"
"50164414","YUNNAN RICE NOODLE","Manhattan","Chinese","2026-02-05T00:00:00.000","Critical","5","A","2026-02-05T00:00:00.000","Cycle Inspection / Initial Inspection"
"50014149","HANCO'S","Brooklyn","Southeast Asian","2026-02-05T00:00:00.000","Not Critical","3","A","2026-02-05T00:00:00.000","Cycle Inspection / Initial Inspection"
"50152070","FRIEDMAN'S","Manhattan","American","2026-02-05T00:00:00.000","Critical","13","A","2026-02-05T00:00:00.000","Cycle Inspection / Initial Inspection"
"50170671","ZARA EXPRESS","Manhattan","Turkish","2026-02-05T00:00:00.000","Not Critical","13","A","2026-02-05T00:00:00.000","Pre-permit (Operational) / Initial Inspection"
"50116515","EL AGUACATE BAR RESTAURANT","Bronx","Mexican","2026-02-05T00:00:00.000","Not Critical","11","A","2026-02-05T00:00:00.000","Cycle Inspection / Re-inspection"
"50145249","GONG FU XIAO LONG BAO","Brooklyn","Chinese","2026-02-05T00:00:00.000","Not Critical","12","A","2026-02-05T00:00:00.000","Cycle Inspection / Initial Inspection"
"40991835","UNCLE JACK'S STEAKHOUSE","Manhattan","Steakhouse","2026-02-05T00:00:00.000","Not Critical","9","A","2026-02-05T00:00:00.000","Cycle Inspection / Initial Inspection"
"50148724","KORKSCREW BISTRO","Brooklyn","American","2026-02-05T00:00:00.000","Not Critical","12","A","2026-02-05T00:00:00.000","Cycle Inspection / Initial Inspection"
"50000880","PARKER & QUINN","Manhattan","American","2026-02-05T00:00:00.000","Not Critical","11","A","2026-02-05T00:00:00.000","Cycle Inspection / Initial Inspection"
"50162729","SARANDA CAFE","Manhattan","Coffee/Tea","2026-02-05T00:00:00.000","Critical","13","A","2026-02-05T00:00:00.000","Pre-permit (Operational) / Initial Inspection"
"50097395","ARTICHOKE BASILLE'S PIZZA","Manhattan","Pizza","2026-02-05T00:00:00.000","Critical","7","A","2026-02-05T00:00:00.000","Cycle Inspection / Initial Inspection"
"50121741","DAILY DOSE JUICE BAR & CAFE","Queens","Juice, Smoothies, Fruit Salads","2026-02-05T00:00:00.000","Not Critical","8","A","2026-02-05T00:00:00.000","Cycle Inspection / Re-inspection"
"50129771","LIN'S GOURMET","Manhattan","Chinese","2026-02-05T00:00:00.000","Not Critical","8","A","2026-02-05T00:00:00.000","Cycle Inspection / Re-inspection"
"50151783","RAISING CANE'S","Queens","Chicken","2026-02-05T00:00:00.000","Not Critical","3","A","2026-02-05T00:00:00.000","Cycle Inspection / Re-inspection"
"50084712","THE INDEPENDENT","Manhattan","American","2026-02-05T00:00:00.000","Critical","11","A","2026-02-05T00:00:00.000","Cycle Inspection / Re-inspection"
"50171407","MURRAY CAFE","Manhattan","Filipino","2026-02-05T00:00:00.000","Critical","13","A","2026-02-05T00:00:00.000","Pre-permit (Operational) / Re-inspection"
"40991835","UNCLE JACK'S STEAKHOUSE","Manhattan","Steakhouse","2026-02-05T00:00:00.000","Critical","9","A","2026-02-05T00:00:00.000","Cycle Inspection / Initial Inspection"
"50084712","THE INDEPENDENT","Manhattan","American","2026-02-05T00:00:00.000","Not Critical","11","A","2026-02-05T00:00:00.000","Cycle Inspection / Re-inspection"
"50140402","CULL & PISTOL (LOBSTER PLACE)","Manhattan","Seafood","2026-02-05T00:00:00.000","Critical","13","A","2026-02-05T00:00:00.000","Cycle Inspection / Initial Inspection"
"50140402","CULL & PISTOL (LOBSTER PLACE)","Manhattan","Seafood","2026-02-05T00:00:00.000","Not Critical","13","A","2026-02-05T00:00:00.000","Cycle Inspection / Initial Inspection"
"50140402","CULL & PISTOL (LOBSTER PLACE)","Manhattan","Seafood","2026-02-05T00:00:00.000","Not Critical","13","A","2026-02-05T00:00:00.000","Cycle Inspection / Initial Inspection"
"50156027","WENDY'S","Queens","Hamburgers","2026-02-05T00:00:00.000","Not Critical","9","A","2026-02-05T00:00:00.000","Cycle Inspection / Initial Inspection"
"50163326","NYC GREENS PLAZA DELI","Queens","Sandwiches/Salads/Mixed Buffet","2026-02-05T00:00:00.000","Not Critical","12","A","2026-02-05T00:00:00.000","Pre-permit (Operational) / Initial Inspection"
"50041322","CRAVE FISH BAR","Manhattan","American","2026-02-05T00:00:00.000","Not Critical","12","A","2026-02-05T00:00:00.000","Cycle Inspection / Initial Inspection"
"50088158","XIANG HOTPOT","Brooklyn","Chinese","2026-02-05T00:00:00.000","Critical","13","A","2026-02-05T00:00:00.000","Cycle Inspection / Initial Inspection"
"50145274","RENAISSANCE TIMES SQUARE, MANAGED BY MERRITT HOSPITALITY LLC","Manhattan","American","2026-02-05T00:00:00.000","Critical","11","A","2026-02-05T00:00:00.000","Cycle Inspection / Re-inspection"
"50084712","THE INDEPENDENT","Manhattan","American","2026-02-05T00:00:00.000","Not Critical","11","A","2026-02-05T00:00:00.000","Cycle Inspection / Re-inspection"
"50159882","SAKE BAR ASOKO","Manhattan","Japanese","2026-02-05T00:00:00.000","Not Critical","12","A","2026-02-05T00:00:00.000","Pre-permit (Operational) / Initial Inspection"
"40910784","JIMBO'S HAMBURGER PALACE","Manhattan","Hamburgers","2026-02-05T00:00:00.000","Critical","7","A","2026-02-05T00:00:00.000","Cycle Inspection / Re-inspection"
"50018211","RON BEN-ISRAEL CAKES","Manhattan","Bakery Products/Desserts","2026-02-05T00:00:00.000","Not Critical","4","A","2026-02-05T00:00:00.000","Cycle Inspection / Initial Inspection"
"50041322","CRAVE FISH BAR","Manhattan","American","2026-02-05T00:00:00.000","Critical","12","A","2026-02-05T00:00:00.000","Cycle Inspection / Initial Inspection"
"50046264","STARBUCKS COFFEE","Queens","Coffee/Tea","2026-02-05T00:00:00.000","Not Critical","4","A","2026-02-05T00:00:00.000","Cycle Inspection / Initial Inspection"
"50119792","LITTLE CHARLI","Manhattan","Pizza","2026-02-05T00:00:00.000","Not Critical","13","A","2026-02-05T00:00:00.000","Cycle Inspection / Re-inspection"
"41381879","DUNKIN","Queens","Donuts","2026-02-05T00:00:00.000","Critical","10","A","2026-02-05T00:00:00.000","Cycle Inspection / Initial Inspection"
"50129771","LIN'S GOURMET","Manhattan","Chinese","2026-02-05T00:00:00.000","Not Critical","8","A","2026-02-05T00:00:00.000","Cycle Inspection / Re-inspection"
"50134787","DEXIN YUAN ZAI BING","Brooklyn","Chinese","2026-02-05T00:00:00.000","Critical","13","A","2026-02-05T00:00:00.000","Cycle Inspection / Re-inspection"
"40911185","PAESANO'S PIZZA","Staten Island","Pizza","2026-02-05T00:00:00.000","Not Critical","9","A","2026-02-05T00:00:00.000","Cycle Inspection / Re-inspection"
"50072190","PIER 69 MARKET","Brooklyn","American","2026-02-05T00:00:00.000","Critical","7","A","2026-02-05T00:00:00.000","Cycle Inspection / Initial Inspection"
"50128678","PIZZA HUT","Manhattan","Pizza","2026-02-05T00:00:00.000","Not Critical","12","A","2026-02-05T00:00:00.000","Cycle Inspection / Initial Inspection"
"50130900","PELICANA CHICKEN","Queens","Korean","2026-02-05T00:00:00.000","Critical","12","A","2026-02-05T00:00:00.000","Cycle Inspection / Initial Inspection"
"50158785","NYC VEGAN BISTRO","Brooklyn","Vegan","2026-02-05T00:00:00.000","Not Critical","2","A","2026-02-05T00:00:00.000","Pre-permit (Operational) / Re-inspection"
"50148724","KORKSCREW BISTRO","Brooklyn","American","2026-02-05T00:00:00.000","Critical","12","A","2026-02-05T00:00:00.000","Cycle Inspection / Initial Inspection"
"50120356","CHOP & GO","Manhattan","Salads","2026-02-05T00:00:00.000","Not Critical","5","A","2026-02-05T00:00:00.000","Cycle Inspection / Initial Inspection"
"50000880","PARKER & QUINN","Manhattan","American","2026-02-05T00:00:00.000","Not Critical","11","A","2026-02-05T00:00:00.000","Cycle Inspection / Initial Inspection"
"50159882","SAKE BAR ASOKO","Manhattan","Japanese","2026-02-05T00:00:00.000","Critical","12","A","2026-02-05T00:00:00.000","Pre-permit (Operational) / Initial Inspection"
"50148583","BLUESTONE LANE","Manhattan","Coffee/Tea","2026-02-05T00:00:00.000","Critical","12","A","2026-02-05T00:00:00.000","Cycle Inspection / Initial Inspection"
"50043459","OSAKA JAPANESE RESTAURANT","Brooklyn","Japanese","2026-02-05T00:00:00.000","Not Critical","7","A","2026-02-05T00:00:00.000","Cycle Inspection / Initial Inspection"
"50145274","RENAISSANCE TIMES SQUARE, MANAGED BY MERRITT HOSPITALITY LLC","Manhattan","American","2026-02-05T00:00:00.000","Not Critical","11","A","2026-02-05T00:00:00.000","Cycle Inspection / Re-inspection"
"50162729","SARANDA CAFE","Manhattan","Coffee/Tea","2026-02-05T00:00:00.000","Not Critical","13","A","2026-02-05T00:00:00.000","Pre-permit (Operational) / Initial Inspection"
"40893866","DOMINO'S","Manhattan","Pizza","2026-02-05T00:00:00.000","Critical","7","A","2026-02-05T00:00:00.000","Cycle Inspection / Initial Inspection"
"40596359","NEW YORKER HOTEL KITCHEN","Manhattan","American","2026-02-05T00:00:00.000","Critical","12","A","2026-02-05T00:00:00.000","Cycle Inspection / Initial Inspection"
"50128678","PIZZA HUT","Manhattan","Pizza","2026-02-05T00:00:00.000","Not Critical","12","A","2026-02-05T00:00:00.000","Cycle Inspection / Initial Inspection"
"50041322","CRAVE FISH BAR","Manhattan","American","2026-02-05T00:00:00.000","Not Critical","12","A","2026-02-05T00:00:00.000","Cycle Inspection / Initial Inspection"
"50148583","BLUESTONE LANE","Manhattan","Coffee/Tea","2026-02-05T00:00:00.000","Critical","12","A","2026-02-05T00:00:00.000","Cycle Inspection / Initial Inspection"
"50171407","MURRAY CAFE","Manhattan","Filipino","2026-02-05T00:00:00.000","Not Critical","13","A","2026-02-05T00:00:00.000","Pre-permit (Operational) / Re-inspection"
"41298880","BURGER KING","Bronx","Hamburgers","2026-02-05T00:00:00.000","Not Critical","5","A","2026-02-05T00:00:00.000","Cycle Inspection / Initial Inspection"
"40853915","VISTA HERMOSA RESTAURANT","Bronx","Mexican","2026-02-05T00:00:00.000","Critical","7","A","2026-02-05T00:00:00.000","Cycle Inspection / Initial Inspection"
"50017760","PETER PAN DONUT & PASTRY SHOP","Brooklyn","Bakery Products/Desserts","2026-02-05T00:00:00.000","Not Critical","4","A","2026-02-05T00:00:00.000","Cycle Inspection / Initial Inspection"
"41381879","DUNKIN","Queens","Donuts","2026-02-05T00:00:00.000","Not Critical","10","A","2026-02-05T00:00:00.000","Cycle Inspection / Initial Inspection"
"50121741","DAILY DOSE JUICE BAR & CAFE","Queens","Juice, Smoothies, Fruit Salads","2026-02-05T00:00:00.000","Critical","8","A","2026-02-05T00:00:00.000","Cycle Inspection / Re-inspection"
"50088158","XIANG HOTPOT","Brooklyn","Chinese","2026-02-05T00:00:00.000","Not Critical","13","A","2026-02-05T00:00:00.000","Cycle Inspection / Initial Inspection"
"50008221","BUONA PIZZA RESTAURANT","Queens","Pizza","2026-02-05T00:00:00.000","Not Critical","11","A","2026-02-05T00:00:00.000","Cycle Inspection / Initial Inspection"
"50148190","SHERATON NEW YORK TIMES SQUARE - PASTRY KITCHEN","Manhattan","Bakery Products/Desserts","2026-02-05T00:00:00.000","Not Critical","9","A","2026-02-05T00:00:00.000","Cycle Inspection / Initial Inspection"
"50017760","PETER PAN DONUT & PASTRY SHOP","Brooklyn","Bakery Products/Desserts","2026-02-05T00:00:00.000","Not Critical","4","A","2026-02-05T00:00:00.000","Cycle Inspection / Initial Inspection"
"50128678","PIZZA HUT","Manhattan","Pizza","2026-02-05T00:00:00.000","Critical","12","A","2026-02-05T00:00:00.000","Cycle Inspection / Initial Inspection"
"50174431","HI FRY BK 88","Brooklyn","Chinese","2026-02-05T00:00:00.000","Not Critical","11","A","2026-02-05T00:00:00.000","Pre-permit (Operational) / Re-inspection"
"50119792","LITTLE CHARLI","Manhattan","Pizza","2026-02-05T00:00:00.000","Critical","13","A","2026-02-05T00:00:00.000","Cycle Inspection / Re-inspection"
"50170671","ZARA EXPRESS","Manhattan","Turkish","2026-02-05T00:00:00.000","Not Critical","13","A","2026-02-05T00:00:00.000","Pre-permit (Operational) / Initial Inspection"
"50163326","NYC GREENS PLAZA DELI","Queens","Sandwiches/Salads/Mixed Buffet","2026-02-05T00:00:00.000","Critical","12","A","2026-02-05T00:00:00.000","Pre-permit (Operational) / Initial Inspection"
"50123206","POPEYES","Queens","Chicken","2026-02-05T00:00:00.000","Not Critical","6","A","2026-02-05T00:00:00.000","Cycle Inspection / Initial Inspection"
"50107271","OVA CAFE MEZZ","Manhattan","American","2026-02-05T00:00:00.000","Not Critical","7","A","2026-02-05T00:00:00.000","Cycle Inspection / Initial Inspection"
"50140402","CULL & PISTOL (LOBSTER PLACE)","Manhattan","Seafood","2026-02-05T00:00:00.000","Not Critical","13","A","2026-02-05T00:00:00.000","Cycle Inspection / Initial Inspection"
"50075270","NEW TONY'S DRAGON 1","Queens","Chinese","2026-02-05T00:00:00.000","Critical","12","A","2026-02-05T00:00:00.000","Cycle Inspection / Initial Inspection"
"50134714","COLETTE","Manhattan","French","2026-02-05T00:00:00.000","Not Critical","2","A","2026-02-05T00:00:00.000","Cycle Inspection / Initial Inspection"
"50106862","MONTAGUE STREET BAGELS","Brooklyn","Bagels/Pretzels","2026-02-05T00:00:00.000","Critical","9","A","2026-02-05T00:00:00.000","Cycle Inspection / Re-inspection"
"50106862","MONTAGUE STREET BAGELS","Brooklyn","Bagels/Pretzels","2026-02-05T00:00:00.000","Not Critical","9","A","2026-02-05T00:00:00.000","Cycle Inspection / Re-inspection"
"50174431","HI FRY BK 88","Brooklyn","Chinese","2026-02-05T00:00:00.000","Critical","11","A","2026-02-05T00:00:00.000","Pre-permit (Operational) / Re-inspection"
"50178013","97 HAPPY KTV","Manhattan","Other","2026-02-05T00:00:00.000","Critical","10","A","2026-02-05T00:00:00.000","Pre-permit (Operational) / Initial Inspection"
"50164868","PASTA LAB","Manhattan","Italian","2026-02-05T00:00:00.000","Not Critical","9","A","2026-02-05T00:00:00.000","Pre-permit (Operational) / Re-inspection"
"50126011","NEREA","Manhattan","Mediterranean","2026-02-05T00:00:00.000","Not Critical","13","A","2026-02-05T00:00:00.000","Cycle Inspection / Initial Inspection"
"50074901","BUSHNIWA","Brooklyn","Japanese","2026-02-05T00:00:00.000","Not Critical","13","A","2026-02-05T00:00:00.000","Cycle Inspection / Initial Inspection"
"50108061","CHICK-FIL-A","Queens","Chicken","2026-02-05T00:00:00.000","Critical","7","A","2026-02-05T00:00:00.000","Cycle Inspection / Initial Inspection"
"50163326","NYC GREENS PLAZA DELI","Queens","Sandwiches/Salads/Mixed Buffet","2026-02-05T00:00:00.000","Not Critical","12","A","2026-02-05T00:00:00.000","Pre-permit (Operational) / Initial Inspection"
"40933506","GANNI'S PIZZERIA","Brooklyn","Pizza","2026-02-05T00:00:00.000","Not Critical","9","A","2026-02-05T00:00:00.000","Cycle Inspection / Initial Inspection"
"50074901","BUSHNIWA","Brooklyn","Japanese","2026-02-05T00:00:00.000","Not Critical","13","A","2026-02-05T00:00:00.000","Cycle Inspection / Initial Inspection"
"50154027","CHICK FIL A","Manhattan","American","2026-02-05T00:00:00.000","Critical","7","A","2026-02-05T00:00:00.000","Cycle Inspection / Initial Inspection"
"50145249","GONG FU XIAO LONG BAO","Brooklyn","Chinese","2026-02-05T00:00:00.000","Critical","12","A","2026-02-05T00:00:00.000","Cycle Inspection / Initial Inspection"
"50000880","PARKER & QUINN","Manhattan","American","2026-02-05T00:00:00.000","Critical","11","A","2026-02-05T00:00:00.000","Cycle Inspection / Initial Inspection"
"40853915","VISTA HERMOSA RESTAURANT","Bronx","Mexican","2026-02-05T00:00:00.000","Not Critical","7","A","2026-02-05T00:00:00.000","Cycle Inspection / Initial Inspection"
"50098700","D K","Manhattan","American","2026-02-05T00:00:00.000","Critical","10","A","2026-02-05T00:00:00.000","Cycle Inspection / Re-inspection"
"50126011","NEREA","Manhattan","Mediterranean","2026-02-05T00:00:00.000","Critical","13","A","2026-02-05T00:00:00.000","Cycle Inspection / Initial Inspection"
"40596359","NEW YORKER HOTEL KITCHEN","Manhattan","American","2026-02-05T00:00:00.000","Not Critical","12","A","2026-02-05T00:00:00.000","Cycle Inspection / Initial Inspection"
"50170671","ZARA EXPRESS","Manhattan","Turkish","2026-02-05T00:00:00.000","Not Critical","13","A","2026-02-05T00:00:00.000","Pre-permit (Operational) / Initial Inspection"
"50107907","VILLAGE SQUARE PIZZA II","Manhattan","Pizza","2026-02-05T00:00:00.000","Critical","13","A","2026-02-05T00:00:00.000","Cycle Inspection / Initial Inspection"
"50129771","LIN'S GOURMET","Manhattan","Chinese","2026-02-05T00:00:00.000","Not Critical","8","A","2026-02-05T00:00:00.000","Cycle Inspection / Re-inspection"
"50148190","SHERATON NEW YORK TIMES SQUARE - PASTRY KITCHEN","Manhattan","Bakery Products/Desserts","2026-02-05T00:00:00.000","Not Critical","9","A","2026-02-05T00:00:00.000","Cycle Inspection / Initial Inspection"
"40911185","PAESANO'S PIZZA","Staten Island","Pizza","2026-02-05T00:00:00.000","Critical","9","A","2026-02-05T00:00:00.000","Cycle Inspection / Re-inspection"
"50156027","WENDY'S","Queens","Hamburgers","2026-02-05T00:00:00.000","Not Critical","9","A","2026-02-05T00:00:00.000","Cycle Inspection / Initial Inspection"
"50154027","CHICK FIL A","Manhattan","American","2026-02-05T00:00:00.000","Not Critical","7","A","2026-02-05T00:00:00.000","Cycle Inspection / Initial Inspection"
"50108061","CHICK-FIL-A","Queens","Chicken","2026-02-05T00:00:00.000","Not Critical","7","A","2026-02-05T00:00:00.000","Cycle Inspection / Initial Inspection"
"50107271","OVA CAFE MEZZ","Manhattan","American","2026-02-05T00:00:00.000","Not Critical","7","A","2026-02-05T00:00:00.000","Cycle Inspection / Initial Inspection"
"40551234","THE GIN MILL","Manhattan","American","2026-02-05T00:00:00.000","Not Critical","13","A","2026-02-05T00:00:00.000","Cycle Inspection / Initial Inspection"
"50170671","ZARA EXPRESS","Manhattan","Turkish","2026-02-05T00:00:00.000","Not Critical","13","A","2026-02-05T00:00:00.000","Pre-permit (Operational) / Initial Inspection"
"40551234","THE GIN MILL","Manhattan","American","2026-02-05T00:00:00.000","Critical","13","A","2026-02-05T00:00:00.000","Cycle Inspection / Initial Inspection"
"50169887","MR. WONTON","Queens","Chinese","2026-02-05T00:00:00.000","Not Critical","4","A","2026-02-05T00:00:00.000","Pre-permit (Operational) / Re-inspection"
"50148583","BLUESTONE LANE","Manhattan","Coffee/Tea","2026-02-05T00:00:00.000","Not Critical","12","A","2026-02-05T00:00:00.000","Cycle Inspection / Initial Inspection"
"50156027","WENDY'S","Queens","Hamburgers","2026-02-05T00:00:00.000","Critical","9","A","2026-02-05T00:00:00.000","Cycle Inspection / Initial Inspection"
"50097395","ARTICHOKE BASILLE'S PIZZA","Manhattan","Pizza","2026-02-05T00:00:00.000","Not Critical","7","A","2026-02-05T00:00:00.000","Cycle Inspection / Initial Inspection"
"50112166","SALA","Queens","Spanish","2026-02-05T00:00:00.000","Critical","9","A","2026-02-05T00:00:00.000","Cycle Inspection / Initial Inspection"
"50098700","D K","Manhattan","American","2026-02-05T00:00:00.000","Not Critical","10","A","2026-02-05T00:00:00.000","Cycle Inspection / Re-inspection"
"50075270","NEW TONY'S DRAGON 1","Queens","Chinese","2026-02-05T00:00:00.000","Critical","12","A","2026-02-05T00:00:00.000","Cycle Inspection / Initial Inspection"
"50107907","VILLAGE SQUARE PIZZA II","Manhattan","Pizza","2026-02-05T00:00:00.000","Critical","13","A","2026-02-05T00:00:00.000","Cycle Inspection / Initial Inspection"
"40933506","GANNI'S PIZZERIA","Brooklyn","Pizza","2026-02-05T00:00:00.000","Critical","9","A","2026-02-05T00:00:00.000","Cycle Inspection / Initial Inspection"
"50169553","CAFFE PANNA","Brooklyn","Frozen Desserts","2026-02-05T00:00:00.000","Not Critical","2","A","2026-02-05T00:00:00.000","Pre-permit (Operational) / Initial Inspection"
"50000880","PARKER & QUINN","Manhattan","American","2026-02-05T00:00:00.000","Not Critical","11","A","2026-02-05T00:00:00.000","Cycle Inspection / Initial Inspection"
"50154615","BAMBOO GARDEN","Brooklyn","Chinese","2026-02-05T00:00:00.000","Critical","9","A","2026-02-05T00:00:00.000","Cycle Inspection / Re-inspection"
"50174431","HI FRY BK 88","Brooklyn","Chinese","2026-02-05T00:00:00.000","Not Critical","11","A","2026-02-05T00:00:00.000","Pre-permit (Operational) / Re-inspection"
"50116515","EL AGUACATE BAR RESTAURANT","Bronx","Mexican","2026-02-05T00:00:00.000","Critical","11","A","2026-02-05T00:00:00.000","Cycle Inspection / Re-inspection"
"50043459","OSAKA JAPANESE RESTAURANT","Brooklyn","Japanese","2026-02-05T00:00:00.000","Not Critical","7","A","2026-02-05T00:00:00.000","Cycle Inspection / Initial Inspection"
"50148724","KORKSCREW BISTRO","Brooklyn","American","2026-02-05T00:00:00.000","Not Critical","12","A","2026-02-05T00:00:00.000","Cycle Inspection / Initial Inspection"
"50123206","POPEYES","Queens","Chicken","2026-02-05T00:00:00.000","Not Critical","6","A","2026-02-05T00:00:00.000","Cycle Inspection / Initial Inspection"
"50169887","MR. WONTON","Queens","Chinese","2026-02-05T00:00:00.000","Not Critical","4","A","2026-02-05T00:00:00.000","Pre-permit (Operational) / Re-inspection"
"50043459","OSAKA JAPANESE RESTAURANT","Brooklyn","Japanese","2026-02-05T00:00:00.000","Not Critical","7","A","2026-02-05T00:00:00.000","Cycle Inspection / Initial Inspection"
"50116515","EL AGUACATE BAR RESTAURANT","Bronx","Mexican","2026-02-05T00:00:00.000","Not Critical","11","A","2026-02-05T00:00:00.000","Cycle Inspection / Re-inspection"
"50074901","BUSHNIWA","Brooklyn","Japanese","2026-02-05T00:00:00.000","Critical","13","A","2026-02-05T00:00:00.000","Cycle Inspection / Initial Inspection"
"50008221","BUONA PIZZA RESTAURANT","Queens","Pizza","2026-02-05T00:00:00.000","Critical","11","A","2026-02-05T00:00:00.000","Cycle Inspection / Initial Inspection"
"50154615","BAMBOO GARDEN","Brooklyn","Chinese","2026-02-05T00:00:00.000","Not Critical","9","A","2026-02-05T00:00:00.000","Cycle Inspection / Re-inspection"
"50148190","SHERATON NEW YORK TIMES SQUARE - PASTRY KITCHEN","Manhattan","Bakery Products/Desserts","2026-02-05T00:00:00.000","Critical","9","A","2026-02-05T00:00:00.000","Cycle Inspection / Initial Inspection"
"50120356","CHOP & GO","Manhattan","Salads","2026-02-05T00:00:00.000","Not Critical","5","A","2026-02-05T00:00:00.000","Cycle Inspection / Initial Inspection"
"50130900","PELICANA CHICKEN","Queens","Korean","2026-02-05T00:00:00.000","Critical","12","A","2026-02-05T00:00:00.000","Cycle Inspection / Initial Inspection"
"50134787","DEXIN YUAN ZAI BING","Brooklyn","Chinese","2026-02-05T00:00:00.000","Critical","13","A","2026-02-05T00:00:00.000","Cycle Inspection / Re-inspection"
"50089364","KRAZY GRILL","Bronx","Chicken","2026-02-04T00:00:00.000","Critical","13","A","2026-02-04T00:00:00.000","Cycle Inspection / Initial Inspection"
"50179315","MAISON BREW","Manhattan","Coffee/Tea","2026-02-04T00:00:00.000","Not Critical","13","A","2026-02-04T00:00:00.000","Pre-permit (Operational) / Initial Inspection"
"50144181","GORKHALI BROOKLYN","Brooklyn","Other","2026-02-04T00:00:00.000","Not Critical","11","A","2026-02-04T00:00:00.000","Cycle Inspection / Initial Inspection"
"40393977","TONY'S PIZZA II","Brooklyn","Pizza","2026-02-04T00:00:00.000","Not Critical","13","A","2026-02-04T00:00:00.000","Cycle Inspection / Initial Inspection"
"41303086","JUST SALAD","Manhattan","Salads","2026-02-04T00:00:00.000","Critical","12","A","2026-02-04T00:00:00.000","Cycle Inspection / Initial Inspection"
"40576044","CIPRIANI DOWNTOWN","Manhattan","Italian","2026-02-04T00:00:00.000","Not Critical","13","A","2026-02-04T00:00:00.000","Cycle Inspection / Initial Inspection"
"40719669","GENNARO'S CATERING HALL","Brooklyn","Italian","2026-02-04T00:00:00.000","Not Critical","12","A","2026-02-04T00:00:00.000","Cycle Inspection / Initial Inspection"
"41087130","THE GYRO PROJECT","Manhattan","American","2026-02-04T00:00:00.000","Critical","13","A","2026-02-04T00:00:00.000","Cycle Inspection / Initial Inspection"
"41303086","JUST SALAD","Manhattan","Salads","2026-02-04T00:00:00.000","Not Critical","12","A","2026-02-04T00:00:00.000","Cycle Inspection / Initial Inspection"
"50063628","BROOKSIDE MARKET","Queens","New American","2026-02-04T00:00:00.000","Critical","12","A","2026-02-04T00:00:00.000","Cycle Inspection / Initial Inspection"
"41644006","FULL CIRCLE BAR","Brooklyn","American","2026-02-04T00:00:00.000","Critical","12","A","2026-02-04T00:00:00.000","Cycle Inspection / Initial Inspection"
"50176619","TRADISYON","Manhattan","Asian/Asian Fusion","2026-02-04T00:00:00.000","Not Critical","12","A","2026-02-04T00:00:00.000","Pre-permit (Operational) / Initial Inspection"
"50127950","MINT HEIGHTS","Brooklyn","Indian","2026-02-04T00:00:00.000","Not Critical","12","A","2026-02-04T00:00:00.000","Cycle Inspection / Initial Inspection"
"50105116","CASA ANDREA","Brooklyn","Peruvian","2026-02-04T00:00:00.000","Not Critical","12","A","2026-02-04T00:00:00.000","Cycle Inspection / Initial Inspection"
"50130299","GEN KOREAN BBQ HOUSE","Manhattan","Korean","2026-02-04T00:00:00.000","Critical","12","A","2026-02-04T00:00:00.000","Cycle Inspection / Initial Inspection"
"50127950","MINT HEIGHTS","Brooklyn","Indian","2026-02-04T00:00:00.000","Critical","12","A","2026-02-04T00:00:00.000","Cycle Inspection / Initial Inspection"
"50156057","WENDYS","Brooklyn","Hamburgers","2026-02-04T00:00:00.000","Not Critical","5","A","2026-02-04T00:00:00.000","Cycle Inspection / Initial Inspection"
"50134929","GREGORY'S COFFEE","Manhattan","Coffee/Tea","2026-02-04T00:00:00.000","Not Critical","5","A","2026-02-04T00:00:00.000","Cycle Inspection / Initial Inspection"
"50168931","ZIYAN CHICKEN","Manhattan","Chinese","2026-02-04T00:00:00.000","Not Critical","2","A","2026-02-04T00:00:00.000","Pre-permit (Operational) / Initial Inspection"
"50179315","MAISON BREW","Manhattan","Coffee/Tea","2026-02-04T00:00:00.000","Not Critical","13","A","2026-02-04T00:00:00.000","Pre-permit (Operational) / Initial Inspection"
"50162110","STARBUCKS COFFEE # 7745","Bronx","Coffee/Tea","2026-02-04T00:00:00.000","Not Critical","9","A","2026-02-04T00:00:00.000","Cycle Inspection / Re-inspection"
"41549862","LUCIANO'S PIZZA","Bronx","Pizza","2026-02-04T00:00:00.000","Not Critical","13","A","2026-02-04T00:00:00.000","Cycle Inspection / Initial Inspection"
"50111956","HAPPY GARDEN","Queens","Chinese","2026-02-04T00:00:00.000","Not Critical","10","A","2026-02-04T00:00:00.000","Cycle Inspection / Re-inspection"
"50140490","SAILOR","Brooklyn","American","2026-02-04T00:00:00.000","Critical","7","A","2026-02-04T00:00:00.000","Cycle Inspection / Initial Inspection"
"50122870","DOMINO'S PIZZA #3687","Manhattan","Pizza","2026-02-04T00:00:00.000","Not Critical","13","A","2026-02-04T00:00:00.000","Cycle Inspection / Re-inspection"
"41303086","JUST SALAD","Manhattan","Salads","2026-02-04T00:00:00.000","Not Critical","12","A","2026-02-04T00:00:00.000","Cycle Inspection / Initial Inspection"
"50124130","SHAKE SHACK","Manhattan","American","2026-02-04T00:00:00.000","Not Critical","4","A","2026-02-04T00:00:00.000","Cycle Inspection / Initial Inspection"
"41622870","SUBWAY","Manhattan","Sandwiches","2026-02-04T00:00:00.000","Not Critical","9","A","2026-02-04T00:00:00.000","Cycle Inspection / Initial Inspection"
"50093071","SAVORY THAI","Brooklyn","Thai","2026-02-04T00:00:00.000","Not Critical","4","A","2026-02-04T00:00:00.000","Cycle Inspection / Initial Inspection"
"40393977","TONY'S PIZZA II","Brooklyn","Pizza","2026-02-04T00:00:00.000","Critical","13","A","2026-02-04T00:00:00.000","Cycle Inspection / Initial Inspection"
"41156745","ROEBLING SPORTING CLUB","Brooklyn","American","2026-02-04T00:00:00.000","Critical","12","A","2026-02-04T00:00:00.000","Cycle Inspection / Initial Inspection"
"40388253","THE PIZZA PLACE","Bronx","Pizza","2026-02-04T00:00:00.000","Not Critical","7","A","2026-02-04T00:00:00.000","Cycle Inspection / Initial Inspection"
"41156745","ROEBLING SPORTING CLUB","Brooklyn","American","2026-02-04T00:00:00.000","Not Critical","12","A","2026-02-04T00:00:00.000","Cycle Inspection / Initial Inspection"
"50118931","MOMOYA SOHO","Manhattan","Japanese","2026-02-04T00:00:00.000","Not Critical","6","A","2026-02-04T00:00:00.000","Cycle Inspection / Re-inspection"
"41271988","ECUADORIAN FOOD RESTAURANT","Queens","Latin American","2026-02-04T00:00:00.000","Critical","5","A","2026-02-04T00:00:00.000","Cycle Inspection / Initial Inspection"
"50087299","LINCOLN FRIED CHICKEN","Bronx","Chicken","2026-02-04T00:00:00.000","Not Critical","9","A","2026-02-04T00:00:00.000","Cycle Inspection / Re-inspection"
"50000500","STARBUCKS","Manhattan","Coffee/Tea","2026-02-04T00:00:00.000","Critical","10","A","2026-02-04T00:00:00.000","Cycle Inspection / Initial Inspection"
"50150897","FAIRFIELD INN & SUITES BY MARRIOTT","Staten Island","Continental","2026-02-04T00:00:00.000","Critical","10","A","2026-02-04T00:00:00.000","Cycle Inspection / Re-inspection"
"50087299","LINCOLN FRIED CHICKEN","Bronx","Chicken","2026-02-04T00:00:00.000","Not Critical","9","A","2026-02-04T00:00:00.000","Cycle Inspection / Re-inspection"
"50095105","JOE BAKERY INC","Brooklyn","Chinese","2026-02-04T00:00:00.000","Not Critical","12","A","2026-02-04T00:00:00.000","Cycle Inspection / Initial Inspection"
"50118931","MOMOYA SOHO","Manhattan","Japanese","2026-02-04T00:00:00.000","Not Critical","6","A","2026-02-04T00:00:00.000","Cycle Inspection / Re-inspection"
"50095247","CEREMONIA BAKESHOP","Brooklyn","Coffee/Tea","2026-02-04T00:00:00.000","Critical","13","A","2026-02-04T00:00:00.000","Cycle Inspection / Initial Inspection"
"50008585","PHO 32","Queens","Southeast Asian","2026-02-04T00:00:00.000","Not Critical","9","A","2026-02-04T00:00:00.000","Cycle Inspection / Re-inspection"
"50063628","BROOKSIDE MARKET","Queens","New American","2026-02-04T00:00:00.000","Critical","12","A","2026-02-04T00:00:00.000","Cycle Inspection / Initial Inspection"
"40576044","CIPRIANI DOWNTOWN","Manhattan","Italian","2026-02-04T00:00:00.000","Critical","13","A","2026-02-04T00:00:00.000","Cycle Inspection / Initial Inspection"
"50174590","LE BOTANISTE","Brooklyn","Vegetarian","2026-02-04T00:00:00.000","Critical","9","A","2026-02-04T00:00:00.000","Pre-permit (Operational) / Initial Inspection"
"50120357","MCDONALD'S","Manhattan","American","2026-02-04T00:00:00.000","Not Applicable","0","A","2026-02-04T00:00:00.000","Cycle Inspection / Initial Inspection"
"40530630","NACIONAL BAKERY #1","Bronx","Bakery Products/Desserts","2026-02-04T00:00:00.000","Critical","12","A","2026-02-04T00:00:00.000","Cycle Inspection / Initial Inspection"
"50168437","OLIVE'S","Manhattan","American","2026-02-04T00:00:00.000","Critical","10","A","2026-02-04T00:00:00.000","Pre-permit (Operational) / Re-inspection"
"50093996","TASTY DELICIOUS WEST INDIAN BAKERY & RESTAURANT","Brooklyn","Caribbean","2026-02-04T00:00:00.000","Not Critical","3","A","2026-02-04T00:00:00.000","Cycle Inspection / Initial Inspection"
"50122870","DOMINO'S PIZZA #3687","Manhattan","Pizza","2026-02-04T00:00:00.000","Critical","13","A","2026-02-04T00:00:00.000","Cycle Inspection / Re-inspection"
"50088444","VAN LEEUWEN ICE CREAM","Manhattan","Frozen Desserts","2026-02-04T00:00:00.000","Not Critical","11","A","2026-02-04T00:00:00.000","Cycle Inspection / Initial Inspection"
"41622870","SUBWAY","Manhattan","Sandwiches","2026-02-04T00:00:00.000","Critical","9","A","2026-02-04T00:00:00.000","Cycle Inspection / Initial Inspection"
"50008585","PHO 32","Queens","Southeast Asian","2026-02-04T00:00:00.000","Critical","9","A","2026-02-04T00:00:00.000","Cycle Inspection / Re-inspection"
"40393977","TONY'S PIZZA II","Brooklyn","Pizza","2026-02-04T00:00:00.000","Not Critical","13","A","2026-02-04T00:00:00.000","Cycle Inspection / Initial Inspection"
"40576044","CIPRIANI DOWNTOWN","Manhattan","Italian","2026-02-04T00:00:00.000","Not Critical","13","A","2026-02-04T00:00:00.000","Cycle Inspection / Initial Inspection"
"50131480","HIDDEN GROUNDS","Brooklyn","Coffee/Tea","2026-02-04T00:00:00.000","Not Critical","13","A","2026-02-04T00:00:00.000","Cycle Inspection / Initial Inspection"
"41381335","ISLAND ROTI SHOP","Queens","Caribbean","2026-02-04T00:00:00.000","Critical","5","A","2026-02-04T00:00:00.000","Cycle Inspection / Re-inspection"
"50174590","LE BOTANISTE","Brooklyn","Vegetarian","2026-02-04T00:00:00.000","Not Critical","9","A","2026-02-04T00:00:00.000","Pre-permit (Operational) / Initial Inspection"
"50140490","SAILOR","Brooklyn","American","2026-02-04T00:00:00.000","Not Critical","7","A","2026-02-04T00:00:00.000","Cycle Inspection / Initial Inspection"
"50152299","LITTLE HEN","Manhattan","American","2026-02-04T00:00:00.000","Critical","10","A","2026-02-04T00:00:00.000","Cycle Inspection / Re-inspection"
"40388253","THE PIZZA PLACE","Bronx","Pizza","2026-02-04T00:00:00.000","Critical","7","A","2026-02-04T00:00:00.000","Cycle Inspection / Initial Inspection"
"40635976","LATIN BAKERY","Queens","Latin American","2026-02-04T00:00:00.000","Not Critical","11","A","2026-02-04T00:00:00.000","Cycle Inspection / Initial Inspection"
"50128886","FRESCO & RAPIDO","Bronx","Spanish","2026-02-04T00:00:00.000","Not Critical","11","A","2026-02-04T00:00:00.000","Cycle Inspection / Initial Inspection"
"41622870","SUBWAY","Manhattan","Sandwiches","2026-02-04T00:00:00.000","Not Critical","9","A","2026-02-04T00:00:00.000","Cycle Inspection / Initial Inspection"
"50130299","GEN KOREAN BBQ HOUSE","Manhattan","Korean","2026-02-04T00:00:00.000","Not Critical","12","A","2026-02-04T00:00:00.000","Cycle Inspection / Initial Inspection"
"50058238","WANG EASTERN OF ZHANG","Bronx","Chinese","2026-02-04T00:00:00.000","Critical","7","A","2026-02-04T00:00:00.000","Cycle Inspection / Initial Inspection"
"50131480","HIDDEN GROUNDS","Brooklyn","Coffee/Tea","2026-02-04T00:00:00.000","Critical","13","A","2026-02-04T00:00:00.000","Cycle Inspection / Initial Inspection"
"50130299","GEN KOREAN BBQ HOUSE","Manhattan","Korean","2026-02-04T00:00:00.000","Not Critical","12","A","2026-02-04T00:00:00.000","Cycle Inspection / Initial Inspection"
"50118356","ORIGINAL MIKE'S PIZZA","Brooklyn","Italian","2026-02-04T00:00:00.000","Critical","12","A","2026-02-04T00:00:00.000","Cycle Inspection / Initial Inspection"
"50179315","MAISON BREW","Manhattan","Coffee/Tea","2026-02-04T00:00:00.000","Critical","13","A","2026-02-04T00:00:00.000","Pre-permit (Operational) / Initial Inspection"
"50127950","MINT HEIGHTS","Brooklyn","Indian","2026-02-04T00:00:00.000","Not Critical","12","A","2026-02-04T00:00:00.000","Cycle Inspection / Initial Inspection"
"50121150","LIBERTY KENNEDY FRIED CHICKEN & PIZZA","Queens","American","2026-02-04T00:00:00.000","Not Critical","7","A","2026-02-04T00:00:00.000","Cycle Inspection / Re-inspection"
"41281518","MOODY'S CAFETERIA","Manhattan","American","2026-02-04T00:00:00.000","Not Critical","8","A","2026-02-04T00:00:00.000","Cycle Inspection / Re-inspection"
"50179225","TACOS DEL BARRIO","Manhattan","Mexican","2026-02-04T00:00:00.000","Not Critical","13","A","2026-02-04T00:00:00.000","Pre-permit (Operational) / Initial Inspection"
"50108597","TOFU BOX","Brooklyn","Vegetarian","2026-02-04T00:00:00.000","Critical","6","A","2026-02-04T00:00:00.000","Cycle Inspection / Initial Inspection"
"50165996","APOLLO BAGELS","Manhattan","Bagels/Pretzels","2026-02-04T00:00:00.000","Critical","9","A","2026-02-04T00:00:00.000","Pre-permit (Operational) / Re-inspection"
"50107791","THE GALLERY","Manhattan","Japanese","2026-02-04T00:00:00.000","Not Critical","8","A","2026-02-04T00:00:00.000","Cycle Inspection / Initial Inspection"
"50122870","DOMINO'S PIZZA #3687","Manhattan","Pizza","2026-02-04T00:00:00.000","Not Critical","13","A","2026-02-04T00:00:00.000","Cycle Inspection / Re-inspection"
"50165387","CAPITAL ONE CAFE","Manhattan","Coffee/Tea","2026-02-04T00:00:00.000","Critical","12","A","2026-02-04T00:00:00.000","Pre-permit (Operational) / Re-inspection"
"50122743","ROKA MODERN MEDITERRANEAN","Brooklyn","Mediterranean","2026-02-04T00:00:00.000","Critical","5","A","2026-02-04T00:00:00.000","Cycle Inspection / Initial Inspection"
"50096278","MODI TO GEORGIA","Brooklyn","Eastern European","2026-02-04T00:00:00.000","Critical","10","A","2026-02-04T00:00:00.000","Cycle Inspection / Initial Inspection"
"40576044","CIPRIANI DOWNTOWN","Manhattan","Italian","2026-02-04T00:00:00.000","Not Critical","13","A","2026-02-04T00:00:00.000","Cycle Inspection / Initial Inspection"
"50114570","NEW JADE GARDEN","Queens","Chinese","2026-02-04T00:00:00.000","Critical","12","A","2026-02-04T00:00:00.000","Cycle Inspection / Re-inspection"
"50103016","THE HAWKSMOOR","Manhattan","Steakhouse","2026-02-04T00:00:00.000","Not Critical","9","A","2026-02-04T00:00:00.000","Cycle Inspection / Initial Inspection"
"50095247","CEREMONIA BAKESHOP","Brooklyn","Coffee/Tea","2026-02-04T00:00:00.000","Critical","13","A","2026-02-04T00:00:00.000","Cycle Inspection / Initial Inspection"
"50099171","CHINGOO RESTAURANT","Brooklyn","Korean","2026-02-04T00:00:00.000","Not Critical","4","A","2026-02-04T00:00:00.000","Cycle Inspection / Initial Inspection"
"50118356","ORIGINAL MIKE'S PIZZA","Brooklyn","Italian","2026-02-04T00:00:00.000","Critical","12","A","2026-02-04T00:00:00.000","Cycle Inspection / Initial Inspection"
"50142187","ROMA PIZZA","Manhattan","Pizza","2026-02-04T00:00:00.000","Not Critical","7","A","2026-02-04T00:00:00.000","Cycle Inspection / Initial Inspection"
"50089364","KRAZY GRILL","Bronx","Chicken","2026-02-04T00:00:00.000","Critical","13","A","2026-02-04T00:00:00.000","Cycle Inspection / Initial Inspection"
"50162110","STARBUCKS COFFEE # 7745","Bronx","Coffee/Tea","2026-02-04T00:00:00.000","Critical","9","A","2026-02-04T00:00:00.000","Cycle Inspection / Re-inspection"
"50095105","JOE BAKERY INC","Brooklyn","Chinese","2026-02-04T00:00:00.000","Critical","12","A","2026-02-04T00:00:00.000","Cycle Inspection / Initial Inspection"
"50000500","STARBUCKS","Manhattan","Coffee/Tea","2026-02-04T00:00:00.000","Not Critical","10","A","2026-02-04T00:00:00.000","Cycle Inspection / Initial Inspection"
"50165996","APOLLO BAGELS","Manhattan","Bagels/Pretzels","2026-02-04T00:00:00.000","Not Critical","9","A","2026-02-04T00:00:00.000","Pre-permit (Operational) / Re-inspection"
"50095406","DUNKIN' / MARKET AT UHALL","Manhattan","American","2026-02-04T00:00:00.000","Not Critical","3","A","2026-02-04T00:00:00.000","Cycle Inspection / Re-inspection"
"41391103","DUNKIN","Manhattan","Donuts","2026-02-04T00:00:00.000","Not Critical","3","A","2026-02-04T00:00:00.000","Cycle Inspection / Initial Inspection"
"50176619","TRADISYON","Manhattan","Asian/Asian Fusion","2026-02-04T00:00:00.000","Critical","12","A","2026-02-04T00:00:00.000","Pre-permit (Operational) / Initial Inspection"
"50000161","CHARLIE BIRD","Manhattan","Italian","2026-02-04T00:00:00.000","Not Critical","7","A","2026-02-04T00:00:00.000","Cycle Inspection / Initial Inspection"
"41549862","LUCIANO'S PIZZA","Bronx","Pizza","2026-02-04T00:00:00.000","Critical","13","A","2026-02-04T00:00:00.000","Cycle Inspection / Initial Inspection"
"50143468","YOZI","Queens","Chinese","2026-02-04T00:00:00.000","Not Critical","12","A","2026-02-04T00:00:00.000","Cycle Inspection / Re-inspection"
"40635976","LATIN BAKERY","Queens","Latin American","2026-02-04T00:00:00.000","Not Critical","11","A","2026-02-04T00:00:00.000","Cycle Inspection / Initial Inspection"
"41644006","FULL CIRCLE BAR","Brooklyn","American","2026-02-04T00:00:00.000","Not Critical","12","A","2026-02-04T00:00:00.000","Cycle Inspection / Initial Inspection"
"50142187","ROMA PIZZA","Manhattan","Pizza","2026-02-04T00:00:00.000","Not Critical","7","A","2026-02-04T00:00:00.000","Cycle Inspection / Initial Inspection"
"50093071","SAVORY THAI","Brooklyn","Thai","2026-02-04T00:00:00.000","Not Critical","4","A","2026-02-04T00:00:00.000","Cycle Inspection / Initial Inspection"
"50088444","VAN LEEUWEN ICE CREAM","Manhattan","Frozen Desserts","2026-02-04T00:00:00.000","Not Critical","11","A","2026-02-04T00:00:00.000","Cycle Inspection / Initial Inspection"
"50087299","LINCOLN FRIED CHICKEN","Bronx","Chicken","2026-02-04T00:00:00.000","Not Critical","9","A","2026-02-04T00:00:00.000","Cycle Inspection / Re-inspection"
"50134929","GREGORY'S COFFEE","Manhattan","Coffee/Tea","2026-02-04T00:00:00.000","Not Critical","5","A","2026-02-04T00:00:00.000","Cycle Inspection / Initial Inspection"
"40635976","LATIN BAKERY","Queens","Latin American","2026-02-04T00:00:00.000","Critical","11","A","2026-02-04T00:00:00.000","Cycle Inspection / Initial Inspection"
"50105116","CASA ANDREA","Brooklyn","Peruvian","2026-02-04T00:00:00.000","Critical","12","A","2026-02-04T00:00:00.000","Cycle Inspection / Initial Inspection"
"50174901","ASKILI ORCHARD","Manhattan","Eastern European","2026-02-04T00:00:00.000","Critical","9","A","2026-02-04T00:00:00.000","Pre-permit (Operational) / Initial Inspection"
"50121150","LIBERTY KENNEDY FRIED CHICKEN & PIZZA","Queens","American","2026-02-04T00:00:00.000","Critical","7","A","2026-02-04T00:00:00.000","Cycle Inspection / Re-inspection"
"50127583","POPEYES","Manhattan","Chicken","2026-02-04T00:00:00.000","Critical","12","A","2026-02-04T00:00:00.000","Cycle Inspection / Initial Inspection"
"50150567","FLAVORS & CATERING EVENTS","Manhattan","American","2026-02-04T00:00:00.000","Critical","13","A","2026-02-04T00:00:00.000","Cycle Inspection / Re-inspection"
"50179225","TACOS DEL BARRIO","Manhattan","Mexican","2026-02-04T00:00:00.000","Not Critical","13","A","2026-02-04T00:00:00.000","Pre-permit (Operational) / Initial Inspection"
"50000161","CHARLIE BIRD","Manhattan","Italian","2026-02-04T00:00:00.000","Critical","7","A","2026-02-04T00:00:00.000","Cycle Inspection / Initial Inspection"
"50098716","EATALY NY LLC (KIOSK)","Manhattan","Pizza","2026-02-04T00:00:00.000","Not Critical","2","A","2026-02-04T00:00:00.000","Cycle Inspection / Initial Inspection"
"40719669","GENNARO'S CATERING HALL","Brooklyn","Italian","2026-02-04T00:00:00.000","Not Critical","12","A","2026-02-04T00:00:00.000","Cycle Inspection / Initial Inspection"
"50134539","T.CAFE / BAKERY","Manhattan","Coffee/Tea","2026-02-04T00:00:00.000","Critical","10","A","2026-02-04T00:00:00.000","Cycle Inspection / Re-inspection"
"50128886","FRESCO & RAPIDO","Bronx","Spanish","2026-02-04T00:00:00.000","Critical","11","A","2026-02-04T00:00:00.000","Cycle Inspection / Initial Inspection"
"50103016","THE HAWKSMOOR","Manhattan","Steakhouse","2026-02-04T00:00:00.000","Critical","9","A","2026-02-04T00:00:00.000","Cycle Inspection / Initial Inspection"
"50128886","FRESCO & RAPIDO","Bronx","Spanish","2026-02-04T00:00:00.000","Not Critical","11","A","2026-02-04T00:00:00.000","Cycle Inspection / Initial Inspection"
"50122743","ROKA MODERN MEDITERRANEAN","Brooklyn","Mediterranean","2026-02-04T00:00:00.000","Critical","5","A","2026-02-04T00:00:00.000","Cycle Inspection / Initial Inspection"
"50143468","YOZI","Queens","Chinese","2026-02-04T00:00:00.000","Critical","12","A","2026-02-04T00:00:00.000","Cycle Inspection / Re-inspection"
"41087130","THE GYRO PROJECT","Manhattan","American","2026-02-04T00:00:00.000","Critical","13","A","2026-02-04T00:00:00.000","Cycle Inspection / Initial Inspection"
"50179225","TACOS DEL BARRIO","Manhattan","Mexican","2026-02-04T00:00:00.000","Not Critical","13","A","2026-02-04T00:00:00.000","Pre-permit (Operational) / Initial Inspection"
"41281518","MOODY'S CAFETERIA","Manhattan","American","2026-02-04T00:00:00.000","Critical","8","A","2026-02-04T00:00:00.000","Cycle Inspection / Re-inspection"
"50107791","THE GALLERY","Manhattan","Japanese","2026-02-04T00:00:00.000","Not Critical","8","A","2026-02-04T00:00:00.000","Cycle Inspection / Initial Inspection"
"41644006","FULL CIRCLE BAR","Brooklyn","American","2026-02-04T00:00:00.000","Critical","12","A","2026-02-04T00:00:00.000","Cycle Inspection / Initial Inspection"
"50111956","HAPPY GARDEN","Queens","Chinese","2026-02-04T00:00:00.000","Critical","10","A","2026-02-04T00:00:00.000","Cycle Inspection / Re-inspection"
"50114570","NEW JADE GARDEN","Queens","Chinese","2026-02-04T00:00:00.000","Not Critical","12","A","2026-02-04T00:00:00.000","Cycle Inspection / Re-inspection"
"50098876","SANTOS RESTAURANT 2","Brooklyn","Mexican","2026-02-04T00:00:00.000","Critical","13","A","2026-02-04T00:00:00.000","Cycle Inspection / Initial Inspection"
"50077250","CASA CLEMA RESTAURANT & BAR","Bronx","Latin American","2026-02-04T00:00:00.000","Critical","6","A","2026-02-04T00:00:00.000","Cycle Inspection / Re-inspection"
"50179225","TACOS DEL BARRIO","Manhattan","Mexican","2026-02-04T00:00:00.000","Critical","13","A","2026-02-04T00:00:00.000","Pre-permit (Operational) / Initial Inspection"
"40576044","CIPRIANI DOWNTOWN","Manhattan","Italian","2026-02-04T00:00:00.000","Not Critical","13","A","2026-02-04T00:00:00.000","Cycle Inspection / Initial Inspection"
"41303086","JUST SALAD","Manhattan","Salads","2026-02-04T00:00:00.000","Not Critical","12","A","2026-02-04T00:00:00.000","Cycle Inspection / Initial Inspection"
"40530630","NACIONAL BAKERY #1","Bronx","Bakery Products/Desserts","2026-02-04T00:00:00.000","Not Critical","12","A","2026-02-04T00:00:00.000","Cycle Inspection / Initial Inspection"
"50098876","SANTOS RESTAURANT 2","Brooklyn","Mexican","2026-02-04T00:00:00.000","Critical","13","A","2026-02-04T00:00:00.000","Cycle Inspection / Initial Inspection"
"50174901","ASKILI ORCHARD","Manhattan","Eastern European","2026-02-04T00:00:00.000","Not Critical","9","A","2026-02-04T00:00:00.000","Pre-permit (Operational) / Initial Inspection"
"50058238","WANG EASTERN OF ZHANG","Bronx","Chinese","2026-02-04T00:00:00.000","Not Critical","7","A","2026-02-04T00:00:00.000","Cycle Inspection / Initial Inspection"
"50144181","GORKHALI BROOKLYN","Brooklyn","Other","2026-02-04T00:00:00.000","Not Critical","11","A","2026-02-04T00:00:00.000","Cycle Inspection / Initial Inspection"
"50156057","WENDYS","Brooklyn","Hamburgers","2026-02-04T00:00:00.000","Not Critical","5","A","2026-02-04T00:00:00.000","Cycle Inspection / Initial Inspection"
"50105116","CASA ANDREA","Brooklyn","Peruvian","2026-02-04T00:00:00.000","Not Critical","12","A","2026-02-04T00:00:00.000","Cycle Inspection / Initial Inspection"
"50114570","NEW JADE GARDEN","Queens","Chinese","2026-02-04T00:00:00.000","Critical","12","A","2026-02-04T00:00:00.000","Cycle Inspection / Re-inspection"
"50008585","PHO 32","Queens","Southeast Asian","2026-02-04T00:00:00.000","Not Critical","9","A","2026-02-04T00:00:00.000","Cycle Inspection / Re-inspection"
"50111956","HAPPY GARDEN","Queens","Chinese","2026-02-04T00:00:00.000","Not Critical","10","A","2026-02-04T00:00:00.000","Cycle Inspection / Re-inspection"
"50179225","TACOS DEL BARRIO","Manhattan","Mexican","2026-02-04T00:00:00.000","Not Critical","13","A","2026-02-04T00:00:00.000","Pre-permit (Operational) / Initial Inspection"
"50144181","GORKHALI BROOKLYN","Brooklyn","Other","2026-02-04T00:00:00.000","Critical","11","A","2026-02-04T00:00:00.000","Cycle Inspection / Initial Inspection"
"50099171","CHINGOO RESTAURANT","Brooklyn","Korean","2026-02-04T00:00:00.000","Not Critical","4","A","2026-02-04T00:00:00.000","Cycle Inspection / Initial Inspection"
"50165996","APOLLO BAGELS","Manhattan","Bagels/Pretzels","2026-02-04T00:00:00.000","Not Critical","9","A","2026-02-04T00:00:00.000","Pre-permit (Operational) / Re-inspection"
"50165387","CAPITAL ONE CAFE","Manhattan","Coffee/Tea","2026-02-04T00:00:00.000","Not Critical","12","A","2026-02-04T00:00:00.000","Pre-permit (Operational) / Re-inspection"
"50127583","POPEYES","Manhattan","Chicken","2026-02-04T00:00:00.000","Not Critical","12","A","2026-02-04T00:00:00.000","Cycle Inspection / Initial Inspection"
"40719669","GENNARO'S CATERING HALL","Brooklyn","Italian","2026-02-04T00:00:00.000","Critical","12","A","2026-02-04T00:00:00.000","Cycle Inspection / Initial Inspection"
"50174901","ASKILI ORCHARD","Manhattan","Eastern European","2026-02-04T00:00:00.000","Not Critical","9","A","2026-02-04T00:00:00.000","Pre-permit (Operational) / Initial Inspection"
"50168437","OLIVE'S","Manhattan","American","2026-02-04T00:00:00.000","Critical","10","A","2026-02-04T00:00:00.000","Pre-permit (Operational) / Re-inspection"
"40544813","BENNY'S FAMOUS PIZZA","Brooklyn","Pizza","2026-02-04T00:00:00.000","Critical","8","A","2026-02-04T00:00:00.000","Cycle Inspection / Initial Inspection"
"50089364","KRAZY GRILL","Bronx","Chicken","2026-02-04T00:00:00.000","Not Critical","13","A","2026-02-04T00:00:00.000","Cycle Inspection / Initial Inspection"
"50150567","FLAVORS & CATERING EVENTS","Manhattan","American","2026-02-04T00:00:00.000","Not Critical","13","A","2026-02-04T00:00:00.000","Cycle Inspection / Re-inspection"
"50088444","VAN LEEUWEN ICE CREAM","Manhattan","Frozen Desserts","2026-02-04T00:00:00.000","Critical","11","A","2026-02-04T00:00:00.000","Cycle Inspection / Initial Inspection"
"50127950","MINT HEIGHTS","Brooklyn","Indian","2026-02-04T00:00:00.000","Not Critical","12","A","2026-02-04T00:00:00.000","Cycle Inspection / Initial Inspection"
"40530630","NACIONAL BAKERY #1","Bronx","Bakery Products/Desserts","2026-02-04T00:00:00.000","Critical","12","A","2026-02-04T00:00:00.000","Cycle Inspection / Initial Inspection"
"50105846","CROWN FRIED CHICKEN","Brooklyn","Chicken","2026-02-03T00:00:00.000","Critical","7","A","2026-02-03T00:00:00.000","Cycle Inspection / Re-inspection"
"50091738","DOMINO'S (#3321)","Bronx","Pizza","2026-02-03T00:00:00.000","Not Critical","12","A","2026-02-03T00:00:00.000","Cycle Inspection / Initial Inspection"
"41212437","GOLDEN KRUST CARIBBEAN BAKERY & GRILL","Brooklyn","Caribbean","2026-02-03T00:00:00.000","Not Critical","13","A","2026-02-03T00:00:00.000","Cycle Inspection / Re-inspection"
"41212437","GOLDEN KRUST CARIBBEAN BAKERY & GRILL","Brooklyn","Caribbean","2026-02-03T00:00:00.000","Not Critical","13","A","2026-02-03T00:00:00.000","Cycle Inspection / Re-inspection"
"50142945","ELECTRIC BURRITO","Manhattan","Mexican","2026-02-03T00:00:00.000","Not Critical","7","A","2026-02-03T00:00:00.000","Cycle Inspection / Re-inspection"
"40664304","SOTTO VOCE","Brooklyn","Italian","2026-02-03T00:00:00.000","Critical","13","A","2026-02-03T00:00:00.000","Cycle Inspection / Initial Inspection"
"50126377","P.F. CHANG'S CHINA BISTRO","Manhattan","Chinese","2026-02-03T00:00:00.000","Critical","13","A","2026-02-03T00:00:00.000","Cycle Inspection / Re-inspection"
"50078731","MCDONALD'S","Queens","Hamburgers","2026-02-03T00:00:00.000","Not Critical","3","A","2026-02-03T00:00:00.000","Cycle Inspection / Initial Inspection"
"50099743","DIG INN","Manhattan","American","2026-02-03T00:00:00.000","Not Critical","9","A","2026-02-03T00:00:00.000","Cycle Inspection / Initial Inspection"
"41707090","SARABETH'S","Manhattan","American","2026-02-03T00:00:00.000","Not Critical","12","A","2026-02-03T00:00:00.000","Cycle Inspection / Re-inspection"
"50043327","HAND PULL NOODLE & DUMPLING HOUSE","Brooklyn","Chinese","2026-02-03T00:00:00.000","Not Critical","9","A","2026-02-03T00:00:00.000","Cycle Inspection / Initial Inspection"
"50058785","AMAZE FUSION & LOUNGE","Manhattan","Asian/Asian Fusion","2026-02-03T00:00:00.000","Critical","13","A","2026-02-03T00:00:00.000","Cycle Inspection / Re-inspection"
"41197195","AMC THEATRES","Queens","American","2026-02-03T00:00:00.000","Not Critical","11","A","2026-02-03T00:00:00.000","Cycle Inspection / Initial Inspection"
"50170248","CHOCO WONKA","Queens","French","2026-02-03T00:00:00.000","Not Critical","12","A","2026-02-03T00:00:00.000","Pre-permit (Operational) / Initial Inspection"
"50111156","CORK WINE BAR","Manhattan","French","2026-02-03T00:00:00.000","Critical","12","A","2026-02-03T00:00:00.000","Cycle Inspection / Initial Inspection"
"40664304","SOTTO VOCE","Brooklyn","Italian","2026-02-03T00:00:00.000","Not Critical","13","A","2026-02-03T00:00:00.000","Cycle Inspection / Initial Inspection"
"50174543","CHOP & GO","Manhattan","Salads","2026-02-03T00:00:00.000","Critical","5","A","2026-02-03T00:00:00.000","Pre-permit (Operational) / Initial Inspection"
"41414279","JUST SALAD","Manhattan","Salads","2026-02-03T00:00:00.000","Critical","13","A","2026-02-03T00:00:00.000","Cycle Inspection / Re-inspection"
"41642773","UNION SQUARE EVENTS","Manhattan","American","2026-02-03T00:00:00.000","Not Critical","11","A","2026-02-03T00:00:00.000","Cycle Inspection / Re-inspection"
"50112933","DUNKIN DONUTS","Manhattan","Donuts","2026-02-03T00:00:00.000","Critical","12","A","2026-02-03T00:00:00.000","Cycle Inspection / Initial Inspection"
"50089246","DUNKIN' DONUTS/BASKIN ROBBINS","Manhattan","Donuts","2026-02-03T00:00:00.000","Not Critical","13","A","2026-02-03T00:00:00.000","Cycle Inspection / Initial Inspection"
"50112928","MARVELOUS BY FRED","Manhattan","Bakery Products/Desserts","2026-02-03T00:00:00.000","Critical","8","A","2026-02-03T00:00:00.000","Cycle Inspection / Initial Inspection"
"50032966","DUNKIN store #1115","Manhattan","Donuts","2026-02-03T00:00:00.000","Critical","10","A","2026-02-03T00:00:00.000","Cycle Inspection / Initial Inspection"
"50112933","DUNKIN DONUTS","Manhattan","Donuts","2026-02-03T00:00:00.000","Not Critical","12","A","2026-02-03T00:00:00.000","Cycle Inspection / Initial Inspection"
"50091738","DOMINO'S (#3321)","Bronx","Pizza","2026-02-03T00:00:00.000","Critical","12","A","2026-02-03T00:00:00.000","Cycle Inspection / Initial Inspection"
"50179425","GNOCCHI ON 9TH","Manhattan","Other","2026-02-03T00:00:00.000","Not Critical","13","A","2026-02-03T00:00:00.000","Pre-permit (Operational) / Initial Inspection"
"50069930","LOCO BURRITO","Brooklyn","Mexican","2026-02-03T00:00:00.000","Critical","11","A","2026-02-03T00:00:00.000","Cycle Inspection / Initial Inspection"
"50085687","VENCHI","Manhattan","Frozen Desserts","2026-02-03T00:00:00.000","Critical","8","A","2026-02-03T00:00:00.000","Cycle Inspection / Initial Inspection"
"50010546","DIRTY FRENCH","Manhattan","French","2026-02-03T00:00:00.000","Critical","13","A","2026-02-03T00:00:00.000","Cycle Inspection / Re-inspection"
"50112828","HOT SHOTZ SPORTS BAR","Staten Island","American","2026-02-03T00:00:00.000","Critical","7","A","2026-02-03T00:00:00.000","Cycle Inspection / Initial Inspection"
"50121730","HANCO'S","Brooklyn","Southeast Asian","2026-02-03T00:00:00.000","Critical","11","A","2026-02-03T00:00:00.000","Cycle Inspection / Initial Inspection"
"50159792","LOCANDA VERDE","Manhattan","Italian","2026-02-03T00:00:00.000","Critical","8","A","2026-02-03T00:00:00.000","Pre-permit (Operational) / Initial Inspection"
"50109071","PIZZA HUT","Queens","Pizza","2026-02-03T00:00:00.000","Critical","10","A","2026-02-03T00:00:00.000","Cycle Inspection / Initial Inspection"
"41707677","BAR BIANCHI","Manhattan","Italian","2026-02-03T00:00:00.000","Critical","13","A","2026-02-03T00:00:00.000","Cycle Inspection / Initial Inspection"
"41629592","USULUTECO 2","Brooklyn","Latin American","2026-02-03T00:00:00.000","Not Critical","7","A","2026-02-03T00:00:00.000","Cycle Inspection / Re-inspection"
"41197195","AMC THEATRES","Queens","American","2026-02-03T00:00:00.000","Critical","11","A","2026-02-03T00:00:00.000","Cycle Inspection / Initial Inspection"
"50013400","SAHARA NEW YORK","Queens","Coffee/Tea","2026-02-03T00:00:00.000","Critical","5","A","2026-02-03T00:00:00.000","Cycle Inspection / Initial Inspection"
"50105759","FIFTYLAN","Manhattan","Coffee/Tea","2026-02-03T00:00:00.000","Critical","11","A","2026-02-03T00:00:00.000","Cycle Inspection / Initial Inspection"
"50146931","SEVA INDIAN CUISINE","Queens","Indian","2026-02-03T00:00:00.000","Not Critical","11","A","2026-02-03T00:00:00.000","Cycle Inspection / Re-inspection"
"50017228","DUNKIN","Queens","Donuts","2026-02-03T00:00:00.000","Not Critical","4","A","2026-02-03T00:00:00.000","Cycle Inspection / Initial Inspection"
"50109648","DAME","Manhattan","English","2026-02-03T00:00:00.000","Not Critical","12","A","2026-02-03T00:00:00.000","Cycle Inspection / Initial Inspection"
"40399778","MCDONALD'S","Bronx","Hamburgers","2026-02-03T00:00:00.000","Not Critical","10","A","2026-02-03T00:00:00.000","Cycle Inspection / Initial Inspection"
"41414279","JUST SALAD","Manhattan","Salads","2026-02-03T00:00:00.000","Critical","13","A","2026-02-03T00:00:00.000","Cycle Inspection / Re-inspection"
"50163201","MASTERCARD","Manhattan","Coffee/Tea","2026-02-03T00:00:00.000","Not Critical","7","A","2026-02-03T00:00:00.000","Pre-permit (Operational) / Re-inspection"
"50121730","HANCO'S","Brooklyn","Southeast Asian","2026-02-03T00:00:00.000","Not Critical","11","A","2026-02-03T00:00:00.000","Cycle Inspection / Initial Inspection"
"50109648","DAME","Manhattan","English","2026-02-03T00:00:00.000","Not Critical","12","A","2026-02-03T00:00:00.000","Cycle Inspection / Initial Inspection"
"50067281","RAZAG HALL","Brooklyn","Jewish/Kosher","2026-02-03T00:00:00.000","Not Critical","7","A","2026-02-03T00:00:00.000","Cycle Inspection / Initial Inspection"
"41212437","GOLDEN KRUST CARIBBEAN BAKERY & GRILL","Brooklyn","Caribbean","2026-02-03T00:00:00.000","Critical","13","A","2026-02-03T00:00:00.000","Cycle Inspection / Re-inspection"
"41624508","NABLUS SWEETS","Brooklyn","Middle Eastern","2026-02-03T00:00:00.000","Critical","9","A","2026-02-03T00:00:00.000","Cycle Inspection / Initial Inspection"
"41477483","HOLIDAY INN EXPRESS - MANHATTAN","Manhattan","Continental","2026-02-03T00:00:00.000","Critical","12","A","2026-02-03T00:00:00.000","Cycle Inspection / Re-inspection"
"50148709","MET LIFE JUICE & SMOOTHIE BAR","Manhattan","Juice, Smoothies, Fruit Salads","2026-02-03T00:00:00.000","Not Critical","5","A","2026-02-03T00:00:00.000","Cycle Inspection / Initial Inspection"
"41642773","UNION SQUARE EVENTS","Manhattan","American","2026-02-03T00:00:00.000","Not Critical","11","A","2026-02-03T00:00:00.000","Cycle Inspection / Re-inspection"
"50112928","MARVELOUS BY FRED","Manhattan","Bakery Products/Desserts","2026-02-03T00:00:00.000","Not Critical","8","A","2026-02-03T00:00:00.000","Cycle Inspection / Initial Inspection"
"50157137","SUSHI WATAMI","Manhattan","Japanese","2026-02-03T00:00:00.000","Critical","12","A","2026-02-03T00:00:00.000","Cycle Inspection / Initial Inspection"
"40399778","MCDONALD'S","Bronx","Hamburgers","2026-02-03T00:00:00.000","Critical","10","A","2026-02-03T00:00:00.000","Cycle Inspection / Initial Inspection"
"41642773","UNION SQUARE EVENTS","Manhattan","American","2026-02-03T00:00:00.000","Critical","11","A","2026-02-03T00:00:00.000","Cycle Inspection / Re-inspection"
"41212437","GOLDEN KRUST CARIBBEAN BAKERY & GRILL","Brooklyn","Caribbean","2026-02-03T00:00:00.000","Not Critical","13","A","2026-02-03T00:00:00.000","Cycle Inspection / Re-inspection"
"41707677","BAR BIANCHI","Manhattan","Italian","2026-02-03T00:00:00.000","Not Critical","13","A","2026-02-03T00:00:00.000","Cycle Inspection / Initial Inspection"
"50017228","DUNKIN","Queens","Donuts","2026-02-03T00:00:00.000","Not Critical","4","A","2026-02-03T00:00:00.000","Cycle Inspection / Initial Inspection"
"50078656","BARNEA BISTRO","Manhattan","Jewish/Kosher","2026-02-03T00:00:00.000","Critical","13","A","2026-02-03T00:00:00.000","Cycle Inspection / Re-inspection"
"50067281","RAZAG HALL","Brooklyn","Jewish/Kosher","2026-02-03T00:00:00.000","Critical","7","A","2026-02-03T00:00:00.000","Cycle Inspection / Initial Inspection"
"50105846","CROWN FRIED CHICKEN","Brooklyn","Chicken","2026-02-03T00:00:00.000","Not Critical","7","A","2026-02-03T00:00:00.000","Cycle Inspection / Re-inspection"
"50154232","LA CARRETA SPORTS BAR","Brooklyn","Latin American","2026-02-03T00:00:00.000","Not Critical","2","A","2026-02-03T00:00:00.000","Cycle Inspection / Initial Inspection"
"41477483","HOLIDAY INN EXPRESS - MANHATTAN","Manhattan","Continental","2026-02-03T00:00:00.000","Not Critical","12","A","2026-02-03T00:00:00.000","Cycle Inspection / Re-inspection"
"50109071","PIZZA HUT","Queens","Pizza","2026-02-03T00:00:00.000","Not Critical","10","A","2026-02-03T00:00:00.000","Cycle Inspection / Initial Inspection"
"50133853","THE CONSULATE MIDTOWN","Manhattan","French","2026-02-03T00:00:00.000","Not Critical","12","A","2026-02-03T00:00:00.000","Cycle Inspection / Initial Inspection"
"50069930","LOCO BURRITO","Brooklyn","Mexican","2026-02-03T00:00:00.000","Not Critical","11","A","2026-02-03T00:00:00.000","Cycle Inspection / Initial Inspection"
"41586885","CENTRAL MARKET ALL AMERICAN GRILL","Manhattan","American","2026-02-03T00:00:00.000","Not Critical","9","A","2026-02-03T00:00:00.000","Cycle Inspection / Re-inspection"
"50105759","FIFTYLAN","Manhattan","Coffee/Tea","2026-02-03T00:00:00.000","Critical","11","A","2026-02-03T00:00:00.000","Cycle Inspection / Initial Inspection"
"50069930","LOCO BURRITO","Brooklyn","Mexican","2026-02-03T00:00:00.000","Not Critical","11","A","2026-02-03T00:00:00.000","Cycle Inspection / Initial Inspection"
"50110087","TAQUERIA 86","Manhattan","Latin American","2026-02-03T00:00:00.000","Not Critical","2","A","2026-02-03T00:00:00.000","Cycle Inspection / Initial Inspection"
"41436878","CASA LEVER","Manhattan","Italian","2026-02-03T00:00:00.000","Not Critical","10","A","2026-02-03T00:00:00.000","Cycle Inspection / Initial Inspection"
"50125151","JUST SALAD","Manhattan","Salads","2026-02-03T00:00:00.000","Critical","12","A","2026-02-03T00:00:00.000","Cycle Inspection / Initial Inspection"
"50125151","JUST SALAD","Manhattan","Salads","2026-02-03T00:00:00.000","Critical","12","A","2026-02-03T00:00:00.000","Cycle Inspection / Initial Inspection"
"50076178","EAT ITALIAN","Staten Island","Italian","2026-02-03T00:00:00.000","Critical","10","A","2026-02-03T00:00:00.000","Cycle Inspection / Initial Inspection"
"41436878","CASA LEVER","Manhattan","Italian","2026-02-03T00:00:00.000","Critical","10","A","2026-02-03T00:00:00.000","Cycle Inspection / Initial Inspection"
"50112933","DUNKIN DONUTS","Manhattan","Donuts","2026-02-03T00:00:00.000","Not Critical","12","A","2026-02-03T00:00:00.000","Cycle Inspection / Initial Inspection"
"41707090","SARABETH'S","Manhattan","American","2026-02-03T00:00:00.000","Critical","12","A","2026-02-03T00:00:00.000","Cycle Inspection / Re-inspection"
"50111156","CORK WINE BAR","Manhattan","French","2026-02-03T00:00:00.000","Not Critical","12","A","2026-02-03T00:00:00.000","Cycle Inspection / Initial Inspection"
"41455044","MR. BIGGS BAR AND GRILL","Manhattan","American","2026-02-03T00:00:00.000","Critical","13","A","2026-02-03T00:00:00.000","Cycle Inspection / Re-inspection"
"50179425","GNOCCHI ON 9TH","Manhattan","Other","2026-02-03T00:00:00.000","Not Critical","13","A","2026-02-03T00:00:00.000","Pre-permit (Operational) / Initial Inspection"
"50112828","HOT SHOTZ SPORTS BAR","Staten Island","American","2026-02-03T00:00:00.000","Not Critical","7","A","2026-02-03T00:00:00.000","Cycle Inspection / Initial Inspection"
"50087368","POPEYES","Brooklyn","Chicken","2026-02-03T00:00:00.000","Not Critical","4","A","2026-02-03T00:00:00.000","Cycle Inspection / Initial Inspection"
"50043327","HAND PULL NOODLE & DUMPLING HOUSE","Brooklyn","Chinese","2026-02-03T00:00:00.000","Critical","9","A","2026-02-03T00:00:00.000","Cycle Inspection / Initial Inspection"
"50142945","ELECTRIC BURRITO","Manhattan","Mexican","2026-02-03T00:00:00.000","Not Critical","7","A","2026-02-03T00:00:00.000","Cycle Inspection / Re-inspection"
"41624508","NABLUS SWEETS","Brooklyn","Middle Eastern","2026-02-03T00:00:00.000","Not Critical","9","A","2026-02-03T00:00:00.000","Cycle Inspection / Initial Inspection"
"50142691","BONDI SUSHI","Brooklyn","Japanese","2026-02-03T00:00:00.000","Not Critical","2","A","2026-02-03T00:00:00.000","Cycle Inspection / Re-inspection"
"50145977","GRAND COOK NYC","Brooklyn","Fusion","2026-02-03T00:00:00.000","Not Critical","2","A","2026-02-03T00:00:00.000","Cycle Inspection / Initial Inspection"
"50111156","CORK WINE BAR","Manhattan","French","2026-02-03T00:00:00.000","Critical","12","A","2026-02-03T00:00:00.000","Cycle Inspection / Initial Inspection"
"41586885","CENTRAL MARKET ALL AMERICAN GRILL","Manhattan","American","2026-02-03T00:00:00.000","Critical","9","A","2026-02-03T00:00:00.000","Cycle Inspection / Re-inspection"
"50128572","SUBWAY","Bronx","Sandwiches","2026-02-03T00:00:00.000","Not Critical","11","A","2026-02-03T00:00:00.000","Cycle Inspection / Initial Inspection"
"50173209","COME AND GET SUM","Bronx","Seafood","2026-02-03T00:00:00.000","Critical","10","A","2026-02-03T00:00:00.000","Pre-permit (Operational) / Initial Inspection"
"50058785","AMAZE FUSION & LOUNGE","Manhattan","Asian/Asian Fusion","2026-02-03T00:00:00.000","Critical","13","A","2026-02-03T00:00:00.000","Cycle Inspection / Re-inspection"
"50119747","CHIP CITY","Queens","Bakery Products/Desserts","2026-02-03T00:00:00.000","Critical","5","A","2026-02-03T00:00:00.000","Cycle Inspection / Initial Inspection"
"50133853","THE CONSULATE MIDTOWN","Manhattan","French","2026-02-03T00:00:00.000","Critical","12","A","2026-02-03T00:00:00.000","Cycle Inspection / Initial Inspection"
"50163201","MASTERCARD","Manhattan","Coffee/Tea","2026-02-03T00:00:00.000","Critical","7","A","2026-02-03T00:00:00.000","Pre-permit (Operational) / Re-inspection"
"50089246","DUNKIN' DONUTS/BASKIN ROBBINS","Manhattan","Donuts","2026-02-03T00:00:00.000","Critical","13","A","2026-02-03T00:00:00.000","Cycle Inspection / Initial Inspection"
"50109648","DAME","Manhattan","English","2026-02-03T00:00:00.000","Critical","12","A","2026-02-03T00:00:00.000","Cycle Inspection / Initial Inspection"
"50099743","DIG INN","Manhattan","American","2026-02-03T00:00:00.000","Critical","9","A","2026-02-03T00:00:00.000","Cycle Inspection / Initial Inspection"
"50087368","POPEYES","Brooklyn","Chicken","2026-02-03T00:00:00.000","Not Critical","4","A","2026-02-03T00:00:00.000","Cycle Inspection / Initial Inspection"
"41629592","USULUTECO 2","Brooklyn","Latin American","2026-02-03T00:00:00.000","Not Critical","7","A","2026-02-03T00:00:00.000","Cycle Inspection / Re-inspection"
"50146931","SEVA INDIAN CUISINE","Queens","Indian","2026-02-03T00:00:00.000","Not Critical","11","A","2026-02-03T00:00:00.000","Cycle Inspection / Re-inspection"
"50076178","EAT ITALIAN","Staten Island","Italian","2026-02-03T00:00:00.000","Critical","10","A","2026-02-03T00:00:00.000","Cycle Inspection / Initial Inspection"
"41586885","CENTRAL MARKET ALL AMERICAN GRILL","Manhattan","American","2026-02-03T00:00:00.000","Not Critical","9","A","2026-02-03T00:00:00.000","Cycle Inspection / Re-inspection"
"41455044","MR. BIGGS BAR AND GRILL","Manhattan","American","2026-02-03T00:00:00.000","Critical","13","A","2026-02-03T00:00:00.000","Cycle Inspection / Re-inspection"
"40684066","POPEYES","Brooklyn","Chicken","2026-02-03T00:00:00.000","Not Critical","10","A","2026-02-03T00:00:00.000","Cycle Inspection / Initial Inspection"
"40664304","SOTTO VOCE","Brooklyn","Italian","2026-02-03T00:00:00.000","Critical","13","A","2026-02-03T00:00:00.000","Cycle Inspection / Initial Inspection"
"40684066","POPEYES","Brooklyn","Chicken","2026-02-03T00:00:00.000","Critical","10","A","2026-02-03T00:00:00.000","Cycle Inspection / Initial Inspection"
"50078833","LEMONS & OLIVES","Brooklyn","American","2026-02-03T00:00:00.000","Critical","10","A","2026-02-03T00:00:00.000","Cycle Inspection / Initial Inspection"
"41707677","BAR BIANCHI","Manhattan","Italian","2026-02-03T00:00:00.000","Not Critical","13","A","2026-02-03T00:00:00.000","Cycle Inspection / Initial Inspection"
"50089187","DUNKIN', BASKIN ROBBINS","Manhattan","Coffee/Tea","2026-02-03T00:00:00.000","Not Critical","7","A","2026-02-03T00:00:00.000","Cycle Inspection / Initial Inspection"
"50157137","SUSHI WATAMI","Manhattan","Japanese","2026-02-03T00:00:00.000","Not Critical","12","A","2026-02-03T00:00:00.000","Cycle Inspection / Initial Inspection"
"50010546","DIRTY FRENCH","Manhattan","French","2026-02-03T00:00:00.000","Not Critical","13","A","2026-02-03T00:00:00.000","Cycle Inspection / Re-inspection"
"50170248","CHOCO WONKA","Queens","French","2026-02-03T00:00:00.000","Critical","12","A","2026-02-03T00:00:00.000","Pre-permit (Operational) / Initial Inspection"
"50146931","SEVA INDIAN CUISINE","Queens","Indian","2026-02-03T00:00:00.000","Not Critical","11","A","2026-02-03T00:00:00.000","Cycle Inspection / Re-inspection"
"50010546","DIRTY FRENCH","Manhattan","French","2026-02-03T00:00:00.000","Not Critical","13","A","2026-02-03T00:00:00.000","Cycle Inspection / Re-inspection"
"50078833","LEMONS & OLIVES","Brooklyn","American","2026-02-03T00:00:00.000","Not Critical","10","A","2026-02-03T00:00:00.000","Cycle Inspection / Initial Inspection"
"50173209","COME AND GET SUM","Bronx","Seafood","2026-02-03T00:00:00.000","Not Critical","10","A","2026-02-03T00:00:00.000","Pre-permit (Operational) / Initial Inspection"
"50089187","DUNKIN', BASKIN ROBBINS","Manhattan","Coffee/Tea","2026-02-03T00:00:00.000","Critical","7","A","2026-02-03T00:00:00.000","Cycle Inspection / Initial Inspection"
"50179425","GNOCCHI ON 9TH","Manhattan","Other","2026-02-03T00:00:00.000","Critical","13","A","2026-02-03T00:00:00.000","Pre-permit (Operational) / Initial Inspection"
"50085687","VENCHI","Manhattan","Frozen Desserts","2026-02-03T00:00:00.000","Not Critical","8","A","2026-02-03T00:00:00.000","Cycle Inspection / Initial Inspection"
"50128572","SUBWAY","Bronx","Sandwiches","2026-02-03T00:00:00.000","Critical","11","A","2026-02-03T00:00:00.000","Cycle Inspection / Initial Inspection"
"50089246","DUNKIN' DONUTS/BASKIN ROBBINS","Manhattan","Donuts","2026-02-03T00:00:00.000","Not Critical","13","A","2026-02-03T00:00:00.000","Cycle Inspection / Initial Inspection"
"50146931","SEVA INDIAN CUISINE","Queens","Indian","2026-02-03T00:00:00.000","Critical","11","A","2026-02-03T00:00:00.000","Cycle Inspection / Re-inspection"
"50179425","GNOCCHI ON 9TH","Manhattan","Other","2026-02-03T00:00:00.000","Critical","13","A","2026-02-03T00:00:00.000","Pre-permit (Operational) / Initial Inspection"
"41624508","NABLUS SWEETS","Brooklyn","Middle Eastern","2026-02-03T00:00:00.000","Not Critical","9","A","2026-02-03T00:00:00.000","Cycle Inspection / Initial Inspection"
"41707677","BAR BIANCHI","Manhattan","Italian","2026-02-03T00:00:00.000","Not Critical","13","A","2026-02-03T00:00:00.000","Cycle Inspection / Initial Inspection"
"50078656","BARNEA BISTRO","Manhattan","Jewish/Kosher","2026-02-03T00:00:00.000","Critical","13","A","2026-02-03T00:00:00.000","Cycle Inspection / Re-inspection"
"50078656","BARNEA BISTRO","Manhattan","Jewish/Kosher","2026-02-03T00:00:00.000","Not Critical","13","A","2026-02-03T00:00:00.000","Cycle Inspection / Re-inspection"
"41707090","SARABETH'S","Manhattan","American","2026-02-03T00:00:00.000","Not Critical","12","A","2026-02-03T00:00:00.000","Cycle Inspection / Re-inspection"
"50128572","SUBWAY","Bronx","Sandwiches","2026-02-03T00:00:00.000","Not Critical","11","A","2026-02-03T00:00:00.000","Cycle Inspection / Initial Inspection"
"50126377","P.F. CHANG'S CHINA BISTRO","Manhattan","Chinese","2026-02-03T00:00:00.000","Critical","13","A","2026-02-03T00:00:00.000","Cycle Inspection / Re-inspection"
"50091738","DOMINO'S (#3321)","Bronx","Pizza","2026-02-03T00:00:00.000","Not Critical","12","A","2026-02-03T00:00:00.000","Cycle Inspection / Initial Inspection"
"50010546","DIRTY FRENCH","Manhattan","French","2026-02-03T00:00:00.000","Not Critical","13","A","2026-02-03T00:00:00.000","Cycle Inspection / Re-inspection"
"41327462","AMERICA GOURMET FOOD","Manhattan","Sandwiches","2026-02-03T00:00:00.000","Not Critical","2","A","2026-02-03T00:00:00.000","Cycle Inspection / Re-inspection"
"50067401","GINGER & LEMONGRASS LES","Manhattan","Southeast Asian","2026-02-02T00:00:00.000","Not Critical","13","A","2026-02-02T00:00:00.000","Cycle Inspection / Re-inspection"
"40365577","V & T PIZZERIA","Manhattan","Italian","2026-02-02T00:00:00.000","Critical","10","A","2026-02-02T00:00:00.000","Cycle Inspection / Initial Inspection"
"50009466","GP SMOOTHIES & GIFTSHOP","Bronx","Juice, Smoothies, Fruit Salads","2026-02-02T00:00:00.000","Not Critical","13","A","2026-02-02T00:00:00.000","Cycle Inspection / Initial Inspection"
"50108650","KOMA SUSHI","Brooklyn","Jewish/Kosher","2026-02-02T00:00:00.000","Critical","12","A","2026-02-02T00:00:00.000","Cycle Inspection / Initial Inspection"
"50145948","PHO AMSTERDAM","Manhattan","Soups/Salads/Sandwiches","2026-02-02T00:00:00.000","Critical","9","A","2026-02-02T00:00:00.000","Pre-permit (Operational) / Re-inspection"
"50178262","NO.1 YUMMY TACO","Queens","Chinese","2026-02-02T00:00:00.000","Critical","12","A","2026-02-02T00:00:00.000","Pre-permit (Operational) / Initial Inspection"
"41532937","COLOMBIA FAMA BAKERY","Queens","Latin American","2026-02-02T00:00:00.000","Critical","12","A","2026-02-02T00:00:00.000","Cycle Inspection / Initial Inspection"
"50155986","APPLEBEES NEIGHBORHOOD GRILL AND BAR","Staten Island","American","2026-02-02T00:00:00.000","Not Critical","9","A","2026-02-02T00:00:00.000","Cycle Inspection / Initial Inspection"
"40512520","CHELSEA RISTORANTE","Manhattan","Italian","2026-02-02T00:00:00.000","Not Critical","10","A","2026-02-02T00:00:00.000","Cycle Inspection / Initial Inspection"
"41294647","PIO PIO","Manhattan","Peruvian","2026-02-02T00:00:00.000","Not Critical","10","A","2026-02-02T00:00:00.000","Cycle Inspection / Initial Inspection"
"50009466","GP SMOOTHIES & GIFTSHOP","Bronx","Juice, Smoothies, Fruit Salads","2026-02-02T00:00:00.000","Critical","13","A","2026-02-02T00:00:00.000","Cycle Inspection / Initial Inspection"
"50093798","STARBUCKS","Manhattan","Coffee/Tea","2026-02-02T00:00:00.000","Not Critical","9","A","2026-02-02T00:00:00.000","Cycle Inspection / Initial Inspection"
"40928150","TONY'S DI NAPOLI","Manhattan","Italian","2026-02-02T00:00:00.000","Critical","12","A","2026-02-02T00:00:00.000","Cycle Inspection / Initial Inspection"
"40928150","TONY'S DI NAPOLI","Manhattan","Italian","2026-02-02T00:00:00.000","Critical","12","A","2026-02-02T00:00:00.000","Cycle Inspection / Initial Inspection"
"50009466","GP SMOOTHIES & GIFTSHOP","Bronx","Juice, Smoothies, Fruit Salads","2026-02-02T00:00:00.000","Not Critical","13","A","2026-02-02T00:00:00.000","Cycle Inspection / Initial Inspection"
"50073648","BRONI & BELLE’S PIZZERIA","Manhattan","Pizza","2026-02-02T00:00:00.000","Critical","11","A","2026-02-02T00:00:00.000","Cycle Inspection / Re-inspection"
"50090711","NINJA SUSHI","Brooklyn","Japanese","2026-02-02T00:00:00.000","Critical","5","A","2026-02-02T00:00:00.000","Cycle Inspection / Initial Inspection"
"50017545","WEEKENDER BILLIARD & BAR","Queens","Asian/Asian Fusion","2026-02-02T00:00:00.000","Not Critical","10","A","2026-02-02T00:00:00.000","Cycle Inspection / Re-inspection"
"50145948","PHO AMSTERDAM","Manhattan","Soups/Salads/Sandwiches","2026-02-02T00:00:00.000","Not Critical","9","A","2026-02-02T00:00:00.000","Pre-permit (Operational) / Re-inspection"
"50088830","WILLIAMSBURG PIZZA","Manhattan","Pizza","2026-02-02T00:00:00.000","Not Critical","12","A","2026-02-02T00:00:00.000","Cycle Inspection / Initial Inspection"
"50169205","TOTOPAN","Brooklyn","Latin American","2026-02-02T00:00:00.000","Critical","13","A","2026-02-02T00:00:00.000","Pre-permit (Operational) / Re-inspection"
"50175762","SUSHI & NOODLES","Brooklyn","Other","2026-02-02T00:00:00.000","Not Critical","9","A","2026-02-02T00:00:00.000","Pre-permit (Operational) / Initial Inspection"
"50088736","CAVA","Brooklyn","Mediterranean","2026-02-02T00:00:00.000","Not Critical","7","A","2026-02-02T00:00:00.000","Cycle Inspection / Initial Inspection"
"50085479","JACK'S WIFE FREDA","Manhattan","Mediterranean","2026-02-02T00:00:00.000","Not Critical","11","A","2026-02-02T00:00:00.000","Cycle Inspection / Initial Inspection"
"41117795","HAVANA CENTRAL","Manhattan","Latin American","2026-02-02T00:00:00.000","Not Critical","11","A","2026-02-02T00:00:00.000","Cycle Inspection / Initial Inspection"
"41714085","TROPIC DELI & GRILL","Brooklyn","Sandwiches","2026-02-02T00:00:00.000","Critical","5","A","2026-02-02T00:00:00.000","Cycle Inspection / Re-inspection"
"50106504","RANCH JAMAICAN RESTAURANT","Bronx","Caribbean","2026-02-02T00:00:00.000","Critical","13","A","2026-02-02T00:00:00.000","Cycle Inspection / Initial Inspection"
"50073830","PIZZA BAGEL BURGER","Brooklyn","American","2026-02-02T00:00:00.000","Not Critical","12","A","2026-02-02T00:00:00.000","Cycle Inspection / Re-inspection"
"50106103","XIANG JU RESTAURANT","Brooklyn","Chinese","2026-02-02T00:00:00.000","Critical","10","A","2026-02-02T00:00:00.000","Cycle Inspection / Re-inspection"
"41581283","MUGI BAKERY","Queens","Bakery Products/Desserts","2026-02-02T00:00:00.000","Critical","13","A","2026-02-02T00:00:00.000","Cycle Inspection / Initial Inspection"
"50167578","FEDORA","Manhattan","New American","2026-02-02T00:00:00.000","Critical","8","A","2026-02-02T00:00:00.000","Pre-permit (Operational) / Initial Inspection"
"41622578","INSOMNIA COOKIES","Manhattan","Bakery Products/Desserts","2026-02-02T00:00:00.000","Not Critical","4","A","2026-02-02T00:00:00.000","Cycle Inspection / Initial Inspection"
"41382158","DUNKIN","Queens","Donuts","2026-02-02T00:00:00.000","Not Critical","10","A","2026-02-02T00:00:00.000","Cycle Inspection / Initial Inspection"
"40978252","TALIA'S STEAKHOUSE","Manhattan","Jewish/Kosher","2026-02-02T00:00:00.000","Not Critical","7","A","2026-02-02T00:00:00.000","Cycle Inspection / Initial Inspection"
"50146937","NAI BROTHER","Brooklyn","Chinese","2026-02-02T00:00:00.000","Critical","13","A","2026-02-02T00:00:00.000","Cycle Inspection / Initial Inspection"
"40964100","EL REY DE LOS TACOS","Queens","Tex-Mex","2026-02-02T00:00:00.000","Not Critical","9","A","2026-02-02T00:00:00.000","Cycle Inspection / Initial Inspection"
"50069883","DON ANGIE","Manhattan","American","2026-02-02T00:00:00.000","Critical","8","A","2026-02-02T00:00:00.000","Cycle Inspection / Re-inspection"
"50003214","WILLIAMSBURG PIZZA","Manhattan","Pizza","2026-02-02T00:00:00.000","Critical","13","A","2026-02-02T00:00:00.000","Cycle Inspection / Re-inspection"
"50176016","THE SWISS SLICE OF BROOKLYN NY","Brooklyn","Pizza","2026-02-02T00:00:00.000","Critical","13","A","2026-02-02T00:00:00.000","Cycle Inspection / Re-inspection"
"41574133","TWO8TWO BAR & BURGER","Brooklyn","American","2026-02-02T00:00:00.000","Critical","7","A","2026-02-02T00:00:00.000","Cycle Inspection / Initial Inspection"
"50169205","TOTOPAN","Brooklyn","Latin American","2026-02-02T00:00:00.000","Critical","13","A","2026-02-02T00:00:00.000","Pre-permit (Operational) / Re-inspection"
"50154472","SULLALUNA","Manhattan","Italian","2026-02-02T00:00:00.000","Not Critical","10","A","2026-02-02T00:00:00.000","Cycle Inspection / Initial Inspection"
"50155986","APPLEBEES NEIGHBORHOOD GRILL AND BAR","Staten Island","American","2026-02-02T00:00:00.000","Critical","9","A","2026-02-02T00:00:00.000","Cycle Inspection / Initial Inspection"
"50157897","DUNKIN","Brooklyn","Donuts","2026-02-02T00:00:00.000","Not Critical","3","A","2026-02-02T00:00:00.000","Cycle Inspection / Initial Inspection"
"50054454","THE BRAZEN TAVERN","Manhattan","American","2026-02-02T00:00:00.000","Critical","13","A","2026-02-02T00:00:00.000","Cycle Inspection / Re-inspection"
"50017545","WEEKENDER BILLIARD & BAR","Queens","Asian/Asian Fusion","2026-02-02T00:00:00.000","Critical","10","A","2026-02-02T00:00:00.000","Cycle Inspection / Re-inspection"
"50106504","RANCH JAMAICAN RESTAURANT","Bronx","Caribbean","2026-02-02T00:00:00.000","Critical","13","A","2026-02-02T00:00:00.000","Cycle Inspection / Initial Inspection"
"50145948","PHO AMSTERDAM","Manhattan","Soups/Salads/Sandwiches","2026-02-02T00:00:00.000","Not Critical","9","A","2026-02-02T00:00:00.000","Pre-permit (Operational) / Re-inspection"
"41341959","JERRY'S PIZZA","Bronx","Pizza","2026-02-02T00:00:00.000","Critical","7","A","2026-02-02T00:00:00.000","Cycle Inspection / Initial Inspection"
"50120150","YOSUKI SUSHI","Staten Island","Japanese","2026-02-02T00:00:00.000","Critical","7","A","2026-02-02T00:00:00.000","Cycle Inspection / Initial Inspection"
"50007974","MR CAKE BAKERY & DESSERT","Bronx","Bakery Products/Desserts","2026-02-02T00:00:00.000","Critical","13","A","2026-02-02T00:00:00.000","Cycle Inspection / Initial Inspection"
"50073830","PIZZA BAGEL BURGER","Brooklyn","American","2026-02-02T00:00:00.000","Not Critical","12","A","2026-02-02T00:00:00.000","Cycle Inspection / Re-inspection"
"50118826","PLAYA BOWLS","Staten Island","Juice, Smoothies, Fruit Salads","2026-02-02T00:00:00.000","Critical","10","A","2026-02-02T00:00:00.000","Cycle Inspection / Initial Inspection"
"50088736","CAVA","Brooklyn","Mediterranean","2026-02-02T00:00:00.000","Not Critical","7","A","2026-02-02T00:00:00.000","Cycle Inspection / Initial Inspection"
"40365577","V & T PIZZERIA","Manhattan","Italian","2026-02-02T00:00:00.000","Not Critical","10","A","2026-02-02T00:00:00.000","Cycle Inspection / Initial Inspection"
"50088830","WILLIAMSBURG PIZZA","Manhattan","Pizza","2026-02-02T00:00:00.000","Critical","12","A","2026-02-02T00:00:00.000","Cycle Inspection / Initial Inspection"
"50108650","KOMA SUSHI","Brooklyn","Jewish/Kosher","2026-02-02T00:00:00.000","Critical","12","A","2026-02-02T00:00:00.000","Cycle Inspection / Initial Inspection"
"41182565","DUNKIN","Staten Island","Donuts","2026-02-02T00:00:00.000","Not Critical","4","A","2026-02-02T00:00:00.000","Cycle Inspection / Initial Inspection"
"50014802","FLIK","Manhattan","American","2026-02-02T00:00:00.000","Not Critical","4","A","2026-02-02T00:00:00.000","Cycle Inspection / Initial Inspection"
"50173796","EARTHBAR","Manhattan","Juice, Smoothies, Fruit Salads","2026-02-02T00:00:00.000","Critical","10","A","2026-02-02T00:00:00.000","Pre-permit (Operational) / Re-inspection"
"50054454","THE BRAZEN TAVERN","Manhattan","American","2026-02-02T00:00:00.000","Not Critical","13","A","2026-02-02T00:00:00.000","Cycle Inspection / Re-inspection"
"50164151","PRINCESA AZTECA","Queens","Mexican","2026-02-02T00:00:00.000","Not Critical","9","A","2026-02-02T00:00:00.000","Pre-permit (Operational) / Re-inspection"
"50073648","BRONI & BELLE’S PIZZERIA","Manhattan","Pizza","2026-02-02T00:00:00.000","Not Critical","11","A","2026-02-02T00:00:00.000","Cycle Inspection / Re-inspection"
"50105216","CHICK-FIL-A","Manhattan","Chicken","2026-02-02T00:00:00.000","Critical","12","A","2026-02-02T00:00:00.000","Cycle Inspection / Re-inspection"
"50175762","SUSHI & NOODLES","Brooklyn","Other","2026-02-02T00:00:00.000","Critical","9","A","2026-02-02T00:00:00.000","Pre-permit (Operational) / Initial Inspection"
"50080712","STUMPTOWN COFFEE ROASTERS","Brooklyn","Coffee/Tea","2026-02-02T00:00:00.000","Critical","11","A","2026-02-02T00:00:00.000","Cycle Inspection / Initial Inspection"
"50093798","STARBUCKS","Manhattan","Coffee/Tea","2026-02-02T00:00:00.000","Not Critical","9","A","2026-02-02T00:00:00.000","Cycle Inspection / Initial Inspection"
"40710411","DONATO'S PIZZERIA","Queens","Pizza","2026-02-02T00:00:00.000","Not Critical","9","A","2026-02-02T00:00:00.000","Cycle Inspection / Initial Inspection"
"50146339","TEN SECONDS WESTERN YUNNAN RICE NOODLES","Brooklyn","Chinese","2026-02-02T00:00:00.000","Critical","7","A","2026-02-02T00:00:00.000","Cycle Inspection / Initial Inspection"
"41532937","COLOMBIA FAMA BAKERY","Queens","Latin American","2026-02-02T00:00:00.000","Not Critical","12","A","2026-02-02T00:00:00.000","Cycle Inspection / Initial Inspection"
"50176029","YELLOW SUN COFFEE ROASTERS","Brooklyn","Other","2026-02-02T00:00:00.000","Not Critical","2","A","2026-02-02T00:00:00.000","Pre-permit (Operational) / Re-inspection"
"50073830","PIZZA BAGEL BURGER","Brooklyn","American","2026-02-02T00:00:00.000","Not Critical","12","A","2026-02-02T00:00:00.000","Cycle Inspection / Re-inspection"
"40964100","EL REY DE LOS TACOS","Queens","Tex-Mex","2026-02-02T00:00:00.000","Critical","9","A","2026-02-02T00:00:00.000","Cycle Inspection / Initial Inspection"
"40978252","TALIA'S STEAKHOUSE","Manhattan","Jewish/Kosher","2026-02-02T00:00:00.000","Critical","7","A","2026-02-02T00:00:00.000","Cycle Inspection / Initial Inspection"
"41581283","MUGI BAKERY","Queens","Bakery Products/Desserts","2026-02-02T00:00:00.000","Not Critical","13","A","2026-02-02T00:00:00.000","Cycle Inspection / Initial Inspection"
"50080712","STUMPTOWN COFFEE ROASTERS","Brooklyn","Coffee/Tea","2026-02-02T00:00:00.000","Not Critical","11","A","2026-02-02T00:00:00.000","Cycle Inspection / Initial Inspection"
"41574133","TWO8TWO BAR & BURGER","Brooklyn","American","2026-02-02T00:00:00.000","Not Critical","7","A","2026-02-02T00:00:00.000","Cycle Inspection / Initial Inspection"
"50085479","JACK'S WIFE FREDA","Manhattan","Mediterranean","2026-02-02T00:00:00.000","Critical","11","A","2026-02-02T00:00:00.000","Cycle Inspection / Initial Inspection"
"50168596","7TH STREET BURGER","Brooklyn","Hamburgers","2026-02-02T00:00:00.000","Critical","10","A","2026-02-02T00:00:00.000","Pre-permit (Operational) / Initial Inspection"
"41581283","MUGI BAKERY","Queens","Bakery Products/Desserts","2026-02-02T00:00:00.000","Not Critical","13","A","2026-02-02T00:00:00.000","Cycle Inspection / Initial Inspection"
"50077270","NY GO GO FAST FOOD","Queens","Chinese","2026-02-02T00:00:00.000","Critical","12","A","2026-02-02T00:00:00.000","Cycle Inspection / Initial Inspection"
"50052435","SUBWAY","Brooklyn","Sandwiches","2026-02-02T00:00:00.000","Not Critical","12","A","2026-02-02T00:00:00.000","Cycle Inspection / Initial Inspection"
"50093798","STARBUCKS","Manhattan","Coffee/Tea","2026-02-02T00:00:00.000","Not Critical","9","A","2026-02-02T00:00:00.000","Cycle Inspection / Initial Inspection"
"40710411","DONATO'S PIZZERIA","Queens","Pizza","2026-02-02T00:00:00.000","Critical","9","A","2026-02-02T00:00:00.000","Cycle Inspection / Initial Inspection"
"50096572","16 HANDLES","Manhattan","Frozen Desserts","2026-02-02T00:00:00.000","Not Critical","13","A","2026-02-02T00:00:00.000","Cycle Inspection / Initial Inspection"
"50007974","MR CAKE BAKERY & DESSERT","Bronx","Bakery Products/Desserts","2026-02-02T00:00:00.000","Not Critical","13","A","2026-02-02T00:00:00.000","Cycle Inspection / Initial Inspection"
"50007974","MR CAKE BAKERY & DESSERT","Bronx","Bakery Products/Desserts","2026-02-02T00:00:00.000","Critical","13","A","2026-02-02T00:00:00.000","Cycle Inspection / Initial Inspection"
"50069883","DON ANGIE","Manhattan","American","2026-02-02T00:00:00.000","Not Critical","8","A","2026-02-02T00:00:00.000","Cycle Inspection / Re-inspection"
"50168596","7TH STREET BURGER","Brooklyn","Hamburgers","2026-02-02T00:00:00.000","Not Critical","10","A","2026-02-02T00:00:00.000","Pre-permit (Operational) / Initial Inspection"
"41117795","HAVANA CENTRAL","Manhattan","Latin American","2026-02-02T00:00:00.000","Not Critical","11","A","2026-02-02T00:00:00.000","Cycle Inspection / Initial Inspection"
"41117795","HAVANA CENTRAL","Manhattan","Latin American","2026-02-02T00:00:00.000","Not Critical","11","A","2026-02-02T00:00:00.000","Cycle Inspection / Initial Inspection"
"50108650","KOMA SUSHI","Brooklyn","Jewish/Kosher","2026-02-02T00:00:00.000","Not Critical","12","A","2026-02-02T00:00:00.000","Cycle Inspection / Initial Inspection"
"50096572","16 HANDLES","Manhattan","Frozen Desserts","2026-02-02T00:00:00.000","Critical","13","A","2026-02-02T00:00:00.000","Cycle Inspection / Initial Inspection"
"41341959","JERRY'S PIZZA","Bronx","Pizza","2026-02-02T00:00:00.000","Not Critical","7","A","2026-02-02T00:00:00.000","Cycle Inspection / Initial Inspection"
"50133210","WATCHES OF SWITZERLAND","Manhattan","Coffee/Tea","2026-02-02T00:00:00.000","Critical","10","A","2026-02-02T00:00:00.000","Cycle Inspection / Initial Inspection"
"50067401","GINGER & LEMONGRASS LES","Manhattan","Southeast Asian","2026-02-02T00:00:00.000","Not Critical","13","A","2026-02-02T00:00:00.000","Cycle Inspection / Re-inspection"
"50165377","TEA SCHOLAR","Queens","Coffee/Tea","2026-02-02T00:00:00.000","Critical","11","A","2026-02-02T00:00:00.000","Pre-permit (Operational) / Re-inspection"
"50146937","NAI BROTHER","Brooklyn","Chinese","2026-02-02T00:00:00.000","Not Critical","13","A","2026-02-02T00:00:00.000","Cycle Inspection / Initial Inspection"
"50155986","APPLEBEES NEIGHBORHOOD GRILL AND BAR","Staten Island","American","2026-02-02T00:00:00.000","Not Critical","9","A","2026-02-02T00:00:00.000","Cycle Inspection / Initial Inspection"
"41225179","STARBUCKS","Manhattan","Coffee/Tea","2026-02-02T00:00:00.000","Not Critical","2","A","2026-02-02T00:00:00.000","Cycle Inspection / Initial Inspection"
"50067401","GINGER & LEMONGRASS LES","Manhattan","Southeast Asian","2026-02-02T00:00:00.000","Critical","13","A","2026-02-02T00:00:00.000","Cycle Inspection / Re-inspection"
"50105216","CHICK-FIL-A","Manhattan","Chicken","2026-02-02T00:00:00.000","Critical","12","A","2026-02-02T00:00:00.000","Cycle Inspection / Re-inspection"
"50164151","PRINCESA AZTECA","Queens","Mexican","2026-02-02T00:00:00.000","Critical","9","A","2026-02-02T00:00:00.000","Pre-permit (Operational) / Re-inspection"
"41622578","INSOMNIA COOKIES","Manhattan","Bakery Products/Desserts","2026-02-02T00:00:00.000","Not Critical","4","A","2026-02-02T00:00:00.000","Cycle Inspection / Initial Inspection"
"50052435","SUBWAY","Brooklyn","Sandwiches","2026-02-02T00:00:00.000","Critical","12","A","2026-02-02T00:00:00.000","Cycle Inspection / Initial Inspection"
"50146937","NAI BROTHER","Brooklyn","Chinese","2026-02-02T00:00:00.000","Not Critical","13","A","2026-02-02T00:00:00.000","Cycle Inspection / Initial Inspection"
"50154472","SULLALUNA","Manhattan","Italian","2026-02-02T00:00:00.000","Not Critical","10","A","2026-02-02T00:00:00.000","Cycle Inspection / Initial Inspection"
"50179446","RAISING CANE'S #0928","Queens","American","2026-02-02T00:00:00.000","Critical","6","A","2026-02-02T00:00:00.000","Pre-permit (Operational) / Initial Inspection"
"41337043","CARVEL","Brooklyn","Frozen Desserts","2026-02-02T00:00:00.000","Not Critical","3","A","2026-02-02T00:00:00.000","Cycle Inspection / Initial Inspection"
"50085479","JACK'S WIFE FREDA","Manhattan","Mediterranean","2026-02-02T00:00:00.000","Not Critical","11","A","2026-02-02T00:00:00.000","Cycle Inspection / Initial Inspection"
"50003214","WILLIAMSBURG PIZZA","Manhattan","Pizza","2026-02-02T00:00:00.000","Not Critical","13","A","2026-02-02T00:00:00.000","Cycle Inspection / Re-inspection"
"50176471","HELLO HALLOUMI","Manhattan","Bakery Products/Desserts","2026-02-02T00:00:00.000","Not Critical","11","A","2026-02-02T00:00:00.000","Pre-permit (Operational) / Initial Inspection"
"50073830","PIZZA BAGEL BURGER","Brooklyn","American","2026-02-02T00:00:00.000","Critical","12","A","2026-02-02T00:00:00.000","Cycle Inspection / Re-inspection"
"50172159","RAISING CANE'S #1202","Manhattan","Chicken","2026-02-02T00:00:00.000","Critical","5","A","2026-02-02T00:00:00.000","Pre-permit (Operational) / Initial Inspection"
"50118826","PLAYA BOWLS","Staten Island","Juice, Smoothies, Fruit Salads","2026-02-02T00:00:00.000","Not Critical","10","A","2026-02-02T00:00:00.000","Cycle Inspection / Initial Inspection"
"50178262","NO.1 YUMMY TACO","Queens","Chinese","2026-02-02T00:00:00.000","Critical","12","A","2026-02-02T00:00:00.000","Pre-permit (Operational) / Initial Inspection"
"50087485","TBAAR","Queens","Juice, Smoothies, Fruit Salads","2026-02-02T00:00:00.000","Critical","5","A","2026-02-02T00:00:00.000","Cycle Inspection / Initial Inspection"
"50144383","UBS EMA 10 WEST CATERING","Manhattan","Other","2026-02-02T00:00:00.000","Not Critical","2","A","2026-02-02T00:00:00.000","Cycle Inspection / Initial Inspection"
"50159286","ONE SIP ONE BITE","Queens","Coffee/Tea","2026-02-02T00:00:00.000","Critical","7","A","2026-02-02T00:00:00.000","Cycle Inspection / Initial Inspection"
"50119978","MCDONALD'S","Manhattan","American","2026-02-02T00:00:00.000","Critical","5","A","2026-02-02T00:00:00.000","Cycle Inspection / Initial Inspection"
"41294647","PIO PIO","Manhattan","Peruvian","2026-02-02T00:00:00.000","Critical","10","A","2026-02-02T00:00:00.000","Cycle Inspection / Initial Inspection"
"50080712","STUMPTOWN COFFEE ROASTERS","Brooklyn","Coffee/Tea","2026-02-02T00:00:00.000","Not Critical","11","A","2026-02-02T00:00:00.000","Cycle Inspection / Initial Inspection"
"50073648","BRONI & BELLE’S PIZZERIA","Manhattan","Pizza","2026-02-02T00:00:00.000","Not Critical","11","A","2026-02-02T00:00:00.000","Cycle Inspection / Re-inspection"
"50054454","THE BRAZEN TAVERN","Manhattan","American","2026-02-02T00:00:00.000","Not Critical","13","A","2026-02-02T00:00:00.000","Cycle Inspection / Re-inspection"
"50093662","DOMINO'S","Queens","Pizza","2026-02-02T00:00:00.000","Not Critical","12","A","2026-02-02T00:00:00.000","Cycle Inspection / Initial Inspection"
"41182565","DUNKIN","Staten Island","Donuts","2026-02-02T00:00:00.000","Not Critical","4","A","2026-02-02T00:00:00.000","Cycle Inspection / Initial Inspection"
"50176016","THE SWISS SLICE OF BROOKLYN NY","Brooklyn","Pizza","2026-02-02T00:00:00.000","Critical","13","A","2026-02-02T00:00:00.000","Cycle Inspection / Re-inspection"
"50101637","DUNKIN","Staten Island","Donuts","2026-02-02T00:00:00.000","Not Critical","3","A","2026-02-02T00:00:00.000","Cycle Inspection / Initial Inspection"
"50165377","TEA SCHOLAR","Queens","Coffee/Tea","2026-02-02T00:00:00.000","Critical","11","A","2026-02-02T00:00:00.000","Pre-permit (Operational) / Re-inspection"
"50003214","WILLIAMSBURG PIZZA","Manhattan","Pizza","2026-02-02T00:00:00.000","Critical","13","A","2026-02-02T00:00:00.000","Cycle Inspection / Re-inspection"
"41382158","DUNKIN","Queens","Donuts","2026-02-02T00:00:00.000","Critical","10","A","2026-02-02T00:00:00.000","Cycle Inspection / Initial Inspection"
"50154472","SULLALUNA","Manhattan","Italian","2026-02-02T00:00:00.000","Not Critical","10","A","2026-02-02T00:00:00.000","Cycle Inspection / Initial Inspection"
"50176471","HELLO HALLOUMI","Manhattan","Bakery Products/Desserts","2026-02-02T00:00:00.000","Critical","11","A","2026-02-02T00:00:00.000","Pre-permit (Operational) / Initial Inspection"
"50042621","RAIN II","Manhattan","Thai","2026-02-02T00:00:00.000","Not Critical","2","A","2026-02-02T00:00:00.000","Cycle Inspection / Initial Inspection"
"50077270","NY GO GO FAST FOOD","Queens","Chinese","2026-02-02T00:00:00.000","Not Critical","12","A","2026-02-02T00:00:00.000","Cycle Inspection / Initial Inspection"
"50093662","DOMINO'S","Queens","Pizza","2026-02-02T00:00:00.000","Critical","12","A","2026-02-02T00:00:00.000","Cycle Inspection / Initial Inspection"
"50096572","16 HANDLES","Manhattan","Frozen Desserts","2026-02-02T00:00:00.000","Not Critical","13","A","2026-02-02T00:00:00.000","Cycle Inspection / Initial Inspection"
"40512520","CHELSEA RISTORANTE","Manhattan","Italian","2026-02-02T00:00:00.000","Critical","10","A","2026-02-02T00:00:00.000","Cycle Inspection / Initial Inspection"
"50127241","LITTLE HOUSE RESTORAN","Brooklyn","Southeast Asian","2026-02-02T00:00:00.000","Not Critical","2","A","2026-02-02T00:00:00.000","Cycle Inspection / Re-inspection"
"50167578","FEDORA","Manhattan","New American","2026-02-02T00:00:00.000","Not Critical","8","A","2026-02-02T00:00:00.000","Pre-permit (Operational) / Initial Inspection"
"50176471","HELLO HALLOUMI","Manhattan","Bakery Products/Desserts","2026-02-02T00:00:00.000","Not Critical","11","A","2026-02-02T00:00:00.000","Pre-permit (Operational) / Initial Inspection"
"50145354","NOODLE QUEEN","Brooklyn","Chinese","2026-01-31T00:00:00.000","Critical","10","A","2026-01-31T00:00:00.000","Cycle Inspection / Re-inspection"
"50163634","ISLAND KITCHEN","Staten Island","Chinese","2026-01-31T00:00:00.000","Not Critical","6","A","2026-01-31T00:00:00.000","Pre-permit (Operational) / Re-inspection"
"50163634","ISLAND KITCHEN","Staten Island","Chinese","2026-01-31T00:00:00.000","Not Critical","6","A","2026-01-31T00:00:00.000","Pre-permit (Operational) / Re-inspection"
"50110474","DI FARINA","Brooklyn","Pizza","2026-01-31T00:00:00.000","Critical","13","A","2026-01-31T00:00:00.000","Cycle Inspection / Initial Inspection"
"50086186","SAN PEDRO","Brooklyn","Mexican","2026-01-31T00:00:00.000","Critical","9","A","2026-01-31T00:00:00.000","Cycle Inspection / Initial Inspection"
"50163634","ISLAND KITCHEN","Staten Island","Chinese","2026-01-31T00:00:00.000","Not Critical","6","A","2026-01-31T00:00:00.000","Pre-permit (Operational) / Re-inspection"
"50174263","SANTO TACO","Manhattan","Mexican","2026-01-31T00:00:00.000","Critical","9","A","2026-01-31T00:00:00.000","Pre-permit (Operational) / Initial Inspection"
"50178871","CASITA OF BROOKLYN","Staten Island","Coffee/Tea","2026-01-31T00:00:00.000","Critical","10","A","2026-01-31T00:00:00.000","Pre-permit (Operational) / Initial Inspection"
"50160550","WONDER","Brooklyn","Other","2026-01-31T00:00:00.000","Not Critical","4","A","2026-01-31T00:00:00.000","Pre-permit (Operational) / Initial Inspection"
"50167352","SOGONGDONG TOFU & BBQ","Queens","Korean","2026-01-31T00:00:00.000","Critical","13","A","2026-01-31T00:00:00.000","Pre-permit (Operational) / Re-inspection"
"50070408","KOO KOO CHICKEN","Brooklyn","Asian/Asian Fusion","2026-01-31T00:00:00.000","Critical","7","A","2026-01-31T00:00:00.000","Cycle Inspection / Initial Inspection"
"50167352","SOGONGDONG TOFU & BBQ","Queens","Korean","2026-01-31T00:00:00.000","Not Critical","13","A","2026-01-31T00:00:00.000","Pre-permit (Operational) / Re-inspection"
"50086186","SAN PEDRO","Brooklyn","Mexican","2026-01-31T00:00:00.000","Not Critical","9","A","2026-01-31T00:00:00.000","Cycle Inspection / Initial Inspection"
"50167352","SOGONGDONG TOFU & BBQ","Queens","Korean","2026-01-31T00:00:00.000","Not Critical","13","A","2026-01-31T00:00:00.000","Pre-permit (Operational) / Re-inspection"
"50163634","ISLAND KITCHEN","Staten Island","Chinese","2026-01-31T00:00:00.000","Not Critical","6","A","2026-01-31T00:00:00.000","Pre-permit (Operational) / Re-inspection"
"50163931","MAZZY'S HALAL SPOT","Brooklyn","Middle Eastern","2026-01-31T00:00:00.000","Critical","10","A","2026-01-31T00:00:00.000","Pre-permit (Operational) / Initial Inspection"
"50070408","KOO KOO CHICKEN","Brooklyn","Asian/Asian Fusion","2026-01-31T00:00:00.000","Not Critical","7","A","2026-01-31T00:00:00.000","Cycle Inspection / Initial Inspection"
"50167352","SOGONGDONG TOFU & BBQ","Queens","Korean","2026-01-31T00:00:00.000","Not Critical","13","A","2026-01-31T00:00:00.000","Pre-permit (Operational) / Re-inspection"
"50079425","WHITE MAIZE","Brooklyn","Latin American","2026-01-31T00:00:00.000","Critical","10","A","2026-01-31T00:00:00.000","Cycle Inspection / Initial Inspection"
"50145354","NOODLE QUEEN","Brooklyn","Chinese","2026-01-31T00:00:00.000","Critical","10","A","2026-01-31T00:00:00.000","Cycle Inspection / Re-inspection"
"50178871","CASITA OF BROOKLYN","Staten Island","Coffee/Tea","2026-01-31T00:00:00.000","Critical","10","A","2026-01-31T00:00:00.000","Pre-permit (Operational) / Initial Inspection"
"50163931","MAZZY'S HALAL SPOT","Brooklyn","Middle Eastern","2026-01-31T00:00:00.000","Not Critical","10","A","2026-01-31T00:00:00.000","Pre-permit (Operational) / Initial Inspection"
"50079425","WHITE MAIZE","Brooklyn","Latin American","2026-01-31T00:00:00.000","Critical","10","A","2026-01-31T00:00:00.000","Cycle Inspection / Initial Inspection"
"50177834","RAMEN BY RA","Manhattan","Asian/Asian Fusion","2026-01-31T00:00:00.000","Not Critical","2","A","2026-01-31T00:00:00.000","Pre-permit (Operational) / Initial Inspection"
"50110474","DI FARINA","Brooklyn","Pizza","2026-01-31T00:00:00.000","Critical","13","A","2026-01-31T00:00:00.000","Cycle Inspection / Initial Inspection"
"50160550","WONDER","Brooklyn","Other","2026-01-31T00:00:00.000","Not Critical","4","A","2026-01-31T00:00:00.000","Pre-permit (Operational) / Initial Inspection"
"41585425","LUCKY GARDEN","Brooklyn","Chinese","2026-01-30T00:00:00.000","Not Critical","11","A","2026-01-30T00:00:00.000","Cycle Inspection / Re-inspection"
"50171224","HIP WO","Staten Island","Chinese","2026-01-30T00:00:00.000","Critical","13","A","2026-01-30T00:00:00.000","Pre-permit (Operational) / Initial Inspection"
"50166828","1 HOTEL CENTRAL PARK","Manhattan","American","2026-01-30T00:00:00.000","Critical","10","A","2026-01-30T00:00:00.000","Pre-permit (Operational) / Initial Inspection"
"50177988","FARMERS JERK CENTER","Brooklyn","Caribbean","2026-01-30T00:00:00.000","Not Critical","12","A","2026-01-30T00:00:00.000","Pre-permit (Operational) / Re-inspection"
"50113679","TOWNEPLACE SUITES BY MARRIOTT","Brooklyn","American","2026-01-30T00:00:00.000","Critical","6","A","2026-01-30T00:00:00.000","Cycle Inspection / Initial Inspection"
"50143525","ONE STOP ROTI SHOP AND BAKERY","Queens","Caribbean","2026-01-30T00:00:00.000","Critical","7","A","2026-01-30T00:00:00.000","Cycle Inspection / Initial Inspection"
"50177988","FARMERS JERK CENTER","Brooklyn","Caribbean","2026-01-30T00:00:00.000","Not Critical","12","A","2026-01-30T00:00:00.000","Pre-permit (Operational) / Re-inspection"
"50002588","SUBWAY","Queens","Sandwiches","2026-01-30T00:00:00.000","Not Critical","7","A","2026-01-30T00:00:00.000","Cycle Inspection / Re-inspection"
"41551165","SUNRISE MART","Manhattan","Asian/Asian Fusion","2026-01-30T00:00:00.000","Critical","13","A","2026-01-30T00:00:00.000","Cycle Inspection / Initial Inspection"
"40385873","RAY'S PIZZA","Manhattan","Pizza","2026-01-30T00:00:00.000","Critical","12","A","2026-01-30T00:00:00.000","Cycle Inspection / Re-inspection"
"50121787","MISSION SANDWICH SOCIAL","Brooklyn","Sandwiches/Salads/Mixed Buffet","2026-01-30T00:00:00.000","Critical","5","A","2026-01-30T00:00:00.000","Cycle Inspection / Initial Inspection"
"41089834","MURRAY HILL DINER","Manhattan","American","2026-01-30T00:00:00.000","Not Critical","13","A","2026-01-30T00:00:00.000","Cycle Inspection / Re-inspection"
"50120958","DOMINOS","Staten Island","Pizza","2026-01-30T00:00:00.000","Critical","12","A","2026-01-30T00:00:00.000","Cycle Inspection / Initial Inspection"
"50066881","REMI FLOWER & COFFEE","Manhattan","Coffee/Tea","2026-01-30T00:00:00.000","Not Critical","12","A","2026-01-30T00:00:00.000","Cycle Inspection / Initial Inspection"
"50155764","ENOTECA","Manhattan","Spanish","2026-01-30T00:00:00.000","Critical","11","A","2026-01-30T00:00:00.000","Pre-permit (Operational) / Initial Inspection"
"50065723","PANTRY MARKET EATERY","Queens","Sandwiches/Salads/Mixed Buffet","2026-01-30T00:00:00.000","Critical","13","A","2026-01-30T00:00:00.000","Cycle Inspection / Re-inspection"
"50065723","PANTRY MARKET EATERY","Queens","Sandwiches/Salads/Mixed Buffet","2026-01-30T00:00:00.000","Not Critical","13","A","2026-01-30T00:00:00.000","Cycle Inspection / Re-inspection"
"50108701","GRAND CANYON BISTRO","Brooklyn","American","2026-01-30T00:00:00.000","Critical","10","A","2026-01-30T00:00:00.000","Cycle Inspection / Re-inspection"
"41516545","CENTRO DE BIENESTAR DAYSI","Queens","Juice, Smoothies, Fruit Salads","2026-01-30T00:00:00.000","Not Critical","12","A","2026-01-30T00:00:00.000","Cycle Inspection / Re-inspection"
"50143525","ONE STOP ROTI SHOP AND BAKERY","Queens","Caribbean","2026-01-30T00:00:00.000","Not Critical","7","A","2026-01-30T00:00:00.000","Cycle Inspection / Initial Inspection"
"41610874","DUNKIN","Bronx","Donuts","2026-01-30T00:00:00.000","Critical","10","A","2026-01-30T00:00:00.000","Cycle Inspection / Initial Inspection"
"50103408","ASTORIA COFFEE SHOP","Queens","Coffee/Tea","2026-01-30T00:00:00.000","Not Critical","11","A","2026-01-30T00:00:00.000","Cycle Inspection / Re-inspection"
"50120958","DOMINOS","Staten Island","Pizza","2026-01-30T00:00:00.000","Not Critical","12","A","2026-01-30T00:00:00.000","Cycle Inspection / Initial Inspection"
"50095535","LA SALLE BAKERY","Bronx","Bakery Products/Desserts","2026-01-30T00:00:00.000","Critical","11","A","2026-01-30T00:00:00.000","Cycle Inspection / Re-inspection"
"50177601","OVER THE MOON","Queens","Coffee/Tea","2026-01-30T00:00:00.000","Critical","8","A","2026-01-30T00:00:00.000","Pre-permit (Operational) / Re-inspection"
"41089834","MURRAY HILL DINER","Manhattan","American","2026-01-30T00:00:00.000","Not Critical","13","A","2026-01-30T00:00:00.000","Cycle Inspection / Re-inspection"
"50002588","SUBWAY","Queens","Sandwiches","2026-01-30T00:00:00.000","Critical","7","A","2026-01-30T00:00:00.000","Cycle Inspection / Re-inspection"
"40401742","MCDONALD'S","Queens","Hamburgers","2026-01-30T00:00:00.000","Critical","10","A","2026-01-30T00:00:00.000","Cycle Inspection / Initial Inspection"
"50151912","HAPPI CONE ICE CREAM AND CAFE","Bronx","Caribbean","2026-01-30T00:00:00.000","Critical","11","A","2026-01-30T00:00:00.000","Cycle Inspection / Initial Inspection"
"40687209","VIA QUADRONNO","Manhattan","Italian","2026-01-30T00:00:00.000","Not Critical","11","A","2026-01-30T00:00:00.000","Cycle Inspection / Re-inspection"
"50105157","GOLD STAR BEER COUNTER","Brooklyn","Bottled Beverages","2026-01-30T00:00:00.000","Not Critical","13","A","2026-01-30T00:00:00.000","Cycle Inspection / Re-inspection"
"50177988","FARMERS JERK CENTER","Brooklyn","Caribbean","2026-01-30T00:00:00.000","Critical","12","A","2026-01-30T00:00:00.000","Pre-permit (Operational) / Re-inspection"
"40367749","LENNY'S CLAM BAR","Queens","Seafood","2026-01-30T00:00:00.000","Not Critical","13","A","2026-01-30T00:00:00.000","Cycle Inspection / Initial Inspection"
"41610874","DUNKIN","Bronx","Donuts","2026-01-30T00:00:00.000","Not Critical","10","A","2026-01-30T00:00:00.000","Cycle Inspection / Initial Inspection"
"50095535","LA SALLE BAKERY","Bronx","Bakery Products/Desserts","2026-01-30T00:00:00.000","Not Critical","11","A","2026-01-30T00:00:00.000","Cycle Inspection / Re-inspection"
"41585425","LUCKY GARDEN","Brooklyn","Chinese","2026-01-30T00:00:00.000","Not Critical","11","A","2026-01-30T00:00:00.000","Cycle Inspection / Re-inspection"
"40401742","MCDONALD'S","Queens","Hamburgers","2026-01-30T00:00:00.000","Critical","10","A","2026-01-30T00:00:00.000","Cycle Inspection / Initial Inspection"
"41089834","MURRAY HILL DINER","Manhattan","American","2026-01-30T00:00:00.000","Critical","13","A","2026-01-30T00:00:00.000","Cycle Inspection / Re-inspection"
"50155764","ENOTECA","Manhattan","Spanish","2026-01-30T00:00:00.000","Not Critical","11","A","2026-01-30T00:00:00.000","Pre-permit (Operational) / Initial Inspection"
"50120958","DOMINOS","Staten Island","Pizza","2026-01-30T00:00:00.000","Not Critical","12","A","2026-01-30T00:00:00.000","Cycle Inspection / Initial Inspection"
"50130537","DUNKIN","Staten Island","Coffee/Tea","2026-01-30T00:00:00.000","Critical","12","A","2026-01-30T00:00:00.000","Cycle Inspection / Re-inspection"
"41551165","SUNRISE MART","Manhattan","Asian/Asian Fusion","2026-01-30T00:00:00.000","Not Critical","13","A","2026-01-30T00:00:00.000","Cycle Inspection / Initial Inspection"
"50004792","J'S WONG","Brooklyn","Chinese","2026-01-30T00:00:00.000","Not Critical","4","A","2026-01-30T00:00:00.000","Cycle Inspection / Initial Inspection"
"50066881","REMI FLOWER & COFFEE","Manhattan","Coffee/Tea","2026-01-30T00:00:00.000","Critical","12","A","2026-01-30T00:00:00.000","Cycle Inspection / Initial Inspection"
"50151912","HAPPI CONE ICE CREAM AND CAFE","Bronx","Caribbean","2026-01-30T00:00:00.000","Not Critical","11","A","2026-01-30T00:00:00.000","Cycle Inspection / Initial Inspection"
"41236382","DUNKIN","Brooklyn","Donuts","2026-01-30T00:00:00.000","Not Critical","5","A","2026-01-30T00:00:00.000","Cycle Inspection / Re-inspection"
"50151912","HAPPI CONE ICE CREAM AND CAFE","Bronx","Caribbean","2026-01-30T00:00:00.000","Not Critical","11","A","2026-01-30T00:00:00.000","Cycle Inspection / Initial Inspection"
"50105157","GOLD STAR BEER COUNTER","Brooklyn","Bottled Beverages","2026-01-30T00:00:00.000","Critical","13","A","2026-01-30T00:00:00.000","Cycle Inspection / Re-inspection"
"50004792","J'S WONG","Brooklyn","Chinese","2026-01-30T00:00:00.000","Not Critical","4","A","2026-01-30T00:00:00.000","Cycle Inspection / Initial Inspection"
"50172467","RINCONCITO CHAPIN 2","Brooklyn","Latin American","2026-01-30T00:00:00.000","Not Critical","12","A","2026-01-30T00:00:00.000","Pre-permit (Operational) / Re-inspection"
"41551165","SUNRISE MART","Manhattan","Asian/Asian Fusion","2026-01-30T00:00:00.000","Not Critical","13","A","2026-01-30T00:00:00.000","Cycle Inspection / Initial Inspection"
"50016745","PAPA JOHN'S","Queens","Pizza","2026-01-30T00:00:00.000","Not Critical","2","A","2026-01-30T00:00:00.000","Cycle Inspection / Initial Inspection"
"40367749","LENNY'S CLAM BAR","Queens","Seafood","2026-01-30T00:00:00.000","Not Critical","13","A","2026-01-30T00:00:00.000","Cycle Inspection / Initial Inspection"
"50034061","DI DI RESTAURANT","Brooklyn","Chinese","2026-01-30T00:00:00.000","Not Critical","7","A","2026-01-30T00:00:00.000","Cycle Inspection / Initial Inspection"
"41066841","BXL CAFE","Manhattan","French","2026-01-30T00:00:00.000","Critical","9","A","2026-01-30T00:00:00.000","Cycle Inspection / Initial Inspection"
"41066841","BXL CAFE","Manhattan","French","2026-01-30T00:00:00.000","Not Critical","9","A","2026-01-30T00:00:00.000","Cycle Inspection / Initial Inspection"
"41620293","POPEYES","Brooklyn","Chicken","2026-01-30T00:00:00.000","Not Critical","9","A","2026-01-30T00:00:00.000","Cycle Inspection / Initial Inspection"
"50108701","GRAND CANYON BISTRO","Brooklyn","American","2026-01-30T00:00:00.000","Not Critical","10","A","2026-01-30T00:00:00.000","Cycle Inspection / Re-inspection"
"50172467","RINCONCITO CHAPIN 2","Brooklyn","Latin American","2026-01-30T00:00:00.000","Critical","12","A","2026-01-30T00:00:00.000","Pre-permit (Operational) / Re-inspection"
"50095535","LA SALLE BAKERY","Bronx","Bakery Products/Desserts","2026-01-30T00:00:00.000","Not Critical","11","A","2026-01-30T00:00:00.000","Cycle Inspection / Re-inspection"
"41551165","SUNRISE MART","Manhattan","Asian/Asian Fusion","2026-01-30T00:00:00.000","Not Critical","13","A","2026-01-30T00:00:00.000","Cycle Inspection / Initial Inspection"
"50103408","ASTORIA COFFEE SHOP","Queens","Coffee/Tea","2026-01-30T00:00:00.000","Not Critical","11","A","2026-01-30T00:00:00.000","Cycle Inspection / Re-inspection"
"50045593","TAUROS BAR AND RESTAURANT","Queens","Latin American","2026-01-30T00:00:00.000","Not Critical","12","A","2026-01-30T00:00:00.000","Cycle Inspection / Initial Inspection"
"50155764","ENOTECA","Manhattan","Spanish","2026-01-30T00:00:00.000","Not Critical","11","A","2026-01-30T00:00:00.000","Pre-permit (Operational) / Initial Inspection"
"41620293","POPEYES","Brooklyn","Chicken","2026-01-30T00:00:00.000","Not Critical","9","A","2026-01-30T00:00:00.000","Cycle Inspection / Initial Inspection"
"41236382","DUNKIN","Brooklyn","Donuts","2026-01-30T00:00:00.000","Not Critical","5","A","2026-01-30T00:00:00.000","Cycle Inspection / Re-inspection"
"50171224","HIP WO","Staten Island","Chinese","2026-01-30T00:00:00.000","Critical","13","A","2026-01-30T00:00:00.000","Pre-permit (Operational) / Initial Inspection"
"50066881","REMI FLOWER & COFFEE","Manhattan","Coffee/Tea","2026-01-30T00:00:00.000","Critical","12","A","2026-01-30T00:00:00.000","Cycle Inspection / Initial Inspection"
"41516545","CENTRO DE BIENESTAR DAYSI","Queens","Juice, Smoothies, Fruit Salads","2026-01-30T00:00:00.000","Critical","12","A","2026-01-30T00:00:00.000","Cycle Inspection / Re-inspection"
"50130537","DUNKIN","Staten Island","Coffee/Tea","2026-01-30T00:00:00.000","Not Critical","12","A","2026-01-30T00:00:00.000","Cycle Inspection / Re-inspection"
"40687209","VIA QUADRONNO","Manhattan","Italian","2026-01-30T00:00:00.000","Critical","11","A","2026-01-30T00:00:00.000","Cycle Inspection / Re-inspection"
"40385873","RAY'S PIZZA","Manhattan","Pizza","2026-01-30T00:00:00.000","Not Critical","12","A","2026-01-30T00:00:00.000","Cycle Inspection / Re-inspection"
"41585425","LUCKY GARDEN","Brooklyn","Chinese","2026-01-30T00:00:00.000","Critical","11","A","2026-01-30T00:00:00.000","Cycle Inspection / Re-inspection"
"41280375","PANERA BREAD","Queens","American","2026-01-30T00:00:00.000","Not Critical","3","A","2026-01-30T00:00:00.000","Cycle Inspection / Re-inspection"
"50130537","DUNKIN","Staten Island","Coffee/Tea","2026-01-30T00:00:00.000","Not Critical","12","A","2026-01-30T00:00:00.000","Cycle Inspection / Re-inspection"
"40367749","LENNY'S CLAM BAR","Queens","Seafood","2026-01-30T00:00:00.000","Not Critical","13","A","2026-01-30T00:00:00.000","Cycle Inspection / Initial Inspection"
"50045593","TAUROS BAR AND RESTAURANT","Queens","Latin American","2026-01-30T00:00:00.000","Critical","12","A","2026-01-30T00:00:00.000","Cycle Inspection / Initial Inspection"
"50034061","DI DI RESTAURANT","Brooklyn","Chinese","2026-01-30T00:00:00.000","Critical","7","A","2026-01-30T00:00:00.000","Cycle Inspection / Initial Inspection"
"41066841","BXL CAFE","Manhattan","French","2026-01-30T00:00:00.000","Not Critical","9","A","2026-01-30T00:00:00.000","Cycle Inspection / Initial Inspection"
"40367749","LENNY'S CLAM BAR","Queens","Seafood","2026-01-30T00:00:00.000","Critical","13","A","2026-01-30T00:00:00.000","Cycle Inspection / Initial Inspection"
"41620293","POPEYES","Brooklyn","Chicken","2026-01-30T00:00:00.000","Critical","9","A","2026-01-30T00:00:00.000","Cycle Inspection / Initial Inspection"
"50103408","ASTORIA COFFEE SHOP","Queens","Coffee/Tea","2026-01-30T00:00:00.000","Critical","11","A","2026-01-30T00:00:00.000","Cycle Inspection / Re-inspection"
"50045593","TAUROS BAR AND RESTAURANT","Queens","Latin American","2026-01-30T00:00:00.000","Critical","12","A","2026-01-30T00:00:00.000","Cycle Inspection / Initial Inspection"
"50155764","ENOTECA","Manhattan","Spanish","2026-01-30T00:00:00.000","Not Critical","11","A","2026-01-30T00:00:00.000","Pre-permit (Operational) / Initial Inspection"
"41610874","DUNKIN","Bronx","Donuts","2026-01-30T00:00:00.000","Not Critical","10","A","2026-01-30T00:00:00.000","Cycle Inspection / Initial Inspection"
"40687209","VIA QUADRONNO","Manhattan","Italian","2026-01-30T00:00:00.000","Critical","11","A","2026-01-30T00:00:00.000","Cycle Inspection / Re-inspection"
"50045051","DUNKIN', 'BASKIN ROBBINS","Bronx","American","2026-01-30T00:00:00.000","Critical","5","A","2026-01-30T00:00:00.000","Cycle Inspection / Re-inspection"
"50177601","OVER THE MOON","Queens","Coffee/Tea","2026-01-30T00:00:00.000","Not Critical","8","A","2026-01-30T00:00:00.000","Pre-permit (Operational) / Re-inspection"
"50107955","BURGER KING","Queens","American","2026-01-28T00:00:00.000","Not Critical","4","A","2026-01-28T00:00:00.000","Cycle Inspection / Initial Inspection"
"50102634","MR. ZENG KITCHEN","Queens","Chinese","2026-01-28T00:00:00.000","Not Critical","12","A","2026-01-28T00:00:00.000","Cycle Inspection / Initial Inspection"
"50006285","DUNKIN'","Manhattan","Donuts","2026-01-28T00:00:00.000","Not Critical","7","A","2026-01-28T00:00:00.000","Cycle Inspection / Initial Inspection"
"50167734","BA'AL CAFE & FALAFEL","Manhattan","Middle Eastern","2026-01-28T00:00:00.000","Critical","9","A","2026-01-28T00:00:00.000","Pre-permit (Operational) / Initial Inspection"
"50087279","KENNEDY FRIED CHICKEN & SALAD BAR","Bronx","Chicken","2026-01-28T00:00:00.000","Not Critical","13","A","2026-01-28T00:00:00.000","Cycle Inspection / Initial Inspection"
"41490544","BAR PITTI","Manhattan","Italian","2026-01-28T00:00:00.000","Not Critical","12","A","2026-01-28T00:00:00.000","Cycle Inspection / Initial Inspection"
"50167734","BA'AL CAFE & FALAFEL","Manhattan","Middle Eastern","2026-01-28T00:00:00.000","Not Critical","9","A","2026-01-28T00:00:00.000","Pre-permit (Operational) / Initial Inspection"
"50148538","MARINE PARK COFFEE","Brooklyn","Coffee/Tea","2026-01-28T00:00:00.000","Not Critical","3","A","2026-01-28T00:00:00.000","Cycle Inspection / Re-inspection"
"50116295","GREYSTONE COFFEE","Bronx","Coffee/Tea","2026-01-28T00:00:00.000","Critical","12","A","2026-01-28T00:00:00.000","Cycle Inspection / Re-inspection"
"50069570","LA GOULUE","Manhattan","French","2026-01-28T00:00:00.000","Critical","9","A","2026-01-28T00:00:00.000","Cycle Inspection / Initial Inspection"
"50107301","KORN'S BAKERY","Brooklyn","Bakery Products/Desserts","2026-01-28T00:00:00.000","Critical","10","A","2026-01-28T00:00:00.000","Cycle Inspection / Re-inspection"
"50174482","FOO ON RESTAURANT","Queens","Chinese","2026-01-28T00:00:00.000","Critical","13","A","2026-01-28T00:00:00.000","Cycle Inspection / Initial Inspection"
"40936363","P. J. LEAHY'S","Queens","Irish","2026-01-28T00:00:00.000","Not Critical","4","A","2026-01-28T00:00:00.000","Cycle Inspection / Initial Inspection"
"50096573","SERGIO'S PIZZA","Brooklyn","Pizza","2026-01-28T00:00:00.000","Critical","10","A","2026-01-28T00:00:00.000","Cycle Inspection / Initial Inspection"
"50148773","YOI SUSHI & RAMEN","Queens","Japanese","2026-01-28T00:00:00.000","Critical","13","A","2026-01-28T00:00:00.000","Cycle Inspection / Initial Inspection"
"50140802","SUSHI COUNTER LIMITED","Manhattan","Japanese","2026-01-28T00:00:00.000","Not Critical","11","A","2026-01-28T00:00:00.000","Cycle Inspection / Initial Inspection"
"50137537","GO NOODLE","Manhattan","Chinese","2026-01-28T00:00:00.000","Not Critical","13","A","2026-01-28T00:00:00.000","Cycle Inspection / Initial Inspection"
"50140802","SUSHI COUNTER LIMITED","Manhattan","Japanese","2026-01-28T00:00:00.000","Critical","11","A","2026-01-28T00:00:00.000","Cycle Inspection / Initial Inspection"
"50115888","PIZZA HUT","Brooklyn","Pizza","2026-01-28T00:00:00.000","Not Critical","13","A","2026-01-28T00:00:00.000","Cycle Inspection / Initial Inspection"
"50131957","NISI ESTIATORIO","Queens","Greek","2026-01-28T00:00:00.000","Not Critical","12","A","2026-01-28T00:00:00.000","Cycle Inspection / Initial Inspection"
